invoice_id,customer_id,plan,amount,currency,payment_status,payment_method,due_date,paid_date,refund_status
INV-000001,CUST-00001,Starter,226.47,USD,Paid,Credit Card,2025-08-28,2025-08-29,Not Requested
INV-000002,CUST-00001,Starter,226.47,USD,Paid,Credit Card,2025-09-27,2025-09-27,Not Requested
INV-000003,CUST-00001,Starter,226.47,USD,Paid,Credit Card,2025-10-27,2025-10-28,Not Requested
INV-000004,CUST-00001,Starter,226.47,USD,Paid,Credit Card,2025-11-26,2025-11-30,Not Requested
INV-000005,CUST-00001,Starter,226.47,USD,Paid,Credit Card,2025-12-26,2025-12-26,Not Requested
INV-000006,CUST-00001,Starter,226.47,USD,Paid,Credit Card,2026-01-25,2026-01-26,Not Requested
INV-000007,CUST-00001,Starter,226.47,USD,Paid,Credit Card,2026-02-24,2026-02-26,Not Requested
INV-000008,CUST-00001,Starter,226.47,USD,Paid,Credit Card,2026-03-26,2026-03-27,Not Requested
INV-000009,CUST-00001,Starter,226.47,USD,Paid,PayPal,2026-04-25,2026-04-27,Not Requested
INV-000010,CUST-00001,Starter,226.47,USD,Paid,Credit Card,2026-05-25,2026-05-30,Not Requested
INV-000011,CUST-00001,Starter,226.47,USD,Paid,Credit Card,2026-06-24,2026-06-25,Not Requested
INV-000012,CUST-00001,Starter,226.47,USD,Paid,Credit Card,2026-07-24,2026-07-24,Not Requested
INV-000013,CUST-00002,Starter,4403.62,USD,Paid,Credit Card,2025-08-28,2025-08-29,Not Requested
INV-000014,CUST-00004,Professional,28408.16,GBP,Paid,Credit Card,2025-08-28,2025-09-01,Not Requested
INV-000015,CUST-00005,Professional,120991.62,USD,Paid,Credit Card,2025-08-28,2025-08-30,Not Requested
INV-000016,CUST-00006,Professional,67542.27,USD,Paid,Credit Card,2025-08-28,2025-09-03,Not Requested
INV-000017,CUST-00007,Professional,9789.43,USD,Paid,Credit Card,2025-08-28,2025-09-01,Not Requested
INV-000018,CUST-00007,Professional,9789.43,USD,Paid,Credit Card,2025-09-27,2025-09-28,Not Requested
INV-000019,CUST-00007,Professional,9789.43,USD,Paid,Credit Card,2025-10-27,2025-10-27,Not Requested
INV-000020,CUST-00007,Professional,9789.43,USD,Paid,Credit Card,2025-11-26,2025-11-27,Not Requested
INV-000021,CUST-00007,Professional,9789.43,USD,Paid,Credit Card,2025-12-26,2025-12-28,Not Requested
INV-000022,CUST-00007,Professional,9789.43,USD,Paid,Credit Card,2026-01-25,2026-01-27,Not Requested
INV-000023,CUST-00007,Professional,9789.43,USD,Paid,ACH Bank Transfer,2026-02-24,2026-02-25,Not Requested
INV-000024,CUST-00007,Professional,9789.43,USD,Paid,ACH Bank Transfer,2026-03-26,2026-03-26,Not Requested
INV-000025,CUST-00007,Professional,9789.43,USD,Paid,Credit Card,2026-04-25,2026-04-26,Not Requested
INV-000026,CUST-00007,Professional,9789.43,USD,Paid,Credit Card,2026-05-25,2026-05-30,Not Requested
INV-000027,CUST-00007,Professional,9789.43,USD,Paid,Credit Card,2026-06-24,2026-06-25,Not Requested
INV-000028,CUST-00007,Professional,9789.43,USD,Paid,ACH Bank Transfer,2026-07-24,2026-07-26,Not Requested
INV-000029,CUST-00008,Professional,25780.1,USD,Paid,ACH Bank Transfer,2025-08-28,2025-08-28,Not Requested
INV-000030,CUST-00009,Starter,283.9,USD,Paid,Credit Card,2025-08-28,2025-08-29,Not Requested
INV-000031,CUST-00009,Starter,283.9,USD,Refunded,Credit Card,2025-09-27,2025-10-03,Approved - Refunded
INV-000032,CUST-00009,Starter,283.9,USD,Paid,Credit Card,2025-10-27,2025-10-27,Not Requested
INV-000033,CUST-00009,Starter,283.9,USD,Paid,Credit Card,2025-11-26,2025-12-02,Not Requested
INV-000034,CUST-00009,Starter,283.9,USD,Paid,Credit Card,2025-12-26,2025-12-27,Not Requested
INV-000035,CUST-00009,Starter,283.9,USD,Pending,Credit Card,2026-01-25,,Not Requested
INV-000036,CUST-00009,Starter,283.9,USD,Paid,Credit Card,2026-02-24,2026-03-03,Not Requested
INV-000037,CUST-00009,Starter,283.9,USD,Paid,Credit Card,2026-03-26,2026-03-29,Not Requested
INV-000038,CUST-00009,Starter,283.9,USD,Failed,Credit Card,2026-04-25,,Requested
INV-000039,CUST-00009,Starter,283.9,USD,Paid,PayPal,2026-05-25,2026-05-30,Not Requested
INV-000040,CUST-00009,Starter,283.9,USD,Paid,Credit Card,2026-06-24,2026-06-28,Not Requested
INV-000041,CUST-00009,Starter,283.9,USD,Paid,Credit Card,2026-07-24,2026-07-26,Not Requested
INV-000042,CUST-00010,Professional,88440.91,USD,Failed,Credit Card,2025-10-27,,Not Requested
INV-000043,CUST-00011,Starter,113.19,USD,Paid,Credit Card,2025-08-28,2025-08-30,Not Requested
INV-000044,CUST-00011,Starter,113.19,USD,Paid,Credit Card,2025-09-27,2025-09-29,Not Requested
INV-000045,CUST-00011,Starter,113.19,USD,Paid,Credit Card,2025-10-27,2025-11-02,Not Requested
INV-000046,CUST-00011,Starter,113.19,USD,Paid,PayPal,2025-11-26,2025-11-29,Not Requested
INV-000047,CUST-00011,Starter,113.19,USD,Paid,Credit Card,2025-12-26,2025-12-29,Not Requested
INV-000048,CUST-00011,Starter,113.19,USD,Paid,ACH Bank Transfer,2026-01-25,2026-01-26,Not Requested
INV-000049,CUST-00011,Starter,113.19,USD,Paid,Credit Card,2026-02-24,2026-02-26,Not Requested
INV-000050,CUST-00011,Starter,113.19,USD,Paid,Credit Card,2026-03-26,2026-04-01,Not Requested
INV-000051,CUST-00011,Starter,113.19,USD,Paid,Credit Card,2026-04-25,2026-04-26,Not Requested
INV-000052,CUST-00011,Starter,113.19,USD,Paid,Credit Card,2026-05-25,2026-05-27,Not Requested
INV-000053,CUST-00011,Starter,113.19,USD,Paid,Credit Card,2026-06-24,2026-06-25,Not Requested
INV-000054,CUST-00011,Starter,113.19,USD,Paid,Credit Card,2026-07-24,2026-07-26,Not Requested
INV-000055,CUST-00012,Starter,332.87,GBP,Paid,Credit Card,2025-10-06,2025-10-10,Not Requested
INV-000056,CUST-00012,Starter,332.87,GBP,Paid,ACH Bank Transfer,2025-11-05,2025-11-06,Not Requested
INV-000057,CUST-00012,Starter,332.87,GBP,Paid,PayPal,2025-12-05,2025-12-14,Not Requested
INV-000058,CUST-00012,Starter,332.87,GBP,Paid,Credit Card,2026-01-04,2026-01-09,Not Requested
INV-000059,CUST-00012,Starter,332.87,GBP,Paid,Credit Card,2026-02-03,2026-02-09,Not Requested
INV-000060,CUST-00013,Starter,131.08,USD,Paid,Credit Card,2025-08-28,2025-08-31,Not Requested
INV-000061,CUST-00013,Starter,131.08,USD,Paid,Credit Card,2025-09-27,2025-10-01,Not Requested
INV-000062,CUST-00013,Starter,131.08,USD,Paid,Credit Card,2025-10-27,2025-10-28,Not Requested
INV-000063,CUST-00013,Starter,131.08,USD,Paid,Credit Card,2025-11-26,2025-12-01,Not Requested
INV-000064,CUST-00013,Starter,131.08,USD,Failed,Credit Card,2025-12-26,,Not Requested
INV-000065,CUST-00013,Starter,131.08,USD,Paid,PayPal,2026-01-25,2026-01-27,Not Requested
INV-000066,CUST-00013,Starter,131.08,USD,Paid,Credit Card,2026-02-24,2026-02-28,Not Requested
INV-000067,CUST-00013,Starter,131.08,USD,Paid,Credit Card,2026-03-26,2026-03-26,Not Requested
INV-000068,CUST-00013,Starter,131.08,USD,Paid,Credit Card,2026-04-25,2026-05-04,Not Requested
INV-000069,CUST-00013,Starter,131.08,USD,Paid,Credit Card,2026-05-25,2026-05-29,Not Requested
INV-000070,CUST-00013,Starter,131.08,USD,Paid,Credit Card,2026-06-24,2026-06-26,Not Requested
INV-000071,CUST-00013,Starter,131.08,USD,Failed,Credit Card,2026-07-24,,Not Requested
INV-000072,CUST-00014,Professional,5613.08,USD,Paid,Credit Card,2025-08-28,2025-08-29,Not Requested
INV-000073,CUST-00014,Professional,5613.08,USD,Paid,Credit Card,2025-09-27,2025-09-28,Not Requested
INV-000074,CUST-00014,Professional,5613.08,USD,Paid,Credit Card,2025-10-27,2025-10-28,Not Requested
INV-000075,CUST-00014,Professional,5613.08,USD,Paid,Credit Card,2025-11-26,2025-11-28,Not Requested
INV-000076,CUST-00014,Professional,5613.08,USD,Paid,Credit Card,2025-12-26,2025-12-26,Not Requested
INV-000077,CUST-00014,Professional,5613.08,USD,Failed,ACH Bank Transfer,2026-01-25,,Not Requested
INV-000078,CUST-00014,Professional,5613.08,USD,Paid,Credit Card,2026-02-24,2026-02-26,Not Requested
INV-000079,CUST-00014,Professional,5613.08,USD,Paid,Credit Card,2026-03-26,2026-03-28,Not Requested
INV-000080,CUST-00014,Professional,5613.08,USD,Paid,Credit Card,2026-04-25,2026-04-25,Not Requested
INV-000081,CUST-00014,Professional,5613.08,USD,Paid,Credit Card,2026-05-25,2026-05-30,Not Requested
INV-000082,CUST-00014,Professional,5613.08,USD,Paid,ACH Bank Transfer,2026-06-24,2026-06-24,Not Requested
INV-000083,CUST-00014,Professional,5613.08,USD,Paid,Credit Card,2026-07-24,2026-07-24,Not Requested
INV-000084,CUST-00015,Enterprise,2316721.79,USD,Refunded,ACH Bank Transfer,2026-01-28,2026-01-28,Approved - Refunded
INV-000085,CUST-00016,Starter,436.59,USD,Paid,Credit Card,2025-08-28,2025-08-30,Not Requested
INV-000086,CUST-00016,Starter,436.59,USD,Paid,Credit Card,2025-09-27,2025-09-27,Not Requested
INV-000087,CUST-00016,Starter,436.59,USD,Paid,Credit Card,2025-10-27,2025-10-27,Not Requested
INV-000088,CUST-00016,Starter,436.59,USD,Refunded,Credit Card,2025-11-26,2025-12-03,Approved - Refunded
INV-000089,CUST-00016,Starter,436.59,USD,Paid,Credit Card,2025-12-26,2025-12-30,Not Requested
INV-000090,CUST-00016,Starter,436.59,USD,Paid,Credit Card,2026-01-25,2026-01-28,Not Requested
INV-000091,CUST-00016,Starter,436.59,USD,Paid,PayPal,2026-02-24,2026-02-26,Not Requested
INV-000092,CUST-00016,Starter,436.59,USD,Paid,Credit Card,2026-03-26,2026-03-27,Not Requested
INV-000093,CUST-00016,Starter,436.59,USD,Paid,Credit Card,2026-04-25,2026-04-27,Not Requested
INV-000094,CUST-00016,Starter,436.59,USD,Paid,Credit Card,2026-05-25,2026-05-25,Not Requested
INV-000095,CUST-00016,Starter,436.59,USD,Paid,Credit Card,2026-06-24,2026-06-26,Not Requested
INV-000096,CUST-00016,Starter,436.59,USD,Paid,Credit Card,2026-07-24,2026-07-27,Not Requested
INV-000097,CUST-00017,Starter,608.59,USD,Paid,Credit Card,2025-08-28,2025-09-02,Not Requested
INV-000098,CUST-00017,Starter,608.59,USD,Paid,PayPal,2025-09-27,2025-10-01,Not Requested
INV-000099,CUST-00017,Starter,608.59,USD,Paid,Credit Card,2025-10-27,2025-10-30,Not Requested
INV-000100,CUST-00017,Starter,608.59,USD,Paid,Credit Card,2025-11-26,2025-12-01,Not Requested
INV-000101,CUST-00017,Starter,608.59,USD,Failed,Credit Card,2025-12-26,,Requested
INV-000102,CUST-00017,Starter,608.59,USD,Paid,Credit Card,2026-01-25,2026-01-25,Not Requested
INV-000103,CUST-00017,Starter,608.59,USD,Paid,Credit Card,2026-02-24,2026-02-25,Not Requested
INV-000104,CUST-00017,Starter,608.59,USD,Paid,Credit Card,2026-03-26,2026-03-31,Not Requested
INV-000105,CUST-00017,Starter,608.59,USD,Paid,PayPal,2026-04-25,2026-04-28,Not Requested
INV-000106,CUST-00017,Starter,608.59,USD,Paid,Credit Card,2026-05-25,2026-05-29,Not Requested
INV-000107,CUST-00017,Starter,608.59,USD,Pending,Credit Card,2026-06-24,,Not Requested
INV-000108,CUST-00017,Starter,608.59,USD,Paid,Credit Card,2026-07-24,2026-07-27,Not Requested
INV-000109,CUST-00018,Starter,8315.84,CAD,Paid,Credit Card,2025-08-28,2025-08-29,Not Requested
INV-000110,CUST-00019,Professional,55991.77,USD,Paid,Credit Card,2025-08-28,2025-08-31,Not Requested
INV-000111,CUST-00020,Starter,712.99,USD,Paid,Credit Card,2025-08-28,2025-08-31,Not Requested
INV-000112,CUST-00020,Starter,712.99,USD,Paid,Credit Card,2025-09-27,2025-10-01,Not Requested
INV-000113,CUST-00020,Starter,712.99,USD,Paid,Credit Card,2025-10-27,2025-10-28,Not Requested
INV-000114,CUST-00020,Starter,712.99,USD,Paid,Credit Card,2025-11-26,2025-11-28,Not Requested
INV-000115,CUST-00020,Starter,712.99,USD,Paid,Credit Card,2025-12-26,2025-12-27,Not Requested
INV-000116,CUST-00020,Starter,712.99,USD,Paid,Credit Card,2026-01-25,2026-01-25,Not Requested
INV-000117,CUST-00020,Starter,712.99,USD,Paid,Credit Card,2026-02-24,2026-03-04,Not Requested
INV-000118,CUST-00020,Starter,712.99,USD,Paid,Credit Card,2026-03-26,2026-03-30,Not Requested
INV-000119,CUST-00020,Starter,712.99,USD,Paid,Credit Card,2026-04-25,2026-04-26,Not Requested
INV-000120,CUST-00020,Starter,712.99,USD,Paid,Credit Card,2026-05-25,2026-05-25,Not Requested
INV-000121,CUST-00020,Starter,712.99,USD,Paid,Credit Card,2026-06-24,2026-06-25,Not Requested
INV-000122,CUST-00020,Starter,712.99,USD,Paid,PayPal,2026-07-24,2026-07-24,Not Requested
INV-000123,CUST-00021,Starter,2402.96,USD,Paid,Credit Card,2025-08-28,2025-08-28,Not Requested
INV-000124,CUST-00022,Professional,15300.99,CAD,Paid,Credit Card,2025-08-28,2025-08-30,Not Requested
INV-000125,CUST-00023,Enterprise,1924005.65,USD,Paid,Wire Transfer,2025-08-28,2025-08-31,Not Requested
INV-000126,CUST-00024,Starter,6282.7,USD,Paid,Credit Card,2025-08-28,2025-08-30,Not Requested
INV-000127,CUST-00025,Professional,2155.34,EUR,Paid,ACH Bank Transfer,2025-08-28,2025-08-28,Not Requested
INV-000128,CUST-00025,Professional,2155.34,EUR,Paid,Credit Card,2025-09-27,2025-09-28,Not Requested
INV-000129,CUST-00025,Professional,2155.34,EUR,Paid,Credit Card,2025-10-27,2025-10-31,Not Requested
INV-000130,CUST-00025,Professional,2155.34,EUR,Paid,ACH Bank Transfer,2025-11-26,2025-11-26,Not Requested
INV-000131,CUST-00025,Professional,2155.34,EUR,Paid,Credit Card,2025-12-26,2025-12-28,Not Requested
INV-000132,CUST-00025,Professional,2155.34,EUR,Paid,Credit Card,2026-01-25,2026-01-30,Not Requested
INV-000133,CUST-00025,Professional,2155.34,EUR,Paid,Credit Card,2026-02-24,2026-02-24,Not Requested
INV-000134,CUST-00025,Professional,2155.34,EUR,Paid,Credit Card,2026-03-26,2026-03-27,Not Requested
INV-000135,CUST-00025,Professional,2155.34,EUR,Paid,Credit Card,2026-04-25,2026-04-29,Not Requested
INV-000136,CUST-00025,Professional,2155.34,EUR,Paid,ACH Bank Transfer,2026-05-25,2026-05-28,Not Requested
INV-000137,CUST-00025,Professional,2155.34,EUR,Paid,Credit Card,2026-06-24,2026-06-28,Not Requested
INV-000138,CUST-00025,Professional,2155.34,EUR,Paid,ACH Bank Transfer,2026-07-24,2026-08-01,Not Requested
INV-000139,CUST-00026,Starter,844.58,EUR,Paid,Credit Card,2025-08-28,2025-08-29,Not Requested
INV-000140,CUST-00027,Professional,5067.67,USD,Paid,PayPal,2025-08-28,2025-08-30,Not Requested
INV-000141,CUST-00027,Professional,5067.67,USD,Paid,Credit Card,2025-09-27,2025-09-28,Not Requested
INV-000142,CUST-00027,Professional,5067.67,USD,Failed,Credit Card,2025-10-27,,Requested
INV-000143,CUST-00027,Professional,5067.67,USD,Paid,ACH Bank Transfer,2025-11-26,2025-11-29,Not Requested
INV-000144,CUST-00027,Professional,5067.67,USD,Paid,Credit Card,2025-12-26,2025-12-30,Not Requested
INV-000145,CUST-00027,Professional,5067.67,USD,Paid,Credit Card,2026-01-25,2026-01-27,Not Requested
INV-000146,CUST-00027,Professional,5067.67,USD,Paid,ACH Bank Transfer,2026-02-24,2026-02-24,Not Requested
INV-000147,CUST-00027,Professional,5067.67,USD,Paid,Credit Card,2026-03-26,2026-03-26,Not Requested
INV-000148,CUST-00027,Professional,5067.67,USD,Paid,Credit Card,2026-04-25,2026-04-28,Not Requested
INV-000149,CUST-00027,Professional,5067.67,USD,Paid,ACH Bank Transfer,2026-05-25,2026-05-25,Not Requested
INV-000150,CUST-00027,Professional,5067.67,USD,Paid,Credit Card,2026-06-24,2026-06-25,Not Requested
INV-000151,CUST-00027,Professional,5067.67,USD,Failed,Credit Card,2026-07-24,,Not Requested
INV-000152,CUST-00028,Starter,397.08,USD,Paid,Credit Card,2025-10-26,2025-10-29,Not Requested
INV-000153,CUST-00028,Starter,397.08,USD,Failed,Credit Card,2025-11-25,,Not Requested
INV-000154,CUST-00028,Starter,397.08,USD,Paid,Credit Card,2025-12-25,2025-12-25,Not Requested
INV-000155,CUST-00028,Starter,397.08,USD,Paid,Credit Card,2026-01-24,2026-01-24,Not Requested
INV-000156,CUST-00028,Starter,397.08,USD,Paid,Credit Card,2026-02-23,2026-02-23,Not Requested
INV-000157,CUST-00028,Starter,397.08,USD,Paid,PayPal,2026-03-25,2026-03-28,Not Requested
INV-000158,CUST-00028,Starter,397.08,USD,Paid,Credit Card,2026-04-24,2026-04-29,Not Requested
INV-000159,CUST-00028,Starter,397.08,USD,Paid,Credit Card,2026-05-24,2026-05-24,Not Requested
INV-000160,CUST-00028,Starter,397.08,USD,Paid,Credit Card,2026-06-23,2026-06-23,Not Requested
INV-000161,CUST-00028,Starter,397.08,USD,Refunded,Credit Card,2026-07-23,2026-07-24,Approved - Refunded
INV-000162,CUST-00030,Enterprise,2134153.56,USD,Paid,Wire Transfer,2025-08-28,2025-08-31,Not Requested
INV-000163,CUST-00031,Starter,4164.05,USD,Paid,Credit Card,2025-08-28,2025-08-30,Not Requested
INV-000164,CUST-00032,Professional,9532.53,USD,Paid,ACH Bank Transfer,2025-08-28,2025-08-28,Not Requested
INV-000165,CUST-00032,Professional,9532.53,USD,Failed,Credit Card,2025-09-27,,Not Requested
INV-000166,CUST-00032,Professional,9532.53,USD,Paid,Credit Card,2025-10-27,2025-10-28,Not Requested
INV-000167,CUST-00032,Professional,9532.53,USD,Paid,ACH Bank Transfer,2025-11-26,2025-11-28,Not Requested
INV-000168,CUST-00032,Professional,9532.53,USD,Paid,Credit Card,2025-12-26,2025-12-28,Not Requested
INV-000169,CUST-00032,Professional,9532.53,USD,Paid,Credit Card,2026-01-25,2026-01-26,Not Requested
INV-000170,CUST-00032,Professional,9532.53,USD,Paid,ACH Bank Transfer,2026-02-24,2026-02-24,Not Requested
INV-000171,CUST-00032,Professional,9532.53,USD,Paid,Credit Card,2026-03-26,2026-04-01,Not Requested
INV-000172,CUST-00032,Professional,9532.53,USD,Paid,Credit Card,2026-04-25,2026-04-26,Not Requested
INV-000173,CUST-00032,Professional,9532.53,USD,Pending,Credit Card,2026-05-25,,Not Requested
INV-000174,CUST-00032,Professional,9532.53,USD,Paid,Credit Card,2026-06-24,2026-06-24,Not Requested
INV-000175,CUST-00032,Professional,9532.53,USD,Paid,Credit Card,2026-07-24,2026-07-24,Not Requested
INV-000176,CUST-00033,Starter,871.89,AUD,Paid,PayPal,2025-08-28,2025-08-28,Not Requested
INV-000177,CUST-00033,Starter,871.89,AUD,Paid,Credit Card,2025-09-27,2025-09-30,Not Requested
INV-000178,CUST-00033,Starter,871.89,AUD,Paid,Credit Card,2025-10-27,2025-10-28,Not Requested
INV-000179,CUST-00033,Starter,871.89,AUD,Paid,Credit Card,2025-11-26,2025-11-27,Not Requested
INV-000180,CUST-00033,Starter,871.89,AUD,Paid,Credit Card,2025-12-26,2025-12-28,Not Requested
INV-000181,CUST-00033,Starter,871.89,AUD,Paid,PayPal,2026-01-25,2026-01-27,Not Requested
INV-000182,CUST-00033,Starter,871.89,AUD,Paid,Credit Card,2026-02-24,2026-03-01,Not Requested
INV-000183,CUST-00033,Starter,871.89,AUD,Paid,Credit Card,2026-03-26,2026-03-27,Not Requested
INV-000184,CUST-00033,Starter,871.89,AUD,Paid,Credit Card,2026-04-25,2026-04-27,Not Requested
INV-000185,CUST-00033,Starter,871.89,AUD,Paid,Credit Card,2026-05-25,2026-05-28,Not Requested
INV-000186,CUST-00033,Starter,871.89,AUD,Paid,Credit Card,2026-06-24,2026-06-24,Not Requested
INV-000187,CUST-00033,Starter,871.89,AUD,Paid,Credit Card,2026-07-24,2026-07-24,Not Requested
INV-000188,CUST-00034,Starter,1579.91,USD,Paid,PayPal,2025-08-28,2025-08-28,Not Requested
INV-000189,CUST-00035,Professional,2138.45,USD,Paid,Credit Card,2025-08-28,2025-08-28,Not Requested
INV-000190,CUST-00035,Professional,2138.45,USD,Paid,Credit Card,2025-09-27,2025-10-02,Not Requested
INV-000191,CUST-00035,Professional,2138.45,USD,Paid,ACH Bank Transfer,2025-10-27,2025-11-01,Not Requested
INV-000192,CUST-00035,Professional,2138.45,USD,Paid,Credit Card,2025-11-26,2025-11-26,Not Requested
INV-000193,CUST-00035,Professional,2138.45,USD,Failed,Credit Card,2025-12-26,,Not Requested
INV-000194,CUST-00035,Professional,2138.45,USD,Paid,ACH Bank Transfer,2026-01-25,2026-01-25,Not Requested
INV-000195,CUST-00035,Professional,2138.45,USD,Paid,Credit Card,2026-02-24,2026-03-01,Not Requested
INV-000196,CUST-00035,Professional,2138.45,USD,Paid,Credit Card,2026-03-26,2026-03-26,Not Requested
INV-000197,CUST-00035,Professional,2138.45,USD,Paid,ACH Bank Transfer,2026-04-25,2026-04-26,Not Requested
INV-000198,CUST-00035,Professional,2138.45,USD,Paid,Credit Card,2026-05-25,2026-05-26,Not Requested
INV-000199,CUST-00035,Professional,2138.45,USD,Paid,Credit Card,2026-06-24,2026-06-24,Not Requested
INV-000200,CUST-00035,Professional,2138.45,USD,Paid,ACH Bank Transfer,2026-07-24,2026-07-24,Not Requested
INV-000201,CUST-00036,Professional,36973.88,USD,Paid,Credit Card,2025-08-28,2025-08-28,Not Requested
INV-000202,CUST-00037,Starter,7089.44,USD,Paid,Credit Card,2025-08-28,2025-09-04,Not Requested
INV-000203,CUST-00039,Starter,2678.13,GBP,Paid,Credit Card,2025-08-28,2025-08-30,Not Requested
INV-000204,CUST-00040,Enterprise,77066.8,USD,Paid,ACH Bank Transfer,2025-08-28,2025-08-28,Not Requested
INV-000205,CUST-00041,Starter,246.03,USD,Paid,Credit Card,2025-08-28,2025-08-29,Not Requested
INV-000206,CUST-00041,Starter,246.03,USD,Paid,Credit Card,2025-09-27,2025-10-01,Not Requested
INV-000207,CUST-00041,Starter,246.03,USD,Paid,Credit Card,2025-10-27,2025-10-28,Not Requested
INV-000208,CUST-00041,Starter,246.03,USD,Paid,Credit Card,2025-11-26,2025-12-01,Not Requested
INV-000209,CUST-00041,Starter,246.03,USD,Paid,Credit Card,2025-12-26,2025-12-30,Not Requested
INV-000210,CUST-00041,Starter,246.03,USD,Paid,Credit Card,2026-01-25,2026-01-28,Not Requested
INV-000211,CUST-00041,Starter,246.03,USD,Paid,Credit Card,2026-02-24,2026-02-24,Not Requested
INV-000212,CUST-00041,Starter,246.03,USD,Paid,Credit Card,2026-03-26,2026-03-31,Not Requested
INV-000213,CUST-00041,Starter,246.03,USD,Paid,ACH Bank Transfer,2026-04-25,2026-04-27,Not Requested
INV-000214,CUST-00041,Starter,246.03,USD,Paid,Credit Card,2026-05-25,2026-06-02,Not Requested
INV-000215,CUST-00041,Starter,246.03,USD,Paid,Credit Card,2026-06-24,2026-06-30,Not Requested
INV-000216,CUST-00041,Starter,246.03,USD,Paid,Credit Card,2026-07-24,2026-08-02,Not Requested
INV-000217,CUST-00042,Professional,95984.81,USD,Paid,ACH Bank Transfer,2025-08-28,2025-08-28,Not Requested
INV-000218,CUST-00043,Starter,101.05,USD,Paid,Credit Card,2026-03-04,2026-03-10,Not Requested
INV-000219,CUST-00043,Starter,101.05,USD,Paid,Credit Card,2026-04-03,2026-04-03,Not Requested
INV-000220,CUST-00043,Starter,101.05,USD,Paid,Credit Card,2026-05-03,2026-05-04,Not Requested
INV-000221,CUST-00043,Starter,101.05,USD,Paid,Credit Card,2026-06-02,2026-06-03,Not Requested
INV-000222,CUST-00043,Starter,101.05,USD,Paid,Credit Card,2026-07-02,2026-07-02,Not Requested
INV-000223,CUST-00043,Starter,101.05,USD,Failed,Credit Card,2026-08-01,,Not Requested
INV-000224,CUST-00044,Professional,7047.22,USD,Paid,Credit Card,2025-08-28,2025-08-28,Not Requested
INV-000225,CUST-00044,Professional,7047.22,USD,Paid,Credit Card,2025-09-27,2025-10-03,Not Requested
INV-000226,CUST-00044,Professional,7047.22,USD,Paid,ACH Bank Transfer,2025-10-27,2025-10-28,Not Requested
INV-000227,CUST-00044,Professional,7047.22,USD,Paid,PayPal,2025-11-26,2025-11-26,Not Requested
INV-000228,CUST-00044,Professional,7047.22,USD,Paid,PayPal,2025-12-26,2025-12-30,Not Requested
INV-000229,CUST-00044,Professional,7047.22,USD,Paid,Credit Card,2026-01-25,2026-01-28,Not Requested
INV-000230,CUST-00044,Professional,7047.22,USD,Paid,ACH Bank Transfer,2026-02-24,2026-02-24,Not Requested
INV-000231,CUST-00044,Professional,7047.22,USD,Paid,Credit Card,2026-03-26,2026-03-29,Not Requested
INV-000232,CUST-00044,Professional,7047.22,USD,Paid,Credit Card,2026-04-25,2026-04-25,Not Requested
INV-000233,CUST-00044,Professional,7047.22,USD,Paid,ACH Bank Transfer,2026-05-25,2026-05-26,Not Requested
INV-000234,CUST-00044,Professional,7047.22,USD,Paid,Credit Card,2026-06-24,2026-06-27,Not Requested
INV-000235,CUST-00044,Professional,7047.22,USD,Paid,Credit Card,2026-07-24,2026-07-26,Not Requested
INV-000236,CUST-00045,Starter,3601.08,USD,Failed,Credit Card,2025-08-28,,Not Requested
INV-000237,CUST-00046,Starter,3431.77,USD,Paid,Credit Card,2025-09-13,2025-09-14,Not Requested
INV-000238,CUST-00047,Professional,8015.54,USD,Paid,Credit Card,2025-08-28,2025-09-04,Not Requested
INV-000239,CUST-00047,Professional,8015.54,USD,Paid,Credit Card,2025-09-27,2025-09-30,Not Requested
INV-000240,CUST-00047,Professional,8015.54,USD,Paid,ACH Bank Transfer,2025-10-27,2025-10-27,Not Requested
INV-000241,CUST-00047,Professional,8015.54,USD,Paid,Credit Card,2025-11-26,2025-11-30,Not Requested
INV-000242,CUST-00047,Professional,8015.54,USD,Paid,Credit Card,2025-12-26,2025-12-26,Not Requested
INV-000243,CUST-00047,Professional,8015.54,USD,Paid,ACH Bank Transfer,2026-01-25,2026-01-26,Not Requested
INV-000244,CUST-00047,Professional,8015.54,USD,Refunded,Credit Card,2026-02-24,2026-03-01,Approved - Refunded
INV-000245,CUST-00047,Professional,8015.54,USD,Paid,Credit Card,2026-03-26,2026-04-02,Not Requested
INV-000246,CUST-00047,Professional,8015.54,USD,Paid,Credit Card,2026-04-25,2026-04-28,Not Requested
INV-000247,CUST-00047,Professional,8015.54,USD,Paid,Credit Card,2026-05-25,2026-05-29,Not Requested
INV-000248,CUST-00047,Professional,8015.54,USD,Paid,Credit Card,2026-06-24,2026-06-27,Not Requested
INV-000249,CUST-00047,Professional,8015.54,USD,Paid,Credit Card,2026-07-24,2026-07-27,Not Requested
INV-000250,CUST-00048,Starter,3545.56,USD,Paid,Credit Card,2025-08-28,2025-09-01,Not Requested
INV-000251,CUST-00049,Enterprise,1793039.2,CAD,Paid,ACH Bank Transfer,2025-08-28,2025-09-01,Not Requested
INV-000252,CUST-00050,Starter,680.32,USD,Paid,Credit Card,2025-08-28,2025-08-31,Not Requested
INV-000253,CUST-00050,Starter,680.32,USD,Paid,Credit Card,2025-09-27,2025-09-28,Not Requested
INV-000254,CUST-00050,Starter,680.32,USD,Paid,Credit Card,2025-10-27,2025-10-30,Not Requested
INV-000255,CUST-00050,Starter,680.32,USD,Paid,Credit Card,2025-11-26,2025-11-28,Not Requested
INV-000256,CUST-00050,Starter,680.32,USD,Paid,Credit Card,2025-12-26,2026-01-01,Not Requested
INV-000257,CUST-00050,Starter,680.32,USD,Paid,Credit Card,2026-01-25,2026-01-26,Not Requested
INV-000258,CUST-00050,Starter,680.32,USD,Paid,Credit Card,2026-02-24,2026-02-24,Not Requested
INV-000259,CUST-00050,Starter,680.32,USD,Paid,PayPal,2026-03-26,2026-03-28,Not Requested
INV-000260,CUST-00050,Starter,680.32,USD,Paid,Credit Card,2026-04-25,2026-04-29,Not Requested
INV-000261,CUST-00050,Starter,680.32,USD,Paid,Credit Card,2026-05-25,2026-05-27,Not Requested
INV-000262,CUST-00050,Starter,680.32,USD,Paid,Credit Card,2026-06-24,2026-06-27,Not Requested
INV-000263,CUST-00050,Starter,680.32,USD,Paid,Credit Card,2026-07-24,2026-07-24,Not Requested
INV-000264,CUST-00051,Professional,4285.84,USD,Paid,PayPal,2025-08-28,2025-08-30,Not Requested
INV-000265,CUST-00051,Professional,4285.84,USD,Paid,Credit Card,2025-09-27,2025-10-02,Not Requested
INV-000266,CUST-00051,Professional,4285.84,USD,Paid,Credit Card,2025-10-27,2025-10-31,Not Requested
INV-000267,CUST-00051,Professional,4285.84,USD,Paid,ACH Bank Transfer,2025-11-26,2025-11-27,Not Requested
INV-000268,CUST-00051,Professional,4285.84,USD,Paid,Credit Card,2025-12-26,2025-12-26,Not Requested
INV-000269,CUST-00051,Professional,4285.84,USD,Paid,Credit Card,2026-01-25,2026-01-31,Not Requested
INV-000270,CUST-00051,Professional,4285.84,USD,Paid,Credit Card,2026-02-24,2026-02-28,Not Requested
INV-000271,CUST-00051,Professional,4285.84,USD,Paid,Credit Card,2026-03-26,2026-04-01,Not Requested
INV-000272,CUST-00051,Professional,4285.84,USD,Paid,Credit Card,2026-04-25,2026-04-26,Not Requested
INV-000273,CUST-00051,Professional,4285.84,USD,Paid,Credit Card,2026-05-25,2026-05-25,Not Requested
INV-000274,CUST-00051,Professional,4285.84,USD,Paid,Credit Card,2026-06-24,2026-06-28,Not Requested
INV-000275,CUST-00051,Professional,4285.84,USD,Paid,Credit Card,2026-07-24,2026-07-28,Not Requested
INV-000276,CUST-00052,Enterprise,530318.02,USD,Refunded,Wire Transfer,2025-08-28,2025-08-29,Denied
INV-000277,CUST-00053,Enterprise,2073749.42,USD,Failed,Wire Transfer,2025-08-28,,Not Requested
INV-000278,CUST-00054,Starter,387.49,USD,Paid,Credit Card,2025-08-28,2025-08-28,Not Requested
INV-000279,CUST-00054,Starter,387.49,USD,Paid,Credit Card,2025-09-27,2025-10-04,Not Requested
INV-000280,CUST-00054,Starter,387.49,USD,Paid,Credit Card,2025-10-27,2025-10-28,Not Requested
INV-000281,CUST-00054,Starter,387.49,USD,Paid,Credit Card,2025-11-26,2025-11-28,Not Requested
INV-000282,CUST-00054,Starter,387.49,USD,Paid,Credit Card,2025-12-26,2025-12-30,Not Requested
INV-000283,CUST-00054,Starter,387.49,USD,Paid,ACH Bank Transfer,2026-01-25,2026-01-31,Not Requested
INV-000284,CUST-00054,Starter,387.49,USD,Paid,Credit Card,2026-02-24,2026-02-26,Not Requested
INV-000285,CUST-00054,Starter,387.49,USD,Paid,Credit Card,2026-03-26,2026-03-27,Not Requested
INV-000286,CUST-00054,Starter,387.49,USD,Paid,Credit Card,2026-04-25,2026-04-30,Not Requested
INV-000287,CUST-00054,Starter,387.49,USD,Paid,Credit Card,2026-05-25,2026-05-26,Not Requested
INV-000288,CUST-00054,Starter,387.49,USD,Paid,Credit Card,2026-06-24,2026-06-27,Not Requested
INV-000289,CUST-00054,Starter,387.49,USD,Paid,Credit Card,2026-07-24,2026-07-26,Not Requested
INV-000290,CUST-00055,Professional,22433.59,USD,Paid,Credit Card,2025-08-28,2025-08-29,Not Requested
INV-000291,CUST-00056,Enterprise,1921564.56,USD,Paid,ACH Bank Transfer,2025-08-28,2025-08-30,Not Requested
INV-000292,CUST-00058,Starter,6223.59,USD,Paid,Credit Card,2025-08-28,2025-08-28,Not Requested
INV-000293,CUST-00059,Enterprise,948357.89,EUR,Paid,ACH Bank Transfer,2025-08-28,2025-08-29,Not Requested
INV-000294,CUST-00060,Professional,97067.49,EUR,Paid,ACH Bank Transfer,2025-08-28,2025-08-29,Not Requested
INV-000295,CUST-00061,Starter,626.33,USD,Paid,Credit Card,2025-08-28,2025-08-28,Not Requested
INV-000296,CUST-00061,Starter,626.33,USD,Paid,Credit Card,2025-09-27,2025-09-28,Not Requested
INV-000297,CUST-00061,Starter,626.33,USD,Paid,Credit Card,2025-10-27,2025-11-01,Not Requested
INV-000298,CUST-00061,Starter,626.33,USD,Paid,Credit Card,2025-11-26,2025-11-26,Not Requested
INV-000299,CUST-00061,Starter,626.33,USD,Pending,Credit Card,2025-12-26,,Not Requested
INV-000300,CUST-00061,Starter,626.33,USD,Pending,Credit Card,2026-01-25,,Not Requested
INV-000301,CUST-00061,Starter,626.33,USD,Paid,Credit Card,2026-02-24,2026-02-25,Not Requested
INV-000302,CUST-00061,Starter,626.33,USD,Paid,Credit Card,2026-03-26,2026-04-01,Not Requested
INV-000303,CUST-00061,Starter,626.33,USD,Paid,Credit Card,2026-04-25,2026-04-27,Not Requested
INV-000304,CUST-00061,Starter,626.33,USD,Paid,Credit Card,2026-05-25,2026-05-29,Not Requested
INV-000305,CUST-00061,Starter,626.33,USD,Paid,Credit Card,2026-06-24,2026-06-24,Not Requested
INV-000306,CUST-00061,Starter,626.33,USD,Paid,Credit Card,2026-07-24,2026-07-25,Not Requested
INV-000307,CUST-00062,Starter,309.68,USD,Paid,Credit Card,2025-08-28,2025-09-01,Not Requested
INV-000308,CUST-00062,Starter,309.68,USD,Paid,PayPal,2025-09-27,2025-10-04,Not Requested
INV-000309,CUST-00062,Starter,309.68,USD,Paid,Credit Card,2025-10-27,2025-10-29,Not Requested
INV-000310,CUST-00062,Starter,309.68,USD,Paid,Credit Card,2025-11-26,2025-12-01,Not Requested
INV-000311,CUST-00062,Starter,309.68,USD,Paid,Credit Card,2025-12-26,2026-01-02,Not Requested
INV-000312,CUST-00062,Starter,309.68,USD,Paid,PayPal,2026-01-25,2026-01-25,Not Requested
INV-000313,CUST-00062,Starter,309.68,USD,Paid,Credit Card,2026-02-24,2026-02-27,Not Requested
INV-000314,CUST-00062,Starter,309.68,USD,Paid,Credit Card,2026-03-26,2026-03-29,Not Requested
INV-000315,CUST-00062,Starter,309.68,USD,Paid,Credit Card,2026-04-25,2026-04-27,Not Requested
INV-000316,CUST-00062,Starter,309.68,USD,Paid,PayPal,2026-05-25,2026-05-29,Not Requested
INV-000317,CUST-00062,Starter,309.68,USD,Paid,Credit Card,2026-06-24,2026-06-24,Not Requested
INV-000318,CUST-00062,Starter,309.68,USD,Failed,Credit Card,2026-07-24,,Requested
INV-000319,CUST-00063,Professional,8559.3,AUD,Paid,Credit Card,2025-08-28,2025-08-28,Not Requested
INV-000320,CUST-00064,Professional,91903.41,EUR,Paid,ACH Bank Transfer,2025-08-28,2025-08-30,Not Requested
INV-000321,CUST-00066,Starter,901.74,AUD,Paid,Credit Card,2025-08-28,2025-08-28,Not Requested
INV-000322,CUST-00066,Starter,901.74,AUD,Paid,Credit Card,2025-09-27,2025-09-27,Not Requested
INV-000323,CUST-00066,Starter,901.74,AUD,Paid,Credit Card,2025-10-27,2025-10-30,Not Requested
INV-000324,CUST-00066,Starter,901.74,AUD,Paid,Credit Card,2025-11-26,2025-11-26,Not Requested
INV-000325,CUST-00066,Starter,901.74,AUD,Paid,Credit Card,2025-12-26,2025-12-28,Not Requested
INV-000326,CUST-00066,Starter,901.74,AUD,Paid,PayPal,2026-01-25,2026-01-26,Not Requested
INV-000327,CUST-00066,Starter,901.74,AUD,Paid,PayPal,2026-02-24,2026-03-02,Not Requested
INV-000328,CUST-00066,Starter,901.74,AUD,Paid,Credit Card,2026-03-26,2026-03-27,Not Requested
INV-000329,CUST-00066,Starter,901.74,AUD,Paid,Credit Card,2026-04-25,2026-04-25,Not Requested
INV-000330,CUST-00066,Starter,901.74,AUD,Paid,Credit Card,2026-05-25,2026-05-25,Not Requested
INV-000331,CUST-00066,Starter,901.74,AUD,Paid,Credit Card,2026-06-24,2026-06-24,Not Requested
INV-000332,CUST-00066,Starter,901.74,AUD,Paid,Credit Card,2026-07-24,2026-07-25,Not Requested
INV-000333,CUST-00067,Starter,680.98,CAD,Paid,Credit Card,2025-08-28,2025-08-29,Not Requested
INV-000334,CUST-00067,Starter,680.98,CAD,Paid,Credit Card,2025-09-27,2025-09-29,Not Requested
INV-000335,CUST-00067,Starter,680.98,CAD,Paid,Credit Card,2025-10-27,2025-10-27,Not Requested
INV-000336,CUST-00067,Starter,680.98,CAD,Paid,PayPal,2025-11-26,2025-11-27,Not Requested
INV-000337,CUST-00067,Starter,680.98,CAD,Pending,Credit Card,2025-12-26,,Not Requested
INV-000338,CUST-00067,Starter,680.98,CAD,Paid,Credit Card,2026-01-25,2026-01-28,Not Requested
INV-000339,CUST-00067,Starter,680.98,CAD,Paid,Credit Card,2026-02-24,2026-02-24,Not Requested
INV-000340,CUST-00067,Starter,680.98,CAD,Paid,Credit Card,2026-03-26,2026-03-28,Not Requested
INV-000341,CUST-00067,Starter,680.98,CAD,Paid,Credit Card,2026-04-25,2026-05-05,Not Requested
INV-000342,CUST-00067,Starter,680.98,CAD,Failed,Credit Card,2026-05-25,,Not Requested
INV-000343,CUST-00067,Starter,680.98,CAD,Paid,PayPal,2026-06-24,2026-06-26,Not Requested
INV-000344,CUST-00067,Starter,680.98,CAD,Paid,Credit Card,2026-07-24,2026-07-26,Not Requested
INV-000345,CUST-00068,Professional,60073.61,GBP,Paid,Credit Card,2025-08-28,2025-08-29,Not Requested
INV-000346,CUST-00069,Starter,287.27,USD,Paid,Credit Card,2025-08-28,2025-08-28,Not Requested
INV-000347,CUST-00069,Starter,287.27,USD,Paid,Credit Card,2025-09-27,2025-09-28,Not Requested
INV-000348,CUST-00069,Starter,287.27,USD,Paid,Credit Card,2025-10-27,2025-10-28,Not Requested
INV-000349,CUST-00069,Starter,287.27,USD,Paid,PayPal,2025-11-26,2025-11-28,Not Requested
INV-000350,CUST-00069,Starter,287.27,USD,Paid,Credit Card,2025-12-26,2025-12-28,Not Requested
INV-000351,CUST-00069,Starter,287.27,USD,Paid,Credit Card,2026-01-25,2026-01-28,Not Requested
INV-000352,CUST-00069,Starter,287.27,USD,Paid,PayPal,2026-02-24,2026-03-02,Not Requested
INV-000353,CUST-00069,Starter,287.27,USD,Paid,Credit Card,2026-03-26,2026-03-27,Not Requested
INV-000354,CUST-00069,Starter,287.27,USD,Paid,Credit Card,2026-04-25,2026-04-28,Not Requested
INV-000355,CUST-00069,Starter,287.27,USD,Paid,Credit Card,2026-05-25,2026-05-29,Not Requested
INV-000356,CUST-00069,Starter,287.27,USD,Paid,Credit Card,2026-06-24,2026-06-26,Not Requested
INV-000357,CUST-00069,Starter,287.27,USD,Paid,Credit Card,2026-07-24,2026-07-25,Not Requested
INV-000358,CUST-00070,Enterprise,947899.5,AUD,Paid,ACH Bank Transfer,2025-11-26,2025-11-30,Not Requested
INV-000359,CUST-00071,Starter,260.69,USD,Paid,Credit Card,2025-08-28,2025-08-30,Not Requested
INV-000360,CUST-00071,Starter,260.69,USD,Paid,Credit Card,2025-09-27,2025-09-29,Not Requested
INV-000361,CUST-00071,Starter,260.69,USD,Paid,Credit Card,2025-10-27,2025-10-30,Not Requested
INV-000362,CUST-00071,Starter,260.69,USD,Paid,Credit Card,2025-11-26,2025-11-28,Not Requested
INV-000363,CUST-00071,Starter,260.69,USD,Paid,Credit Card,2025-12-26,2025-12-27,Not Requested
INV-000364,CUST-00071,Starter,260.69,USD,Paid,Credit Card,2026-01-25,2026-01-26,Not Requested
INV-000365,CUST-00071,Starter,260.69,USD,Paid,Credit Card,2026-02-24,2026-02-26,Not Requested
INV-000366,CUST-00071,Starter,260.69,USD,Paid,Credit Card,2026-03-26,2026-03-28,Not Requested
INV-000367,CUST-00071,Starter,260.69,USD,Paid,Credit Card,2026-04-25,2026-04-29,Not Requested
INV-000368,CUST-00071,Starter,260.69,USD,Paid,Credit Card,2026-05-25,2026-05-25,Not Requested
INV-000369,CUST-00071,Starter,260.69,USD,Paid,Credit Card,2026-06-24,2026-06-27,Not Requested
INV-000370,CUST-00071,Starter,260.69,USD,Paid,Credit Card,2026-07-24,2026-07-29,Not Requested
INV-000371,CUST-00072,Starter,4333.41,EUR,Paid,Credit Card,2025-08-28,2025-08-31,Not Requested
INV-000372,CUST-00073,Starter,222.96,USD,Paid,Credit Card,2025-08-28,2025-08-30,Not Requested
INV-000373,CUST-00073,Starter,222.96,USD,Paid,Credit Card,2025-09-27,2025-09-29,Not Requested
INV-000374,CUST-00073,Starter,222.96,USD,Paid,Credit Card,2025-10-27,2025-10-29,Not Requested
INV-000375,CUST-00073,Starter,222.96,USD,Paid,Credit Card,2025-11-26,2025-12-02,Not Requested
INV-000376,CUST-00073,Starter,222.96,USD,Failed,Credit Card,2025-12-26,,Not Requested
INV-000377,CUST-00073,Starter,222.96,USD,Paid,PayPal,2026-01-25,2026-01-25,Not Requested
INV-000378,CUST-00073,Starter,222.96,USD,Paid,Credit Card,2026-02-24,2026-02-28,Not Requested
INV-000379,CUST-00073,Starter,222.96,USD,Paid,Credit Card,2026-03-26,2026-04-03,Not Requested
INV-000380,CUST-00073,Starter,222.96,USD,Paid,Credit Card,2026-04-25,2026-05-02,Not Requested
INV-000381,CUST-00073,Starter,222.96,USD,Paid,Credit Card,2026-05-25,2026-05-26,Not Requested
INV-000382,CUST-00073,Starter,222.96,USD,Paid,Credit Card,2026-06-24,2026-06-27,Not Requested
INV-000383,CUST-00073,Starter,222.96,USD,Paid,PayPal,2026-07-24,2026-07-27,Not Requested
INV-000384,CUST-00074,Professional,48497.88,USD,Paid,ACH Bank Transfer,2025-08-28,2025-09-02,Not Requested
INV-000385,CUST-00075,Starter,5239.74,USD,Paid,Credit Card,2025-08-28,2025-09-01,Not Requested
INV-000386,CUST-00076,Enterprise,930509.34,USD,Paid,ACH Bank Transfer,2025-08-28,2025-08-31,Not Requested
INV-000387,CUST-00077,Professional,3568.52,EUR,Paid,ACH Bank Transfer,2025-08-28,2025-09-03,Not Requested
INV-000388,CUST-00077,Professional,3568.52,EUR,Paid,Credit Card,2025-09-27,2025-09-30,Not Requested
INV-000389,CUST-00077,Professional,3568.52,EUR,Paid,Credit Card,2025-10-27,2025-10-29,Not Requested
INV-000390,CUST-00077,Professional,3568.52,EUR,Paid,Credit Card,2025-11-26,2025-11-28,Not Requested
INV-000391,CUST-00077,Professional,3568.52,EUR,Pending,Credit Card,2025-12-26,,Not Requested
INV-000392,CUST-00077,Professional,3568.52,EUR,Paid,Credit Card,2026-01-25,2026-01-31,Not Requested
INV-000393,CUST-00077,Professional,3568.52,EUR,Paid,ACH Bank Transfer,2026-02-24,2026-02-24,Not Requested
INV-000394,CUST-00077,Professional,3568.52,EUR,Paid,ACH Bank Transfer,2026-03-26,2026-03-29,Not Requested
INV-000395,CUST-00077,Professional,3568.52,EUR,Paid,Credit Card,2026-04-25,2026-04-26,Not Requested
INV-000396,CUST-00077,Professional,3568.52,EUR,Paid,ACH Bank Transfer,2026-05-25,2026-05-26,Not Requested
INV-000397,CUST-00077,Professional,3568.52,EUR,Paid,Credit Card,2026-06-24,2026-06-25,Not Requested
INV-000398,CUST-00077,Professional,3568.52,EUR,Paid,ACH Bank Transfer,2026-07-24,2026-07-24,Not Requested
INV-000399,CUST-00078,Professional,843.28,EUR,Paid,Credit Card,2025-08-28,2025-08-28,Not Requested
INV-000400,CUST-00078,Professional,843.28,EUR,Paid,Credit Card,2025-09-27,2025-10-01,Not Requested
INV-000401,CUST-00078,Professional,843.28,EUR,Paid,Credit Card,2025-10-27,2025-10-29,Not Requested
INV-000402,CUST-00078,Professional,843.28,EUR,Paid,Credit Card,2025-11-26,2025-11-27,Not Requested
INV-000403,CUST-00078,Professional,843.28,EUR,Paid,Credit Card,2025-12-26,2025-12-27,Not Requested
INV-000404,CUST-00078,Professional,843.28,EUR,Paid,Credit Card,2026-01-25,2026-01-25,Not Requested
INV-000405,CUST-00078,Professional,843.28,EUR,Paid,Credit Card,2026-02-24,2026-02-28,Not Requested
INV-000406,CUST-00078,Professional,843.28,EUR,Paid,Credit Card,2026-03-26,2026-03-27,Not Requested
INV-000407,CUST-00078,Professional,843.28,EUR,Paid,Credit Card,2026-04-25,2026-04-27,Not Requested
INV-000408,CUST-00078,Professional,843.28,EUR,Paid,ACH Bank Transfer,2026-05-25,2026-05-27,Not Requested
INV-000409,CUST-00078,Professional,843.28,EUR,Paid,Credit Card,2026-06-24,2026-06-26,Not Requested
INV-000410,CUST-00078,Professional,843.28,EUR,Paid,Credit Card,2026-07-24,2026-08-02,Not Requested
INV-000411,CUST-00079,Starter,342.17,USD,Paid,Credit Card,2025-08-28,2025-08-30,Not Requested
INV-000412,CUST-00079,Starter,342.17,USD,Paid,Credit Card,2025-09-27,2025-09-28,Not Requested
INV-000413,CUST-00079,Starter,342.17,USD,Paid,Credit Card,2025-10-27,2025-10-27,Not Requested
INV-000414,CUST-00079,Starter,342.17,USD,Paid,Credit Card,2025-11-26,2025-11-30,Not Requested
INV-000415,CUST-00079,Starter,342.17,USD,Paid,Credit Card,2025-12-26,2025-12-26,Not Requested
INV-000416,CUST-00079,Starter,342.17,USD,Paid,PayPal,2026-01-25,2026-01-28,Not Requested
INV-000417,CUST-00079,Starter,342.17,USD,Paid,Credit Card,2026-02-24,2026-03-01,Not Requested
INV-000418,CUST-00079,Starter,342.17,USD,Paid,Credit Card,2026-03-26,2026-03-30,Not Requested
INV-000419,CUST-00079,Starter,342.17,USD,Paid,Credit Card,2026-04-25,2026-04-26,Not Requested
INV-000420,CUST-00079,Starter,342.17,USD,Paid,Credit Card,2026-05-25,2026-05-28,Not Requested
INV-000421,CUST-00079,Starter,342.17,USD,Paid,Credit Card,2026-06-24,2026-06-27,Not Requested
INV-000422,CUST-00079,Starter,342.17,USD,Paid,Credit Card,2026-07-24,2026-07-25,Not Requested
INV-000423,CUST-00080,Starter,3078.88,USD,Failed,Credit Card,2025-08-28,,Not Requested
INV-000424,CUST-00081,Starter,571.51,USD,Paid,Credit Card,2025-08-28,2025-09-02,Not Requested
INV-000425,CUST-00081,Starter,571.51,USD,Paid,Credit Card,2025-09-27,2025-09-27,Not Requested
INV-000426,CUST-00081,Starter,571.51,USD,Paid,Credit Card,2025-10-27,2025-10-27,Not Requested
INV-000427,CUST-00081,Starter,571.51,USD,Paid,Credit Card,2025-11-26,2025-12-01,Not Requested
INV-000428,CUST-00081,Starter,571.51,USD,Paid,Credit Card,2025-12-26,2025-12-29,Not Requested
INV-000429,CUST-00081,Starter,571.51,USD,Paid,Credit Card,2026-01-25,2026-02-04,Not Requested
INV-000430,CUST-00081,Starter,571.51,USD,Paid,Credit Card,2026-02-24,2026-03-02,Not Requested
INV-000431,CUST-00081,Starter,571.51,USD,Paid,Credit Card,2026-03-26,2026-03-28,Not Requested
INV-000432,CUST-00081,Starter,571.51,USD,Paid,Credit Card,2026-04-25,2026-05-01,Not Requested
INV-000433,CUST-00081,Starter,571.51,USD,Paid,PayPal,2026-05-25,2026-05-29,Not Requested
INV-000434,CUST-00081,Starter,571.51,USD,Paid,Credit Card,2026-06-24,2026-06-26,Not Requested
INV-000435,CUST-00081,Starter,571.51,USD,Paid,Credit Card,2026-07-24,2026-07-29,Not Requested
INV-000436,CUST-00082,Professional,79112.07,USD,Paid,Credit Card,2025-08-28,2025-08-28,Not Requested
INV-000437,CUST-00083,Professional,14702.52,USD,Pending,Credit Card,2025-08-28,,Not Requested
INV-000438,CUST-00084,Starter,327.64,EUR,Paid,PayPal,2025-08-28,2025-08-30,Not Requested
INV-000439,CUST-00084,Starter,327.64,EUR,Paid,Credit Card,2025-09-27,2025-09-29,Not Requested
INV-000440,CUST-00084,Starter,327.64,EUR,Paid,Credit Card,2025-10-27,2025-10-31,Not Requested
INV-000441,CUST-00084,Starter,327.64,EUR,Paid,PayPal,2025-11-26,2025-11-29,Not Requested
INV-000442,CUST-00084,Starter,327.64,EUR,Paid,Credit Card,2025-12-26,2025-12-26,Not Requested
INV-000443,CUST-00084,Starter,327.64,EUR,Paid,PayPal,2026-01-25,2026-01-27,Not Requested
INV-000444,CUST-00084,Starter,327.64,EUR,Paid,Credit Card,2026-02-24,2026-02-27,Not Requested
INV-000445,CUST-00084,Starter,327.64,EUR,Paid,Credit Card,2026-03-26,2026-03-29,Not Requested
INV-000446,CUST-00084,Starter,327.64,EUR,Paid,Credit Card,2026-04-25,2026-04-27,Not Requested
INV-000447,CUST-00084,Starter,327.64,EUR,Paid,Credit Card,2026-05-25,2026-05-30,Not Requested
INV-000448,CUST-00084,Starter,327.64,EUR,Paid,Credit Card,2026-06-24,2026-06-25,Not Requested
INV-000449,CUST-00084,Starter,327.64,EUR,Paid,Credit Card,2026-07-24,2026-07-25,Not Requested
INV-000450,CUST-00085,Professional,2781.21,USD,Paid,ACH Bank Transfer,2025-08-28,2025-09-05,Not Requested
INV-000451,CUST-00085,Professional,2781.21,USD,Paid,Credit Card,2025-09-27,2025-09-28,Not Requested
INV-000452,CUST-00085,Professional,2781.21,USD,Paid,Credit Card,2025-10-27,2025-10-27,Not Requested
INV-000453,CUST-00085,Professional,2781.21,USD,Paid,Credit Card,2025-11-26,2025-11-27,Not Requested
INV-000454,CUST-00085,Professional,2781.21,USD,Paid,Credit Card,2025-12-26,2025-12-26,Not Requested
INV-000455,CUST-00085,Professional,2781.21,USD,Paid,Credit Card,2026-01-25,2026-01-25,Not Requested
INV-000456,CUST-00085,Professional,2781.21,USD,Paid,Credit Card,2026-02-24,2026-02-28,Not Requested
INV-000457,CUST-00085,Professional,2781.21,USD,Paid,Credit Card,2026-03-26,2026-03-26,Not Requested
INV-000458,CUST-00085,Professional,2781.21,USD,Paid,ACH Bank Transfer,2026-04-25,2026-04-28,Not Requested
INV-000459,CUST-00085,Professional,2781.21,USD,Paid,ACH Bank Transfer,2026-05-25,2026-05-25,Not Requested
INV-000460,CUST-00085,Professional,2781.21,USD,Paid,Credit Card,2026-06-24,2026-06-24,Not Requested
INV-000461,CUST-00085,Professional,2781.21,USD,Paid,Credit Card,2026-07-24,2026-07-25,Not Requested
INV-000462,CUST-00086,Enterprise,849463.52,USD,Paid,Credit Card,2025-08-28,2025-09-02,Not Requested
INV-000463,CUST-00087,Starter,499.03,EUR,Paid,Credit Card,2025-08-28,2025-08-29,Not Requested
INV-000464,CUST-00087,Starter,499.03,EUR,Paid,Credit Card,2025-09-27,2025-09-27,Not Requested
INV-000465,CUST-00087,Starter,499.03,EUR,Paid,Credit Card,2025-10-27,2025-10-27,Not Requested
INV-000466,CUST-00087,Starter,499.03,EUR,Paid,Credit Card,2025-11-26,2025-11-27,Not Requested
INV-000467,CUST-00087,Starter,499.03,EUR,Paid,PayPal,2025-12-26,2025-12-29,Not Requested
INV-000468,CUST-00087,Starter,499.03,EUR,Paid,Credit Card,2026-01-25,2026-01-27,Not Requested
INV-000469,CUST-00087,Starter,499.03,EUR,Paid,Credit Card,2026-02-24,2026-02-26,Not Requested
INV-000470,CUST-00087,Starter,499.03,EUR,Paid,Credit Card,2026-03-26,2026-03-27,Not Requested
INV-000471,CUST-00087,Starter,499.03,EUR,Paid,Credit Card,2026-04-25,2026-04-25,Not Requested
INV-000472,CUST-00087,Starter,499.03,EUR,Paid,Credit Card,2026-05-25,2026-05-25,Not Requested
INV-000473,CUST-00087,Starter,499.03,EUR,Paid,Credit Card,2026-06-24,2026-06-27,Not Requested
INV-000474,CUST-00087,Starter,499.03,EUR,Paid,Credit Card,2026-07-24,2026-07-25,Not Requested
INV-000475,CUST-00088,Starter,255.47,USD,Paid,Credit Card,2025-08-28,2025-08-31,Not Requested
INV-000476,CUST-00088,Starter,255.47,USD,Paid,Credit Card,2025-09-27,2025-09-30,Not Requested
INV-000477,CUST-00088,Starter,255.47,USD,Paid,PayPal,2025-10-27,2025-10-27,Not Requested
INV-000478,CUST-00088,Starter,255.47,USD,Paid,Credit Card,2025-11-26,2025-12-01,Not Requested
INV-000479,CUST-00088,Starter,255.47,USD,Paid,Credit Card,2025-12-26,2025-12-30,Not Requested
INV-000480,CUST-00088,Starter,255.47,USD,Paid,Credit Card,2026-01-25,2026-01-25,Not Requested
INV-000481,CUST-00088,Starter,255.47,USD,Paid,Credit Card,2026-02-24,2026-02-25,Not Requested
INV-000482,CUST-00088,Starter,255.47,USD,Paid,Credit Card,2026-03-26,2026-03-29,Not Requested
INV-000483,CUST-00088,Starter,255.47,USD,Paid,Credit Card,2026-04-25,2026-04-26,Not Requested
INV-000484,CUST-00088,Starter,255.47,USD,Paid,Credit Card,2026-05-25,2026-05-26,Not Requested
INV-000485,CUST-00088,Starter,255.47,USD,Paid,Credit Card,2026-06-24,2026-07-01,Not Requested
INV-000486,CUST-00088,Starter,255.47,USD,Paid,Credit Card,2026-07-24,2026-07-24,Not Requested
INV-000487,CUST-00089,Professional,8606.42,USD,Paid,ACH Bank Transfer,2025-08-28,2025-09-03,Not Requested
INV-000488,CUST-00089,Professional,8606.42,USD,Paid,Credit Card,2025-09-27,2025-10-06,Not Requested
INV-000489,CUST-00089,Professional,8606.42,USD,Paid,Credit Card,2025-10-27,2025-10-28,Not Requested
INV-000490,CUST-00089,Professional,8606.42,USD,Paid,Credit Card,2025-11-26,2025-11-28,Not Requested
INV-000491,CUST-00089,Professional,8606.42,USD,Paid,Credit Card,2025-12-26,2025-12-28,Not Requested
INV-000492,CUST-00089,Professional,8606.42,USD,Paid,Credit Card,2026-01-25,2026-01-28,Not Requested
INV-000493,CUST-00089,Professional,8606.42,USD,Paid,PayPal,2026-02-24,2026-02-26,Not Requested
INV-000494,CUST-00089,Professional,8606.42,USD,Paid,ACH Bank Transfer,2026-03-26,2026-03-28,Not Requested
INV-000495,CUST-00089,Professional,8606.42,USD,Paid,Credit Card,2026-04-25,2026-04-25,Not Requested
INV-000496,CUST-00089,Professional,8606.42,USD,Paid,Credit Card,2026-05-25,2026-05-29,Not Requested
INV-000497,CUST-00089,Professional,8606.42,USD,Paid,Credit Card,2026-06-24,2026-06-25,Not Requested
INV-000498,CUST-00089,Professional,8606.42,USD,Paid,Credit Card,2026-07-24,2026-07-31,Not Requested
INV-000499,CUST-00090,Professional,1089.91,USD,Paid,ACH Bank Transfer,2025-08-28,2025-09-01,Not Requested
INV-000500,CUST-00090,Professional,1089.91,USD,Paid,Credit Card,2025-09-27,2025-09-27,Not Requested
INV-000501,CUST-00090,Professional,1089.91,USD,Paid,ACH Bank Transfer,2025-10-27,2025-10-27,Not Requested
INV-000502,CUST-00090,Professional,1089.91,USD,Paid,ACH Bank Transfer,2025-11-26,2025-11-27,Not Requested
INV-000503,CUST-00090,Professional,1089.91,USD,Pending,Credit Card,2025-12-26,,Not Requested
INV-000504,CUST-00090,Professional,1089.91,USD,Paid,Credit Card,2026-01-25,2026-01-28,Not Requested
INV-000505,CUST-00090,Professional,1089.91,USD,Paid,Credit Card,2026-02-24,2026-03-04,Not Requested
INV-000506,CUST-00090,Professional,1089.91,USD,Paid,Credit Card,2026-03-26,2026-03-29,Not Requested
INV-000507,CUST-00090,Professional,1089.91,USD,Paid,Credit Card,2026-04-25,2026-04-30,Not Requested
INV-000508,CUST-00090,Professional,1089.91,USD,Paid,ACH Bank Transfer,2026-05-25,2026-05-27,Not Requested
INV-000509,CUST-00090,Professional,1089.91,USD,Paid,Credit Card,2026-06-24,2026-06-25,Not Requested
INV-000510,CUST-00090,Professional,1089.91,USD,Paid,Credit Card,2026-07-24,2026-07-24,Not Requested
INV-000511,CUST-00091,Starter,434.58,EUR,Paid,Credit Card,2025-08-28,2025-08-28,Not Requested
INV-000512,CUST-00091,Starter,434.58,EUR,Pending,Credit Card,2025-09-27,,Not Requested
INV-000513,CUST-00091,Starter,434.58,EUR,Paid,Credit Card,2025-10-27,2025-10-31,Not Requested
INV-000514,CUST-00091,Starter,434.58,EUR,Paid,Credit Card,2025-11-26,2025-11-26,Not Requested
INV-000515,CUST-00091,Starter,434.58,EUR,Paid,Credit Card,2025-12-26,2025-12-30,Not Requested
INV-000516,CUST-00091,Starter,434.58,EUR,Paid,Credit Card,2026-01-25,2026-01-27,Not Requested
INV-000517,CUST-00091,Starter,434.58,EUR,Paid,Credit Card,2026-02-24,2026-02-25,Not Requested
INV-000518,CUST-00091,Starter,434.58,EUR,Paid,Credit Card,2026-03-26,2026-03-30,Not Requested
INV-000519,CUST-00091,Starter,434.58,EUR,Paid,Credit Card,2026-04-25,2026-05-01,Not Requested
INV-000520,CUST-00091,Starter,434.58,EUR,Paid,Credit Card,2026-05-25,2026-05-28,Not Requested
INV-000521,CUST-00091,Starter,434.58,EUR,Paid,Credit Card,2026-06-24,2026-07-03,Not Requested
INV-000522,CUST-00091,Starter,434.58,EUR,Paid,Credit Card,2026-07-24,2026-08-01,Not Requested
INV-000523,CUST-00093,Starter,771.69,AUD,Paid,Credit Card,2025-08-28,2025-08-31,Not Requested
INV-000524,CUST-00093,Starter,771.69,AUD,Paid,Credit Card,2025-09-27,2025-09-28,Not Requested
INV-000525,CUST-00093,Starter,771.69,AUD,Pending,Credit Card,2025-10-27,,Not Requested
INV-000526,CUST-00093,Starter,771.69,AUD,Paid,Credit Card,2025-11-26,2025-11-29,Not Requested
INV-000527,CUST-00093,Starter,771.69,AUD,Failed,Credit Card,2025-12-26,,Not Requested
INV-000528,CUST-00093,Starter,771.69,AUD,Refunded,Credit Card,2026-01-25,2026-01-27,Approved - Refunded
INV-000529,CUST-00093,Starter,771.69,AUD,Paid,Credit Card,2026-02-24,2026-02-25,Not Requested
INV-000530,CUST-00093,Starter,771.69,AUD,Paid,Credit Card,2026-03-26,2026-03-29,Not Requested
INV-000531,CUST-00093,Starter,771.69,AUD,Paid,Credit Card,2026-04-25,2026-05-01,Not Requested
INV-000532,CUST-00093,Starter,771.69,AUD,Pending,Credit Card,2026-05-25,,Not Requested
INV-000533,CUST-00093,Starter,771.69,AUD,Paid,Credit Card,2026-06-24,2026-06-24,Not Requested
INV-000534,CUST-00093,Starter,771.69,AUD,Paid,Credit Card,2026-07-24,2026-07-29,Not Requested
INV-000535,CUST-00094,Professional,93282.58,AUD,Paid,Credit Card,2025-08-28,2025-09-03,Not Requested
INV-000536,CUST-00095,Professional,45258.8,USD,Paid,Credit Card,2025-08-28,2025-08-29,Not Requested
INV-000537,CUST-00096,Professional,6050.61,USD,Paid,Credit Card,2025-08-28,2025-09-05,Not Requested
INV-000538,CUST-00096,Professional,6050.61,USD,Paid,Credit Card,2025-09-27,2025-09-30,Not Requested
INV-000539,CUST-00096,Professional,6050.61,USD,Paid,Credit Card,2025-10-27,2025-10-30,Not Requested
INV-000540,CUST-00096,Professional,6050.61,USD,Paid,Credit Card,2025-11-26,2025-11-26,Not Requested
INV-000541,CUST-00096,Professional,6050.61,USD,Paid,Credit Card,2025-12-26,2025-12-30,Not Requested
INV-000542,CUST-00096,Professional,6050.61,USD,Paid,ACH Bank Transfer,2026-01-25,2026-01-27,Not Requested
INV-000543,CUST-00096,Professional,6050.61,USD,Paid,Credit Card,2026-02-24,2026-02-25,Not Requested
INV-000544,CUST-00096,Professional,6050.61,USD,Paid,Credit Card,2026-03-26,2026-03-27,Not Requested
INV-000545,CUST-00096,Professional,6050.61,USD,Paid,ACH Bank Transfer,2026-04-25,2026-04-27,Not Requested
INV-000546,CUST-00096,Professional,6050.61,USD,Paid,ACH Bank Transfer,2026-05-25,2026-05-27,Not Requested
INV-000547,CUST-00096,Professional,6050.61,USD,Paid,Credit Card,2026-06-24,2026-07-03,Not Requested
INV-000548,CUST-00096,Professional,6050.61,USD,Paid,Credit Card,2026-07-24,2026-07-28,Not Requested
INV-000549,CUST-00097,Professional,4909.96,USD,Paid,Credit Card,2025-08-28,2025-08-30,Not Requested
INV-000550,CUST-00097,Professional,4909.96,USD,Paid,ACH Bank Transfer,2025-09-27,2025-09-28,Not Requested
INV-000551,CUST-00097,Professional,4909.96,USD,Paid,Credit Card,2025-10-27,2025-10-27,Not Requested
INV-000552,CUST-00097,Professional,4909.96,USD,Paid,Credit Card,2025-11-26,2025-11-27,Not Requested
INV-000553,CUST-00097,Professional,4909.96,USD,Paid,Credit Card,2025-12-26,2025-12-29,Not Requested
INV-000554,CUST-00097,Professional,4909.96,USD,Failed,Credit Card,2026-01-25,,Not Requested
INV-000555,CUST-00097,Professional,4909.96,USD,Paid,ACH Bank Transfer,2026-02-24,2026-02-28,Not Requested
INV-000556,CUST-00097,Professional,4909.96,USD,Failed,PayPal,2026-03-26,,Requested
INV-000557,CUST-00097,Professional,4909.96,USD,Paid,Credit Card,2026-04-25,2026-04-25,Not Requested
INV-000558,CUST-00097,Professional,4909.96,USD,Paid,Credit Card,2026-05-25,2026-05-25,Not Requested
INV-000559,CUST-00097,Professional,4909.96,USD,Paid,Credit Card,2026-06-24,2026-06-28,Not Requested
INV-000560,CUST-00097,Professional,4909.96,USD,Paid,Credit Card,2026-07-24,2026-07-24,Not Requested
INV-000561,CUST-00098,Starter,97.5,USD,Paid,PayPal,2025-08-28,2025-09-04,Not Requested
INV-000562,CUST-00098,Starter,97.5,USD,Paid,Credit Card,2025-09-27,2025-09-30,Not Requested
INV-000563,CUST-00098,Starter,97.5,USD,Paid,Credit Card,2025-10-27,2025-10-29,Not Requested
INV-000564,CUST-00098,Starter,97.5,USD,Paid,Credit Card,2025-11-26,2025-11-29,Not Requested
INV-000565,CUST-00098,Starter,97.5,USD,Paid,Credit Card,2025-12-26,2025-12-30,Not Requested
INV-000566,CUST-00098,Starter,97.5,USD,Paid,Credit Card,2026-01-25,2026-01-27,Not Requested
INV-000567,CUST-00098,Starter,97.5,USD,Pending,Credit Card,2026-02-24,,Not Requested
INV-000568,CUST-00098,Starter,97.5,USD,Paid,Credit Card,2026-03-26,2026-03-30,Not Requested
INV-000569,CUST-00098,Starter,97.5,USD,Paid,Credit Card,2026-04-25,2026-04-30,Not Requested
INV-000570,CUST-00098,Starter,97.5,USD,Pending,Credit Card,2026-05-25,,Not Requested
INV-000571,CUST-00098,Starter,97.5,USD,Paid,Credit Card,2026-06-24,2026-06-25,Not Requested
INV-000572,CUST-00098,Starter,97.5,USD,Paid,Credit Card,2026-07-24,2026-07-26,Not Requested
INV-000573,CUST-00099,Starter,6010.87,EUR,Paid,Credit Card,2025-08-28,2025-08-28,Not Requested
INV-000574,CUST-00100,Professional,6486.11,EUR,Paid,PayPal,2025-08-28,2025-09-03,Not Requested
INV-000575,CUST-00100,Professional,6486.11,EUR,Paid,Credit Card,2025-09-27,2025-09-29,Not Requested
INV-000576,CUST-00100,Professional,6486.11,EUR,Pending,Credit Card,2025-10-27,,Not Requested
INV-000577,CUST-00100,Professional,6486.11,EUR,Paid,Credit Card,2025-11-26,2025-12-03,Not Requested
INV-000578,CUST-00100,Professional,6486.11,EUR,Paid,Credit Card,2025-12-26,2025-12-26,Not Requested
INV-000579,CUST-00100,Professional,6486.11,EUR,Paid,PayPal,2026-01-25,2026-01-27,Not Requested
INV-000580,CUST-00100,Professional,6486.11,EUR,Paid,Credit Card,2026-02-24,2026-02-25,Not Requested
INV-000581,CUST-00100,Professional,6486.11,EUR,Paid,Credit Card,2026-03-26,2026-03-30,Not Requested
INV-000582,CUST-00100,Professional,6486.11,EUR,Paid,Credit Card,2026-04-25,2026-04-25,Not Requested
INV-000583,CUST-00100,Professional,6486.11,EUR,Paid,Credit Card,2026-05-25,2026-05-29,Not Requested
INV-000584,CUST-00100,Professional,6486.11,EUR,Paid,Credit Card,2026-06-24,2026-06-26,Not Requested
INV-000585,CUST-00100,Professional,6486.11,EUR,Paid,Credit Card,2026-07-24,2026-07-25,Not Requested
INV-000586,CUST-00101,Professional,66358.06,USD,Paid,Credit Card,2026-03-06,2026-03-10,Not Requested
INV-000587,CUST-00102,Professional,110312.26,USD,Paid,ACH Bank Transfer,2025-08-28,2025-08-29,Not Requested
INV-000588,CUST-00103,Starter,5367.08,USD,Paid,Credit Card,2025-11-24,2025-11-28,Not Requested
INV-000589,CUST-00104,Enterprise,884327.85,USD,Paid,Wire Transfer,2025-08-28,2025-09-02,Not Requested
INV-000590,CUST-00105,Professional,8280.93,USD,Paid,Credit Card,2025-08-28,2025-08-31,Not Requested
INV-000591,CUST-00105,Professional,8280.93,USD,Paid,Credit Card,2025-09-27,2025-09-27,Not Requested
INV-000592,CUST-00105,Professional,8280.93,USD,Paid,PayPal,2025-10-27,2025-10-28,Not Requested
INV-000593,CUST-00105,Professional,8280.93,USD,Paid,Credit Card,2025-11-26,2025-11-26,Not Requested
INV-000594,CUST-00105,Professional,8280.93,USD,Paid,Credit Card,2025-12-26,2025-12-28,Not Requested
INV-000595,CUST-00105,Professional,8280.93,USD,Pending,Credit Card,2026-01-25,,Not Requested
INV-000596,CUST-00105,Professional,8280.93,USD,Paid,Credit Card,2026-02-24,2026-02-24,Not Requested
INV-000597,CUST-00105,Professional,8280.93,USD,Paid,Credit Card,2026-03-26,2026-03-28,Not Requested
INV-000598,CUST-00105,Professional,8280.93,USD,Paid,PayPal,2026-04-25,2026-04-25,Not Requested
INV-000599,CUST-00105,Professional,8280.93,USD,Paid,Credit Card,2026-05-25,2026-05-27,Not Requested
INV-000600,CUST-00105,Professional,8280.93,USD,Paid,Credit Card,2026-06-24,2026-06-27,Not Requested
INV-000601,CUST-00105,Professional,8280.93,USD,Paid,Credit Card,2026-07-24,2026-07-26,Not Requested
INV-000602,CUST-00106,Starter,624.73,USD,Paid,Credit Card,2025-08-28,2025-08-30,Not Requested
INV-000603,CUST-00106,Starter,624.73,USD,Paid,Credit Card,2025-09-27,2025-10-04,Not Requested
INV-000604,CUST-00106,Starter,624.73,USD,Paid,Credit Card,2025-10-27,2025-10-29,Not Requested
INV-000605,CUST-00106,Starter,624.73,USD,Paid,Credit Card,2025-11-26,2025-11-26,Not Requested
INV-000606,CUST-00106,Starter,624.73,USD,Paid,Credit Card,2025-12-26,2026-01-01,Not Requested
INV-000607,CUST-00106,Starter,624.73,USD,Failed,Credit Card,2026-01-25,,Not Requested
INV-000608,CUST-00106,Starter,624.73,USD,Paid,ACH Bank Transfer,2026-02-24,2026-02-24,Not Requested
INV-000609,CUST-00106,Starter,624.73,USD,Paid,Credit Card,2026-03-26,2026-03-28,Not Requested
INV-000610,CUST-00106,Starter,624.73,USD,Paid,Credit Card,2026-04-25,2026-04-25,Not Requested
INV-000611,CUST-00106,Starter,624.73,USD,Paid,Credit Card,2026-05-25,2026-05-26,Not Requested
INV-000612,CUST-00106,Starter,624.73,USD,Paid,Credit Card,2026-06-24,2026-06-26,Not Requested
INV-000613,CUST-00106,Starter,624.73,USD,Refunded,Credit Card,2026-07-24,2026-07-28,Approved - Refunded
INV-000614,CUST-00107,Professional,22818.02,USD,Paid,Credit Card,2025-08-28,2025-08-29,Not Requested
INV-000615,CUST-00109,Starter,84.71,USD,Paid,Credit Card,2025-08-28,2025-08-29,Not Requested
INV-000616,CUST-00109,Starter,84.71,USD,Paid,Credit Card,2025-09-27,2025-10-02,Not Requested
INV-000617,CUST-00109,Starter,84.71,USD,Paid,Credit Card,2025-10-27,2025-11-02,Not Requested
INV-000618,CUST-00109,Starter,84.71,USD,Paid,Credit Card,2025-11-26,2025-11-28,Not Requested
INV-000619,CUST-00109,Starter,84.71,USD,Paid,Credit Card,2025-12-26,2025-12-27,Not Requested
INV-000620,CUST-00109,Starter,84.71,USD,Pending,Credit Card,2026-01-25,,Not Requested
INV-000621,CUST-00109,Starter,84.71,USD,Paid,Credit Card,2026-02-24,2026-02-25,Not Requested
INV-000622,CUST-00109,Starter,84.71,USD,Paid,Credit Card,2026-03-26,2026-03-28,Not Requested
INV-000623,CUST-00109,Starter,84.71,USD,Paid,Credit Card,2026-04-25,2026-04-28,Not Requested
INV-000624,CUST-00109,Starter,84.71,USD,Paid,Credit Card,2026-05-25,2026-05-28,Not Requested
INV-000625,CUST-00109,Starter,84.71,USD,Paid,Credit Card,2026-06-24,2026-06-27,Not Requested
INV-000626,CUST-00109,Starter,84.71,USD,Paid,Credit Card,2026-07-24,2026-07-30,Not Requested
INV-000627,CUST-00110,Starter,7228.53,USD,Paid,Credit Card,2025-08-28,2025-09-01,Not Requested
INV-000628,CUST-00112,Starter,117.85,AUD,Paid,Credit Card,2025-08-28,2025-09-03,Not Requested
INV-000629,CUST-00112,Starter,117.85,AUD,Paid,Credit Card,2025-09-27,2025-09-29,Not Requested
INV-000630,CUST-00112,Starter,117.85,AUD,Paid,Credit Card,2025-10-27,2025-11-01,Not Requested
INV-000631,CUST-00112,Starter,117.85,AUD,Paid,Credit Card,2025-11-26,2025-11-29,Not Requested
INV-000632,CUST-00112,Starter,117.85,AUD,Paid,Credit Card,2025-12-26,2025-12-26,Not Requested
INV-000633,CUST-00112,Starter,117.85,AUD,Paid,Credit Card,2026-01-25,2026-01-27,Not Requested
INV-000634,CUST-00112,Starter,117.85,AUD,Paid,PayPal,2026-02-24,2026-02-25,Not Requested
INV-000635,CUST-00112,Starter,117.85,AUD,Paid,Credit Card,2026-03-26,2026-03-28,Not Requested
INV-000636,CUST-00112,Starter,117.85,AUD,Paid,Credit Card,2026-04-25,2026-04-27,Not Requested
INV-000637,CUST-00112,Starter,117.85,AUD,Paid,Credit Card,2026-05-25,2026-05-27,Not Requested
INV-000638,CUST-00112,Starter,117.85,AUD,Paid,Credit Card,2026-06-24,2026-06-27,Not Requested
INV-000639,CUST-00112,Starter,117.85,AUD,Paid,Credit Card,2026-07-24,2026-07-26,Not Requested
INV-000640,CUST-00113,Professional,80399.72,EUR,Paid,Credit Card,2025-08-28,2025-08-31,Not Requested
INV-000641,CUST-00114,Starter,629.26,USD,Paid,Credit Card,2025-08-28,2025-08-28,Not Requested
INV-000642,CUST-00114,Starter,629.26,USD,Paid,Credit Card,2025-09-27,2025-09-29,Not Requested
INV-000643,CUST-00114,Starter,629.26,USD,Paid,Credit Card,2025-10-27,2025-10-27,Not Requested
INV-000644,CUST-00114,Starter,629.26,USD,Paid,Credit Card,2025-11-26,2025-12-01,Not Requested
INV-000645,CUST-00114,Starter,629.26,USD,Paid,Credit Card,2025-12-26,2025-12-31,Not Requested
INV-000646,CUST-00114,Starter,629.26,USD,Paid,Credit Card,2026-01-25,2026-01-26,Not Requested
INV-000647,CUST-00114,Starter,629.26,USD,Paid,PayPal,2026-02-24,2026-03-02,Not Requested
INV-000648,CUST-00114,Starter,629.26,USD,Paid,Credit Card,2026-03-26,2026-04-03,Not Requested
INV-000649,CUST-00114,Starter,629.26,USD,Paid,Credit Card,2026-04-25,2026-04-28,Not Requested
INV-000650,CUST-00114,Starter,629.26,USD,Paid,Credit Card,2026-05-25,2026-05-27,Not Requested
INV-000651,CUST-00114,Starter,629.26,USD,Paid,Credit Card,2026-06-24,2026-06-25,Not Requested
INV-000652,CUST-00114,Starter,629.26,USD,Paid,Credit Card,2026-07-24,2026-07-25,Not Requested
INV-000653,CUST-00115,Professional,54857.44,USD,Refunded,Credit Card,2025-11-21,2025-11-27,Approved - Refunded
INV-000654,CUST-00117,Starter,271.55,USD,Paid,Credit Card,2025-08-28,2025-08-29,Not Requested
INV-000655,CUST-00117,Starter,271.55,USD,Paid,Credit Card,2025-09-27,2025-09-28,Not Requested
INV-000656,CUST-00117,Starter,271.55,USD,Paid,Credit Card,2025-10-27,2025-10-27,Not Requested
INV-000657,CUST-00117,Starter,271.55,USD,Paid,Credit Card,2025-11-26,2025-12-01,Not Requested
INV-000658,CUST-00117,Starter,271.55,USD,Paid,Credit Card,2025-12-26,2025-12-26,Not Requested
INV-000659,CUST-00117,Starter,271.55,USD,Paid,Credit Card,2026-01-25,2026-01-25,Not Requested
INV-000660,CUST-00117,Starter,271.55,USD,Paid,Credit Card,2026-02-24,2026-02-28,Not Requested
INV-000661,CUST-00117,Starter,271.55,USD,Paid,PayPal,2026-03-26,2026-03-26,Not Requested
INV-000662,CUST-00117,Starter,271.55,USD,Paid,Credit Card,2026-04-25,2026-04-26,Not Requested
INV-000663,CUST-00117,Starter,271.55,USD,Paid,Credit Card,2026-05-25,2026-05-28,Not Requested
INV-000664,CUST-00117,Starter,271.55,USD,Paid,Credit Card,2026-06-24,2026-06-24,Not Requested
INV-000665,CUST-00117,Starter,271.55,USD,Paid,Credit Card,2026-07-24,2026-07-27,Not Requested
INV-000666,CUST-00118,Enterprise,2928542.25,USD,Paid,ACH Bank Transfer,2025-08-28,2025-08-29,Not Requested
INV-000667,CUST-00119,Professional,948.99,USD,Paid,Credit Card,2025-08-28,2025-09-03,Not Requested
INV-000668,CUST-00119,Professional,948.99,USD,Paid,PayPal,2025-09-27,2025-10-07,Not Requested
INV-000669,CUST-00119,Professional,948.99,USD,Paid,Credit Card,2025-10-27,2025-11-01,Not Requested
INV-000670,CUST-00119,Professional,948.99,USD,Paid,Credit Card,2025-11-26,2025-12-02,Not Requested
INV-000671,CUST-00119,Professional,948.99,USD,Paid,Credit Card,2025-12-26,2026-01-01,Not Requested
INV-000672,CUST-00119,Professional,948.99,USD,Paid,Credit Card,2026-01-25,2026-01-25,Not Requested
INV-000673,CUST-00119,Professional,948.99,USD,Paid,ACH Bank Transfer,2026-02-24,2026-02-24,Not Requested
INV-000674,CUST-00119,Professional,948.99,USD,Paid,Credit Card,2026-03-26,2026-03-26,Not Requested
INV-000675,CUST-00119,Professional,948.99,USD,Pending,ACH Bank Transfer,2026-04-25,,Not Requested
INV-000676,CUST-00119,Professional,948.99,USD,Paid,Credit Card,2026-05-25,2026-05-25,Not Requested
INV-000677,CUST-00119,Professional,948.99,USD,Paid,Credit Card,2026-06-24,2026-06-29,Not Requested
INV-000678,CUST-00119,Professional,948.99,USD,Paid,Credit Card,2026-07-24,2026-07-25,Not Requested
INV-000679,CUST-00120,Starter,7368.11,USD,Paid,Credit Card,2025-08-28,2025-08-29,Not Requested
INV-000680,CUST-00121,Professional,3102.67,USD,Paid,Credit Card,2025-08-28,2025-09-02,Not Requested
INV-000681,CUST-00121,Professional,3102.67,USD,Paid,Credit Card,2025-09-27,2025-09-29,Not Requested
INV-000682,CUST-00121,Professional,3102.67,USD,Paid,Credit Card,2025-10-27,2025-11-01,Not Requested
INV-000683,CUST-00121,Professional,3102.67,USD,Paid,Credit Card,2025-11-26,2025-11-27,Not Requested
INV-000684,CUST-00121,Professional,3102.67,USD,Paid,Credit Card,2025-12-26,2025-12-26,Not Requested
INV-000685,CUST-00121,Professional,3102.67,USD,Paid,Credit Card,2026-01-25,2026-01-25,Not Requested
INV-000686,CUST-00121,Professional,3102.67,USD,Paid,Credit Card,2026-02-24,2026-02-25,Not Requested
INV-000687,CUST-00121,Professional,3102.67,USD,Refunded,Credit Card,2026-03-26,2026-03-28,Denied
INV-000688,CUST-00121,Professional,3102.67,USD,Refunded,ACH Bank Transfer,2026-04-25,2026-04-28,Approved - Refunded
INV-000689,CUST-00121,Professional,3102.67,USD,Paid,Credit Card,2026-05-25,2026-05-29,Not Requested
INV-000690,CUST-00121,Professional,3102.67,USD,Paid,Credit Card,2026-06-24,2026-06-25,Not Requested
INV-000691,CUST-00121,Professional,3102.67,USD,Paid,ACH Bank Transfer,2026-07-24,2026-07-29,Not Requested
INV-000692,CUST-00122,Starter,3491.15,EUR,Paid,Credit Card,2025-08-28,2025-08-29,Not Requested
INV-000693,CUST-00123,Starter,7882.15,USD,Paid,Credit Card,2025-08-28,2025-09-02,Not Requested
INV-000694,CUST-00124,Professional,18692.82,USD,Paid,Credit Card,2025-08-28,2025-08-28,Not Requested
INV-000695,CUST-00125,Professional,6730.27,EUR,Paid,Credit Card,2025-08-28,2025-08-29,Not Requested
INV-000696,CUST-00125,Professional,6730.27,EUR,Paid,PayPal,2025-09-27,2025-10-01,Not Requested
INV-000697,CUST-00125,Professional,6730.27,EUR,Paid,Credit Card,2025-10-27,2025-10-29,Not Requested
INV-000698,CUST-00125,Professional,6730.27,EUR,Paid,ACH Bank Transfer,2025-11-26,2025-11-29,Not Requested
INV-000699,CUST-00125,Professional,6730.27,EUR,Paid,Credit Card,2025-12-26,2025-12-28,Not Requested
INV-000700,CUST-00125,Professional,6730.27,EUR,Paid,Credit Card,2026-01-25,2026-01-31,Not Requested
INV-000701,CUST-00125,Professional,6730.27,EUR,Paid,ACH Bank Transfer,2026-02-24,2026-02-25,Not Requested
INV-000702,CUST-00125,Professional,6730.27,EUR,Paid,Credit Card,2026-03-26,2026-03-27,Not Requested
INV-000703,CUST-00125,Professional,6730.27,EUR,Paid,Credit Card,2026-04-25,2026-04-28,Not Requested
INV-000704,CUST-00125,Professional,6730.27,EUR,Paid,Credit Card,2026-05-25,2026-05-27,Not Requested
INV-000705,CUST-00125,Professional,6730.27,EUR,Failed,Credit Card,2026-06-24,,Not Requested
INV-000706,CUST-00125,Professional,6730.27,EUR,Failed,Credit Card,2026-07-24,,Not Requested
INV-000707,CUST-00126,Starter,777.74,AUD,Paid,Credit Card,2025-08-28,2025-08-30,Not Requested
INV-000708,CUST-00126,Starter,777.74,AUD,Paid,Credit Card,2025-09-27,2025-09-30,Not Requested
INV-000709,CUST-00126,Starter,777.74,AUD,Paid,PayPal,2025-10-27,2025-10-29,Not Requested
INV-000710,CUST-00126,Starter,777.74,AUD,Paid,Credit Card,2025-11-26,2025-11-28,Not Requested
INV-000711,CUST-00126,Starter,777.74,AUD,Paid,Credit Card,2025-12-26,2025-12-29,Not Requested
INV-000712,CUST-00126,Starter,777.74,AUD,Paid,ACH Bank Transfer,2026-01-25,2026-01-27,Not Requested
INV-000713,CUST-00126,Starter,777.74,AUD,Paid,Credit Card,2026-02-24,2026-02-24,Not Requested
INV-000714,CUST-00126,Starter,777.74,AUD,Paid,Credit Card,2026-03-26,2026-03-26,Not Requested
INV-000715,CUST-00126,Starter,777.74,AUD,Paid,Credit Card,2026-04-25,2026-04-30,Not Requested
INV-000716,CUST-00126,Starter,777.74,AUD,Pending,Credit Card,2026-05-25,,Not Requested
INV-000717,CUST-00126,Starter,777.74,AUD,Paid,Credit Card,2026-06-24,2026-06-29,Not Requested
INV-000718,CUST-00126,Starter,777.74,AUD,Paid,Credit Card,2026-07-24,2026-07-25,Not Requested
INV-000719,CUST-00127,Enterprise,1011577.6,USD,Paid,ACH Bank Transfer,2025-10-01,2025-10-07,Not Requested
INV-000720,CUST-00128,Professional,7578.56,EUR,Paid,Credit Card,2025-08-28,2025-08-28,Not Requested
INV-000721,CUST-00129,Professional,6299.01,USD,Paid,Credit Card,2025-08-28,2025-08-30,Not Requested
INV-000722,CUST-00130,Professional,5425.28,USD,Failed,Credit Card,2025-08-28,,Not Requested
INV-000723,CUST-00130,Professional,5425.28,USD,Paid,Credit Card,2025-09-27,2025-10-02,Not Requested
INV-000724,CUST-00130,Professional,5425.28,USD,Paid,Credit Card,2025-10-27,2025-11-06,Not Requested
INV-000725,CUST-00130,Professional,5425.28,USD,Paid,Credit Card,2025-11-26,2025-11-28,Not Requested
INV-000726,CUST-00130,Professional,5425.28,USD,Paid,Credit Card,2025-12-26,2025-12-27,Not Requested
INV-000727,CUST-00130,Professional,5425.28,USD,Paid,Credit Card,2026-01-25,2026-01-25,Not Requested
INV-000728,CUST-00130,Professional,5425.28,USD,Paid,Credit Card,2026-02-24,2026-03-01,Not Requested
INV-000729,CUST-00130,Professional,5425.28,USD,Paid,Credit Card,2026-03-26,2026-03-27,Not Requested
INV-000730,CUST-00130,Professional,5425.28,USD,Paid,ACH Bank Transfer,2026-04-25,2026-04-27,Not Requested
INV-000731,CUST-00130,Professional,5425.28,USD,Paid,Credit Card,2026-05-25,2026-05-25,Not Requested
INV-000732,CUST-00130,Professional,5425.28,USD,Paid,ACH Bank Transfer,2026-06-24,2026-06-25,Not Requested
INV-000733,CUST-00130,Professional,5425.28,USD,Paid,Credit Card,2026-07-24,2026-07-27,Not Requested
INV-000734,CUST-00131,Enterprise,934945.82,USD,Paid,ACH Bank Transfer,2025-08-28,2025-08-28,Not Requested
INV-000735,CUST-00132,Starter,107.25,USD,Paid,Credit Card,2025-08-28,2025-08-28,Not Requested
INV-000736,CUST-00132,Starter,107.25,USD,Paid,Credit Card,2025-09-27,2025-10-05,Not Requested
INV-000737,CUST-00132,Starter,107.25,USD,Paid,Credit Card,2025-10-27,2025-10-27,Not Requested
INV-000738,CUST-00132,Starter,107.25,USD,Paid,Credit Card,2025-11-26,2025-11-27,Not Requested
INV-000739,CUST-00132,Starter,107.25,USD,Paid,PayPal,2025-12-26,2025-12-28,Not Requested
INV-000740,CUST-00132,Starter,107.25,USD,Refunded,Credit Card,2026-01-25,2026-01-27,Approved - Refunded
INV-000741,CUST-00132,Starter,107.25,USD,Paid,Credit Card,2026-02-24,2026-02-27,Not Requested
INV-000742,CUST-00132,Starter,107.25,USD,Paid,Credit Card,2026-03-26,2026-03-31,Not Requested
INV-000743,CUST-00132,Starter,107.25,USD,Paid,Credit Card,2026-04-25,2026-04-28,Not Requested
INV-000744,CUST-00132,Starter,107.25,USD,Paid,Credit Card,2026-05-25,2026-06-04,Not Requested
INV-000745,CUST-00132,Starter,107.25,USD,Paid,Credit Card,2026-06-24,2026-06-26,Not Requested
INV-000746,CUST-00132,Starter,107.25,USD,Paid,Credit Card,2026-07-24,2026-07-24,Not Requested
INV-000747,CUST-00133,Starter,410.53,USD,Paid,Credit Card,2025-08-28,2025-09-04,Not Requested
INV-000748,CUST-00133,Starter,410.53,USD,Paid,Credit Card,2025-09-27,2025-09-29,Not Requested
INV-000749,CUST-00133,Starter,410.53,USD,Failed,PayPal,2025-10-27,,Not Requested
INV-000750,CUST-00133,Starter,410.53,USD,Failed,Credit Card,2025-11-26,,Requested
INV-000751,CUST-00133,Starter,410.53,USD,Pending,Credit Card,2025-12-26,,Not Requested
INV-000752,CUST-00133,Starter,410.53,USD,Paid,Credit Card,2026-01-25,2026-01-28,Not Requested
INV-000753,CUST-00133,Starter,410.53,USD,Paid,Credit Card,2026-02-24,2026-03-01,Not Requested
INV-000754,CUST-00133,Starter,410.53,USD,Paid,Credit Card,2026-03-26,2026-03-27,Not Requested
INV-000755,CUST-00133,Starter,410.53,USD,Paid,Credit Card,2026-04-25,2026-05-01,Not Requested
INV-000756,CUST-00133,Starter,410.53,USD,Paid,Credit Card,2026-05-25,2026-05-25,Not Requested
INV-000757,CUST-00133,Starter,410.53,USD,Failed,Credit Card,2026-06-24,,Not Requested
INV-000758,CUST-00133,Starter,410.53,USD,Paid,Credit Card,2026-07-24,2026-07-24,Not Requested
INV-000759,CUST-00134,Professional,3451.51,USD,Paid,Credit Card,2025-08-28,2025-08-30,Not Requested
INV-000760,CUST-00134,Professional,3451.51,USD,Failed,Credit Card,2025-09-27,,Not Requested
INV-000761,CUST-00134,Professional,3451.51,USD,Paid,Credit Card,2025-10-27,2025-10-28,Not Requested
INV-000762,CUST-00134,Professional,3451.51,USD,Paid,Credit Card,2025-11-26,2025-11-26,Not Requested
INV-000763,CUST-00134,Professional,3451.51,USD,Paid,Credit Card,2025-12-26,2025-12-26,Not Requested
INV-000764,CUST-00134,Professional,3451.51,USD,Paid,Credit Card,2026-01-25,2026-01-26,Not Requested
INV-000765,CUST-00134,Professional,3451.51,USD,Paid,Credit Card,2026-02-24,2026-02-26,Not Requested
INV-000766,CUST-00134,Professional,3451.51,USD,Paid,ACH Bank Transfer,2026-03-26,2026-03-28,Not Requested
INV-000767,CUST-00134,Professional,3451.51,USD,Paid,Credit Card,2026-04-25,2026-04-28,Not Requested
INV-000768,CUST-00134,Professional,3451.51,USD,Paid,ACH Bank Transfer,2026-05-25,2026-05-27,Not Requested
INV-000769,CUST-00134,Professional,3451.51,USD,Paid,Credit Card,2026-06-24,2026-06-26,Not Requested
INV-000770,CUST-00134,Professional,3451.51,USD,Paid,Credit Card,2026-07-24,2026-07-25,Not Requested
INV-000771,CUST-00135,Professional,5167.58,USD,Paid,Credit Card,2025-08-28,2025-08-29,Not Requested
INV-000772,CUST-00135,Professional,5167.58,USD,Paid,Credit Card,2025-09-27,2025-09-29,Not Requested
INV-000773,CUST-00135,Professional,5167.58,USD,Paid,Credit Card,2025-10-27,2025-10-29,Not Requested
INV-000774,CUST-00135,Professional,5167.58,USD,Paid,Credit Card,2025-11-26,2025-11-30,Not Requested
INV-000775,CUST-00135,Professional,5167.58,USD,Paid,Credit Card,2025-12-26,2025-12-29,Not Requested
INV-000776,CUST-00135,Professional,5167.58,USD,Paid,Credit Card,2026-01-25,2026-01-27,Not Requested
INV-000777,CUST-00135,Professional,5167.58,USD,Paid,Credit Card,2026-02-24,2026-02-25,Not Requested
INV-000778,CUST-00135,Professional,5167.58,USD,Paid,Credit Card,2026-03-26,2026-03-31,Not Requested
INV-000779,CUST-00135,Professional,5167.58,USD,Paid,PayPal,2026-04-25,2026-04-28,Not Requested
INV-000780,CUST-00135,Professional,5167.58,USD,Paid,Credit Card,2026-05-25,2026-05-28,Not Requested
INV-000781,CUST-00135,Professional,5167.58,USD,Failed,Credit Card,2026-06-24,,Not Requested
INV-000782,CUST-00135,Professional,5167.58,USD,Paid,Credit Card,2026-07-24,2026-07-26,Not Requested
INV-000783,CUST-00136,Enterprise,816617.47,USD,Paid,ACH Bank Transfer,2025-08-28,2025-08-29,Not Requested
INV-000784,CUST-00137,Professional,18065.03,EUR,Paid,Credit Card,2025-08-28,2025-08-30,Not Requested
INV-000785,CUST-00138,Professional,5945.4,USD,Paid,Credit Card,2025-08-28,2025-08-31,Not Requested
INV-000786,CUST-00139,Professional,3807.35,USD,Paid,Credit Card,2026-06-05,2026-06-06,Not Requested
INV-000787,CUST-00139,Professional,3807.35,USD,Paid,Credit Card,2026-07-05,2026-07-05,Not Requested
INV-000788,CUST-00140,Enterprise,468634.38,EUR,Paid,ACH Bank Transfer,2025-08-28,2025-09-02,Not Requested
INV-000789,CUST-00141,Professional,110897.53,USD,Paid,Credit Card,2025-08-28,2025-08-31,Not Requested
INV-000790,CUST-00144,Professional,1188.11,EUR,Paid,Credit Card,2025-08-28,2025-08-30,Not Requested
INV-000791,CUST-00144,Professional,1188.11,EUR,Paid,Credit Card,2025-09-27,2025-10-01,Not Requested
INV-000792,CUST-00144,Professional,1188.11,EUR,Paid,ACH Bank Transfer,2025-10-27,2025-10-29,Not Requested
INV-000793,CUST-00144,Professional,1188.11,EUR,Paid,Credit Card,2025-11-26,2025-12-01,Not Requested
INV-000794,CUST-00144,Professional,1188.11,EUR,Paid,Credit Card,2025-12-26,2025-12-29,Not Requested
INV-000795,CUST-00144,Professional,1188.11,EUR,Paid,Credit Card,2026-01-25,2026-01-25,Not Requested
INV-000796,CUST-00144,Professional,1188.11,EUR,Paid,Credit Card,2026-02-24,2026-02-24,Not Requested
INV-000797,CUST-00144,Professional,1188.11,EUR,Paid,Credit Card,2026-03-26,2026-03-26,Not Requested
INV-000798,CUST-00144,Professional,1188.11,EUR,Paid,PayPal,2026-04-25,2026-04-25,Not Requested
INV-000799,CUST-00144,Professional,1188.11,EUR,Paid,ACH Bank Transfer,2026-05-25,2026-05-29,Not Requested
INV-000800,CUST-00144,Professional,1188.11,EUR,Paid,Credit Card,2026-06-24,2026-07-01,Not Requested
INV-000801,CUST-00144,Professional,1188.11,EUR,Paid,Credit Card,2026-07-24,2026-07-28,Not Requested
INV-000802,CUST-00145,Starter,535.47,USD,Paid,Credit Card,2025-08-28,2025-08-28,Not Requested
INV-000803,CUST-00145,Starter,535.47,USD,Paid,Credit Card,2025-09-27,2025-10-01,Not Requested
INV-000804,CUST-00145,Starter,535.47,USD,Paid,Credit Card,2025-10-27,2025-10-28,Not Requested
INV-000805,CUST-00145,Starter,535.47,USD,Paid,Credit Card,2025-11-26,2025-11-28,Not Requested
INV-000806,CUST-00145,Starter,535.47,USD,Paid,Credit Card,2025-12-26,2025-12-28,Not Requested
INV-000807,CUST-00145,Starter,535.47,USD,Paid,Credit Card,2026-01-25,2026-01-31,Not Requested
INV-000808,CUST-00145,Starter,535.47,USD,Paid,Credit Card,2026-02-24,2026-02-26,Not Requested
INV-000809,CUST-00145,Starter,535.47,USD,Paid,Credit Card,2026-03-26,2026-03-31,Not Requested
INV-000810,CUST-00145,Starter,535.47,USD,Paid,Credit Card,2026-04-25,2026-04-28,Not Requested
INV-000811,CUST-00145,Starter,535.47,USD,Paid,Credit Card,2026-05-25,2026-05-26,Not Requested
INV-000812,CUST-00145,Starter,535.47,USD,Paid,Credit Card,2026-06-24,2026-06-25,Not Requested
INV-000813,CUST-00145,Starter,535.47,USD,Paid,Credit Card,2026-07-24,2026-07-25,Not Requested
INV-000814,CUST-00147,Professional,11279.89,CAD,Paid,ACH Bank Transfer,2025-08-28,2025-09-02,Not Requested
INV-000815,CUST-00147,Professional,11279.89,CAD,Paid,Credit Card,2025-09-27,2025-09-28,Not Requested
INV-000816,CUST-00147,Professional,11279.89,CAD,Paid,Credit Card,2025-10-27,2025-10-28,Not Requested
INV-000817,CUST-00147,Professional,11279.89,CAD,Paid,Credit Card,2025-11-26,2025-11-28,Not Requested
INV-000818,CUST-00147,Professional,11279.89,CAD,Paid,ACH Bank Transfer,2025-12-26,2025-12-31,Not Requested
INV-000819,CUST-00147,Professional,11279.89,CAD,Paid,Credit Card,2026-01-25,2026-01-26,Not Requested
INV-000820,CUST-00147,Professional,11279.89,CAD,Paid,Credit Card,2026-02-24,2026-03-02,Not Requested
INV-000821,CUST-00147,Professional,11279.89,CAD,Paid,Credit Card,2026-03-26,2026-03-26,Not Requested
INV-000822,CUST-00147,Professional,11279.89,CAD,Failed,Credit Card,2026-04-25,,Not Requested
INV-000823,CUST-00147,Professional,11279.89,CAD,Paid,Credit Card,2026-05-25,2026-05-27,Not Requested
INV-000824,CUST-00147,Professional,11279.89,CAD,Paid,ACH Bank Transfer,2026-06-24,2026-06-29,Not Requested
INV-000825,CUST-00147,Professional,11279.89,CAD,Paid,Credit Card,2026-07-24,2026-07-27,Not Requested
INV-000826,CUST-00149,Starter,8561.1,CAD,Refunded,Credit Card,2026-03-05,2026-03-05,Approved - Refunded
INV-000827,CUST-00150,Professional,5254.33,CAD,Paid,ACH Bank Transfer,2025-08-28,2025-08-29,Not Requested
INV-000828,CUST-00150,Professional,5254.33,CAD,Paid,Credit Card,2025-09-27,2025-09-27,Not Requested
INV-000829,CUST-00150,Professional,5254.33,CAD,Paid,Credit Card,2025-10-27,2025-10-29,Not Requested
INV-000830,CUST-00150,Professional,5254.33,CAD,Paid,Credit Card,2025-11-26,2025-11-29,Not Requested
INV-000831,CUST-00150,Professional,5254.33,CAD,Paid,Credit Card,2025-12-26,2025-12-29,Not Requested
INV-000832,CUST-00150,Professional,5254.33,CAD,Paid,Credit Card,2026-01-25,2026-01-30,Not Requested
INV-000833,CUST-00150,Professional,5254.33,CAD,Refunded,Credit Card,2026-02-24,2026-02-24,Approved - Refunded
INV-000834,CUST-00150,Professional,5254.33,CAD,Paid,Credit Card,2026-03-26,2026-03-31,Not Requested
INV-000835,CUST-00150,Professional,5254.33,CAD,Paid,Credit Card,2026-04-25,2026-04-27,Not Requested
INV-000836,CUST-00150,Professional,5254.33,CAD,Paid,ACH Bank Transfer,2026-05-25,2026-05-26,Not Requested
INV-000837,CUST-00150,Professional,5254.33,CAD,Paid,Credit Card,2026-06-24,2026-06-26,Not Requested
INV-000838,CUST-00150,Professional,5254.33,CAD,Paid,Credit Card,2026-07-24,2026-07-24,Not Requested
INV-000839,CUST-00151,Professional,48164.13,EUR,Paid,Credit Card,2026-07-11,2026-07-14,Not Requested
INV-000840,CUST-00152,Professional,77409.02,USD,Paid,Credit Card,2025-08-28,2025-08-29,Not Requested
INV-000841,CUST-00153,Starter,2871.2,USD,Paid,Credit Card,2025-08-28,2025-08-31,Not Requested
INV-000842,CUST-00155,Starter,626.85,USD,Paid,Credit Card,2025-08-28,2025-09-03,Not Requested
INV-000843,CUST-00155,Starter,626.85,USD,Paid,PayPal,2025-09-27,2025-09-29,Not Requested
INV-000844,CUST-00155,Starter,626.85,USD,Paid,Credit Card,2025-10-27,2025-10-29,Not Requested
INV-000845,CUST-00155,Starter,626.85,USD,Pending,Credit Card,2025-11-26,,Not Requested
INV-000846,CUST-00155,Starter,626.85,USD,Paid,Credit Card,2025-12-26,2025-12-26,Not Requested
INV-000847,CUST-00155,Starter,626.85,USD,Paid,Credit Card,2026-01-25,2026-01-26,Not Requested
INV-000848,CUST-00155,Starter,626.85,USD,Paid,Credit Card,2026-02-24,2026-02-26,Not Requested
INV-000849,CUST-00155,Starter,626.85,USD,Failed,Credit Card,2026-03-26,,Not Requested
INV-000850,CUST-00155,Starter,626.85,USD,Paid,PayPal,2026-04-25,2026-05-01,Not Requested
INV-000851,CUST-00155,Starter,626.85,USD,Paid,PayPal,2026-05-25,2026-06-02,Not Requested
INV-000852,CUST-00155,Starter,626.85,USD,Paid,PayPal,2026-06-24,2026-06-29,Not Requested
INV-000853,CUST-00155,Starter,626.85,USD,Paid,Credit Card,2026-07-24,2026-07-28,Not Requested
INV-000854,CUST-00156,Enterprise,570738.77,USD,Paid,Wire Transfer,2025-08-28,2025-08-29,Not Requested
INV-000855,CUST-00157,Professional,2825.82,EUR,Paid,Credit Card,2025-08-28,2025-09-01,Not Requested
INV-000856,CUST-00157,Professional,2825.82,EUR,Paid,Credit Card,2025-09-27,2025-10-01,Not Requested
INV-000857,CUST-00157,Professional,2825.82,EUR,Paid,Credit Card,2025-10-27,2025-10-28,Not Requested
INV-000858,CUST-00157,Professional,2825.82,EUR,Paid,Credit Card,2025-11-26,2025-11-27,Not Requested
INV-000859,CUST-00157,Professional,2825.82,EUR,Paid,Credit Card,2025-12-26,2025-12-28,Not Requested
INV-000860,CUST-00157,Professional,2825.82,EUR,Paid,ACH Bank Transfer,2026-01-25,2026-01-27,Not Requested
INV-000861,CUST-00157,Professional,2825.82,EUR,Paid,ACH Bank Transfer,2026-02-24,2026-02-25,Not Requested
INV-000862,CUST-00157,Professional,2825.82,EUR,Paid,Credit Card,2026-03-26,2026-03-28,Not Requested
INV-000863,CUST-00157,Professional,2825.82,EUR,Failed,Credit Card,2026-04-25,,Not Requested
INV-000864,CUST-00157,Professional,2825.82,EUR,Pending,Credit Card,2026-05-25,,Not Requested
INV-000865,CUST-00157,Professional,2825.82,EUR,Paid,Credit Card,2026-06-24,2026-06-25,Not Requested
INV-000866,CUST-00157,Professional,2825.82,EUR,Paid,Credit Card,2026-07-24,2026-07-25,Not Requested
INV-000867,CUST-00158,Starter,370.42,EUR,Paid,PayPal,2025-08-28,2025-08-28,Not Requested
INV-000868,CUST-00158,Starter,370.42,EUR,Paid,Credit Card,2025-09-27,2025-10-03,Not Requested
INV-000869,CUST-00158,Starter,370.42,EUR,Paid,Credit Card,2025-10-27,2025-10-27,Not Requested
INV-000870,CUST-00158,Starter,370.42,EUR,Paid,Credit Card,2025-11-26,2025-11-30,Not Requested
INV-000871,CUST-00158,Starter,370.42,EUR,Paid,Credit Card,2025-12-26,2025-12-28,Not Requested
INV-000872,CUST-00158,Starter,370.42,EUR,Paid,Credit Card,2026-01-25,2026-01-26,Not Requested
INV-000873,CUST-00158,Starter,370.42,EUR,Paid,Credit Card,2026-02-24,2026-02-24,Not Requested
INV-000874,CUST-00158,Starter,370.42,EUR,Paid,Credit Card,2026-03-26,2026-03-29,Not Requested
INV-000875,CUST-00158,Starter,370.42,EUR,Paid,Credit Card,2026-04-25,2026-04-27,Not Requested
INV-000876,CUST-00158,Starter,370.42,EUR,Paid,Credit Card,2026-05-25,2026-05-26,Not Requested
INV-000877,CUST-00158,Starter,370.42,EUR,Paid,PayPal,2026-06-24,2026-06-26,Not Requested
INV-000878,CUST-00158,Starter,370.42,EUR,Paid,PayPal,2026-07-24,2026-07-25,Not Requested
INV-000879,CUST-00159,Professional,43220.12,USD,Paid,Credit Card,2025-08-28,2025-08-30,Not Requested
INV-000880,CUST-00160,Professional,11806.14,USD,Paid,Credit Card,2026-04-09,2026-04-10,Not Requested
INV-000881,CUST-00161,Professional,3765.99,USD,Paid,Credit Card,2025-08-28,2025-09-01,Not Requested
INV-000882,CUST-00161,Professional,3765.99,USD,Paid,ACH Bank Transfer,2025-09-27,2025-09-30,Not Requested
INV-000883,CUST-00161,Professional,3765.99,USD,Paid,Credit Card,2025-10-27,2025-10-28,Not Requested
INV-000884,CUST-00161,Professional,3765.99,USD,Paid,ACH Bank Transfer,2025-11-26,2025-11-27,Not Requested
INV-000885,CUST-00161,Professional,3765.99,USD,Paid,Credit Card,2025-12-26,2026-01-05,Not Requested
INV-000886,CUST-00161,Professional,3765.99,USD,Paid,Credit Card,2026-01-25,2026-01-27,Not Requested
INV-000887,CUST-00161,Professional,3765.99,USD,Paid,Credit Card,2026-02-24,2026-02-24,Not Requested
INV-000888,CUST-00161,Professional,3765.99,USD,Paid,PayPal,2026-03-26,2026-03-29,Not Requested
INV-000889,CUST-00161,Professional,3765.99,USD,Paid,Credit Card,2026-04-25,2026-04-26,Not Requested
INV-000890,CUST-00161,Professional,3765.99,USD,Pending,Credit Card,2026-05-25,,Not Requested
INV-000891,CUST-00161,Professional,3765.99,USD,Paid,Credit Card,2026-06-24,2026-06-27,Not Requested
INV-000892,CUST-00161,Professional,3765.99,USD,Paid,Credit Card,2026-07-24,2026-07-24,Not Requested
INV-000893,CUST-00162,Starter,7633.1,USD,Refunded,Credit Card,2025-08-28,2025-08-28,Approved - Refunded
INV-000894,CUST-00164,Professional,4026.75,USD,Failed,Credit Card,2025-08-28,,Not Requested
INV-000895,CUST-00165,Professional,8518.68,USD,Paid,Credit Card,2025-08-28,2025-08-30,Not Requested
INV-000896,CUST-00165,Professional,8518.68,USD,Paid,PayPal,2025-09-27,2025-09-30,Not Requested
INV-000897,CUST-00165,Professional,8518.68,USD,Paid,Credit Card,2025-10-27,2025-10-28,Not Requested
INV-000898,CUST-00165,Professional,8518.68,USD,Paid,Credit Card,2025-11-26,2025-11-26,Not Requested
INV-000899,CUST-00165,Professional,8518.68,USD,Paid,PayPal,2025-12-26,2025-12-29,Not Requested
INV-000900,CUST-00165,Professional,8518.68,USD,Paid,ACH Bank Transfer,2026-01-25,2026-01-25,Not Requested
INV-000901,CUST-00165,Professional,8518.68,USD,Paid,Credit Card,2026-02-24,2026-02-26,Not Requested
INV-000902,CUST-00165,Professional,8518.68,USD,Paid,PayPal,2026-03-26,2026-03-26,Not Requested
INV-000903,CUST-00165,Professional,8518.68,USD,Paid,PayPal,2026-04-25,2026-04-28,Not Requested
INV-000904,CUST-00165,Professional,8518.68,USD,Paid,Credit Card,2026-05-25,2026-05-25,Not Requested
INV-000905,CUST-00165,Professional,8518.68,USD,Paid,Credit Card,2026-06-24,2026-06-24,Not Requested
INV-000906,CUST-00165,Professional,8518.68,USD,Paid,PayPal,2026-07-24,2026-07-24,Not Requested
INV-000907,CUST-00166,Professional,36282.85,USD,Paid,Credit Card,2025-08-28,2025-09-05,Not Requested
INV-000908,CUST-00167,Professional,3476.61,USD,Paid,Credit Card,2025-08-28,2025-08-29,Not Requested
INV-000909,CUST-00168,Starter,147.1,USD,Failed,Credit Card,2025-08-28,,Not Requested
INV-000910,CUST-00168,Starter,147.1,USD,Paid,Credit Card,2025-09-27,2025-10-01,Not Requested
INV-000911,CUST-00168,Starter,147.1,USD,Paid,Credit Card,2025-10-27,2025-10-29,Not Requested
INV-000912,CUST-00168,Starter,147.1,USD,Paid,Credit Card,2025-11-26,2025-11-29,Not Requested
INV-000913,CUST-00168,Starter,147.1,USD,Pending,Credit Card,2025-12-26,,Not Requested
INV-000914,CUST-00168,Starter,147.1,USD,Paid,Credit Card,2026-01-25,2026-01-25,Not Requested
INV-000915,CUST-00168,Starter,147.1,USD,Paid,Credit Card,2026-02-24,2026-02-26,Not Requested
INV-000916,CUST-00168,Starter,147.1,USD,Paid,Credit Card,2026-03-26,2026-04-01,Not Requested
INV-000917,CUST-00168,Starter,147.1,USD,Paid,Credit Card,2026-04-25,2026-04-26,Not Requested
INV-000918,CUST-00168,Starter,147.1,USD,Paid,Credit Card,2026-05-25,2026-05-26,Not Requested
INV-000919,CUST-00168,Starter,147.1,USD,Paid,PayPal,2026-06-24,2026-06-26,Not Requested
INV-000920,CUST-00168,Starter,147.1,USD,Paid,PayPal,2026-07-24,2026-07-24,Not Requested
INV-000921,CUST-00169,Professional,3462.69,EUR,Paid,PayPal,2025-08-28,2025-08-28,Not Requested
INV-000922,CUST-00169,Professional,3462.69,EUR,Paid,ACH Bank Transfer,2025-09-27,2025-09-30,Not Requested
INV-000923,CUST-00169,Professional,3462.69,EUR,Paid,Credit Card,2025-10-27,2025-10-27,Not Requested
INV-000924,CUST-00169,Professional,3462.69,EUR,Paid,ACH Bank Transfer,2025-11-26,2025-11-27,Not Requested
INV-000925,CUST-00169,Professional,3462.69,EUR,Paid,Credit Card,2025-12-26,2025-12-28,Not Requested
INV-000926,CUST-00169,Professional,3462.69,EUR,Paid,Credit Card,2026-01-25,2026-01-26,Not Requested
INV-000927,CUST-00169,Professional,3462.69,EUR,Paid,Credit Card,2026-02-24,2026-02-24,Not Requested
INV-000928,CUST-00169,Professional,3462.69,EUR,Paid,Credit Card,2026-03-26,2026-03-28,Not Requested
INV-000929,CUST-00169,Professional,3462.69,EUR,Paid,Credit Card,2026-04-25,2026-04-27,Not Requested
INV-000930,CUST-00169,Professional,3462.69,EUR,Paid,Credit Card,2026-05-25,2026-05-25,Not Requested
INV-000931,CUST-00169,Professional,3462.69,EUR,Paid,Credit Card,2026-06-24,2026-06-26,Not Requested
INV-000932,CUST-00169,Professional,3462.69,EUR,Paid,Credit Card,2026-07-24,2026-07-28,Not Requested
INV-000933,CUST-00170,Starter,516.75,EUR,Paid,Credit Card,2025-08-28,2025-09-02,Not Requested
INV-000934,CUST-00170,Starter,516.75,EUR,Paid,Credit Card,2025-09-27,2025-10-05,Not Requested
INV-000935,CUST-00170,Starter,516.75,EUR,Paid,Credit Card,2025-10-27,2025-10-30,Not Requested
INV-000936,CUST-00170,Starter,516.75,EUR,Paid,Credit Card,2025-11-26,2025-11-29,Not Requested
INV-000937,CUST-00170,Starter,516.75,EUR,Paid,Credit Card,2025-12-26,2025-12-26,Not Requested
INV-000938,CUST-00170,Starter,516.75,EUR,Paid,Credit Card,2026-01-25,2026-01-27,Not Requested
INV-000939,CUST-00170,Starter,516.75,EUR,Paid,PayPal,2026-02-24,2026-02-28,Not Requested
INV-000940,CUST-00170,Starter,516.75,EUR,Paid,Credit Card,2026-03-26,2026-03-26,Not Requested
INV-000941,CUST-00170,Starter,516.75,EUR,Paid,Credit Card,2026-04-25,2026-04-29,Not Requested
INV-000942,CUST-00170,Starter,516.75,EUR,Paid,Credit Card,2026-05-25,2026-05-26,Not Requested
INV-000943,CUST-00170,Starter,516.75,EUR,Paid,Credit Card,2026-06-24,2026-07-01,Not Requested
INV-000944,CUST-00170,Starter,516.75,EUR,Paid,Credit Card,2026-07-24,2026-07-30,Not Requested
INV-000945,CUST-00172,Starter,222.51,USD,Paid,Credit Card,2025-08-28,2025-08-30,Not Requested
INV-000946,CUST-00172,Starter,222.51,USD,Paid,Credit Card,2025-09-27,2025-10-03,Not Requested
INV-000947,CUST-00172,Starter,222.51,USD,Failed,PayPal,2025-10-27,,Not Requested
INV-000948,CUST-00172,Starter,222.51,USD,Paid,PayPal,2025-11-26,2025-11-27,Not Requested
INV-000949,CUST-00172,Starter,222.51,USD,Failed,Credit Card,2025-12-26,,Requested
INV-000950,CUST-00172,Starter,222.51,USD,Paid,Credit Card,2026-01-25,2026-01-27,Not Requested
INV-000951,CUST-00172,Starter,222.51,USD,Paid,Credit Card,2026-02-24,2026-02-26,Not Requested
INV-000952,CUST-00172,Starter,222.51,USD,Paid,PayPal,2026-03-26,2026-03-29,Not Requested
INV-000953,CUST-00172,Starter,222.51,USD,Paid,PayPal,2026-04-25,2026-04-26,Not Requested
INV-000954,CUST-00172,Starter,222.51,USD,Paid,Credit Card,2026-05-25,2026-05-31,Not Requested
INV-000955,CUST-00172,Starter,222.51,USD,Paid,Credit Card,2026-06-24,2026-06-27,Not Requested
INV-000956,CUST-00172,Starter,222.51,USD,Failed,Credit Card,2026-07-24,,Not Requested
INV-000957,CUST-00173,Starter,366.18,USD,Paid,Credit Card,2025-08-28,2025-08-30,Not Requested
INV-000958,CUST-00173,Starter,366.18,USD,Paid,Credit Card,2025-09-27,2025-09-28,Not Requested
INV-000959,CUST-00173,Starter,366.18,USD,Paid,Credit Card,2025-10-27,2025-10-28,Not Requested
INV-000960,CUST-00173,Starter,366.18,USD,Paid,Credit Card,2025-11-26,2025-11-27,Not Requested
INV-000961,CUST-00173,Starter,366.18,USD,Paid,Credit Card,2025-12-26,2025-12-29,Not Requested
INV-000962,CUST-00173,Starter,366.18,USD,Paid,Credit Card,2026-01-25,2026-01-28,Not Requested
INV-000963,CUST-00173,Starter,366.18,USD,Paid,Credit Card,2026-02-24,2026-02-25,Not Requested
INV-000964,CUST-00173,Starter,366.18,USD,Paid,Credit Card,2026-03-26,2026-03-27,Not Requested
INV-000965,CUST-00173,Starter,366.18,USD,Paid,Credit Card,2026-04-25,2026-04-28,Not Requested
INV-000966,CUST-00173,Starter,366.18,USD,Paid,Credit Card,2026-05-25,2026-06-01,Not Requested
INV-000967,CUST-00173,Starter,366.18,USD,Paid,PayPal,2026-06-24,2026-06-29,Not Requested
INV-000968,CUST-00173,Starter,366.18,USD,Paid,Credit Card,2026-07-24,2026-07-24,Not Requested
INV-000969,CUST-00175,Starter,6359.68,USD,Paid,Credit Card,2025-08-28,2025-08-30,Not Requested
INV-000970,CUST-00176,Enterprise,2540327.16,CAD,Paid,Wire Transfer,2025-08-28,2025-09-01,Not Requested
INV-000971,CUST-00177,Professional,83839.32,USD,Failed,ACH Bank Transfer,2025-08-28,,Not Requested
INV-000972,CUST-00179,Starter,606.05,USD,Paid,Credit Card,2025-08-28,2025-09-02,Not Requested
INV-000973,CUST-00179,Starter,606.05,USD,Paid,Credit Card,2025-09-27,2025-09-28,Not Requested
INV-000974,CUST-00179,Starter,606.05,USD,Paid,Credit Card,2025-10-27,2025-10-28,Not Requested
INV-000975,CUST-00179,Starter,606.05,USD,Paid,Credit Card,2025-11-26,2025-12-01,Not Requested
INV-000976,CUST-00179,Starter,606.05,USD,Paid,Credit Card,2025-12-26,2025-12-28,Not Requested
INV-000977,CUST-00179,Starter,606.05,USD,Paid,Credit Card,2026-01-25,2026-01-28,Not Requested
INV-000978,CUST-00179,Starter,606.05,USD,Paid,Credit Card,2026-02-24,2026-02-25,Not Requested
INV-000979,CUST-00179,Starter,606.05,USD,Paid,Credit Card,2026-03-26,2026-03-31,Not Requested
INV-000980,CUST-00179,Starter,606.05,USD,Paid,Credit Card,2026-04-25,2026-04-26,Not Requested
INV-000981,CUST-00179,Starter,606.05,USD,Failed,Credit Card,2026-05-25,,Not Requested
INV-000982,CUST-00179,Starter,606.05,USD,Failed,Credit Card,2026-06-24,,Not Requested
INV-000983,CUST-00179,Starter,606.05,USD,Paid,Credit Card,2026-07-24,2026-07-25,Not Requested
INV-000984,CUST-00180,Starter,621.15,USD,Paid,Credit Card,2025-08-28,2025-08-31,Not Requested
INV-000985,CUST-00180,Starter,621.15,USD,Paid,Credit Card,2025-09-27,2025-10-01,Not Requested
INV-000986,CUST-00180,Starter,621.15,USD,Paid,Credit Card,2025-10-27,2025-10-29,Not Requested
INV-000987,CUST-00180,Starter,621.15,USD,Paid,Credit Card,2025-11-26,2025-11-26,Not Requested
INV-000988,CUST-00180,Starter,621.15,USD,Paid,Credit Card,2025-12-26,2025-12-27,Not Requested
INV-000989,CUST-00180,Starter,621.15,USD,Failed,Credit Card,2026-01-25,,Not Requested
INV-000990,CUST-00180,Starter,621.15,USD,Paid,Credit Card,2026-02-24,2026-02-26,Not Requested
INV-000991,CUST-00180,Starter,621.15,USD,Paid,Credit Card,2026-03-26,2026-03-27,Not Requested
INV-000992,CUST-00180,Starter,621.15,USD,Paid,Credit Card,2026-04-25,2026-04-27,Not Requested
INV-000993,CUST-00180,Starter,621.15,USD,Paid,Credit Card,2026-05-25,2026-05-28,Not Requested
INV-000994,CUST-00180,Starter,621.15,USD,Paid,Credit Card,2026-06-24,2026-07-01,Not Requested
INV-000995,CUST-00180,Starter,621.15,USD,Paid,Credit Card,2026-07-24,2026-07-25,Not Requested
INV-000996,CUST-00181,Starter,338.64,EUR,Paid,Credit Card,2025-08-28,2025-08-30,Not Requested
INV-000997,CUST-00181,Starter,338.64,EUR,Paid,Credit Card,2025-09-27,2025-09-30,Not Requested
INV-000998,CUST-00181,Starter,338.64,EUR,Paid,Credit Card,2025-10-27,2025-11-03,Not Requested
INV-000999,CUST-00181,Starter,338.64,EUR,Pending,Credit Card,2025-11-26,,Not Requested
INV-001000,CUST-00181,Starter,338.64,EUR,Paid,Credit Card,2025-12-26,2025-12-28,Not Requested
INV-001001,CUST-00181,Starter,338.64,EUR,Paid,Credit Card,2026-01-25,2026-01-28,Not Requested
INV-001002,CUST-00181,Starter,338.64,EUR,Paid,Credit Card,2026-02-24,2026-02-28,Not Requested
INV-001003,CUST-00181,Starter,338.64,EUR,Paid,Credit Card,2026-03-26,2026-03-28,Not Requested
INV-001004,CUST-00181,Starter,338.64,EUR,Paid,Credit Card,2026-04-25,2026-04-29,Not Requested
INV-001005,CUST-00181,Starter,338.64,EUR,Paid,Credit Card,2026-05-25,2026-05-25,Not Requested
INV-001006,CUST-00181,Starter,338.64,EUR,Paid,Credit Card,2026-06-24,2026-06-25,Not Requested
INV-001007,CUST-00181,Starter,338.64,EUR,Paid,Credit Card,2026-07-24,2026-07-27,Not Requested
INV-001008,CUST-00182,Professional,62734.08,USD,Paid,ACH Bank Transfer,2025-08-28,2025-08-31,Not Requested
INV-001009,CUST-00183,Professional,7221.34,USD,Paid,Credit Card,2025-08-28,2025-09-04,Not Requested
INV-001010,CUST-00183,Professional,7221.34,USD,Paid,PayPal,2025-09-27,2025-09-27,Not Requested
INV-001011,CUST-00183,Professional,7221.34,USD,Paid,Credit Card,2025-10-27,2025-10-29,Not Requested
INV-001012,CUST-00183,Professional,7221.34,USD,Paid,Credit Card,2025-11-26,2025-11-27,Not Requested
INV-001013,CUST-00183,Professional,7221.34,USD,Paid,PayPal,2025-12-26,2025-12-27,Not Requested
INV-001014,CUST-00183,Professional,7221.34,USD,Paid,Credit Card,2026-01-25,2026-01-28,Not Requested
INV-001015,CUST-00183,Professional,7221.34,USD,Paid,Credit Card,2026-02-24,2026-02-27,Not Requested
INV-001016,CUST-00183,Professional,7221.34,USD,Paid,Credit Card,2026-03-26,2026-03-27,Not Requested
INV-001017,CUST-00183,Professional,7221.34,USD,Paid,ACH Bank Transfer,2026-04-25,2026-04-27,Not Requested
INV-001018,CUST-00183,Professional,7221.34,USD,Paid,ACH Bank Transfer,2026-05-25,2026-05-25,Not Requested
INV-001019,CUST-00183,Professional,7221.34,USD,Paid,Credit Card,2026-06-24,2026-06-24,Not Requested
INV-001020,CUST-00183,Professional,7221.34,USD,Paid,Credit Card,2026-07-24,2026-07-25,Not Requested
INV-001021,CUST-00184,Professional,2716.32,USD,Paid,Credit Card,2025-08-28,2025-08-28,Not Requested
INV-001022,CUST-00184,Professional,2716.32,USD,Paid,Credit Card,2025-09-27,2025-09-29,Not Requested
INV-001023,CUST-00184,Professional,2716.32,USD,Paid,Credit Card,2025-10-27,2025-10-29,Not Requested
INV-001024,CUST-00184,Professional,2716.32,USD,Paid,PayPal,2025-11-26,2025-11-30,Not Requested
INV-001025,CUST-00184,Professional,2716.32,USD,Paid,ACH Bank Transfer,2025-12-26,2026-01-04,Not Requested
INV-001026,CUST-00184,Professional,2716.32,USD,Paid,Credit Card,2026-01-25,2026-01-29,Not Requested
INV-001027,CUST-00184,Professional,2716.32,USD,Paid,Credit Card,2026-02-24,2026-02-27,Not Requested
INV-001028,CUST-00184,Professional,2716.32,USD,Paid,Credit Card,2026-03-26,2026-03-28,Not Requested
INV-001029,CUST-00184,Professional,2716.32,USD,Paid,Credit Card,2026-04-25,2026-04-25,Not Requested
INV-001030,CUST-00184,Professional,2716.32,USD,Pending,Credit Card,2026-05-25,,Not Requested
INV-001031,CUST-00184,Professional,2716.32,USD,Paid,Credit Card,2026-06-24,2026-06-26,Not Requested
INV-001032,CUST-00184,Professional,2716.32,USD,Paid,Credit Card,2026-07-24,2026-07-29,Not Requested
INV-001033,CUST-00186,Starter,549.48,USD,Paid,Credit Card,2025-08-28,2025-08-28,Not Requested
INV-001034,CUST-00186,Starter,549.48,USD,Paid,Credit Card,2025-09-27,2025-09-30,Not Requested
INV-001035,CUST-00186,Starter,549.48,USD,Paid,Credit Card,2025-10-27,2025-10-28,Not Requested
INV-001036,CUST-00186,Starter,549.48,USD,Paid,ACH Bank Transfer,2025-11-26,2025-11-28,Not Requested
INV-001037,CUST-00186,Starter,549.48,USD,Paid,PayPal,2025-12-26,2025-12-27,Not Requested
INV-001038,CUST-00186,Starter,549.48,USD,Paid,Credit Card,2026-01-25,2026-01-27,Not Requested
INV-001039,CUST-00186,Starter,549.48,USD,Paid,Credit Card,2026-02-24,2026-02-27,Not Requested
INV-001040,CUST-00186,Starter,549.48,USD,Paid,Credit Card,2026-03-26,2026-03-28,Not Requested
INV-001041,CUST-00186,Starter,549.48,USD,Paid,Credit Card,2026-04-25,2026-04-25,Not Requested
INV-001042,CUST-00186,Starter,549.48,USD,Pending,PayPal,2026-05-25,,Not Requested
INV-001043,CUST-00186,Starter,549.48,USD,Paid,Credit Card,2026-06-24,2026-06-26,Not Requested
INV-001044,CUST-00186,Starter,549.48,USD,Pending,Credit Card,2026-07-24,,Not Requested
INV-001045,CUST-00187,Starter,8549.47,AUD,Paid,PayPal,2025-08-28,2025-08-31,Not Requested
INV-001046,CUST-00188,Starter,462.96,USD,Paid,Credit Card,2025-08-28,2025-08-28,Not Requested
INV-001047,CUST-00188,Starter,462.96,USD,Paid,Credit Card,2025-09-27,2025-09-27,Not Requested
INV-001048,CUST-00188,Starter,462.96,USD,Paid,Credit Card,2025-10-27,2025-10-28,Not Requested
INV-001049,CUST-00188,Starter,462.96,USD,Paid,Credit Card,2025-11-26,2025-11-29,Not Requested
INV-001050,CUST-00188,Starter,462.96,USD,Paid,Credit Card,2025-12-26,2025-12-29,Not Requested
INV-001051,CUST-00188,Starter,462.96,USD,Paid,Credit Card,2026-01-25,2026-02-01,Not Requested
INV-001052,CUST-00188,Starter,462.96,USD,Paid,Credit Card,2026-02-24,2026-02-26,Not Requested
INV-001053,CUST-00188,Starter,462.96,USD,Paid,Credit Card,2026-03-26,2026-03-28,Not Requested
INV-001054,CUST-00188,Starter,462.96,USD,Paid,Credit Card,2026-04-25,2026-04-30,Not Requested
INV-001055,CUST-00188,Starter,462.96,USD,Paid,Credit Card,2026-05-25,2026-05-29,Not Requested
INV-001056,CUST-00188,Starter,462.96,USD,Paid,Credit Card,2026-06-24,2026-06-24,Not Requested
INV-001057,CUST-00188,Starter,462.96,USD,Paid,PayPal,2026-07-24,2026-07-24,Not Requested
INV-001058,CUST-00189,Starter,272.84,USD,Paid,Credit Card,2025-08-28,2025-08-29,Not Requested
INV-001059,CUST-00189,Starter,272.84,USD,Paid,Credit Card,2025-09-27,2025-10-01,Not Requested
INV-001060,CUST-00189,Starter,272.84,USD,Paid,PayPal,2025-10-27,2025-10-30,Not Requested
INV-001061,CUST-00189,Starter,272.84,USD,Paid,Credit Card,2025-11-26,2025-11-30,Not Requested
INV-001062,CUST-00189,Starter,272.84,USD,Paid,Credit Card,2025-12-26,2025-12-28,Not Requested
INV-001063,CUST-00189,Starter,272.84,USD,Paid,Credit Card,2026-01-25,2026-01-25,Not Requested
INV-001064,CUST-00189,Starter,272.84,USD,Paid,PayPal,2026-02-24,2026-02-26,Not Requested
INV-001065,CUST-00189,Starter,272.84,USD,Paid,Credit Card,2026-03-26,2026-03-28,Not Requested
INV-001066,CUST-00189,Starter,272.84,USD,Paid,PayPal,2026-04-25,2026-04-27,Not Requested
INV-001067,CUST-00189,Starter,272.84,USD,Paid,Credit Card,2026-05-25,2026-05-29,Not Requested
INV-001068,CUST-00189,Starter,272.84,USD,Paid,PayPal,2026-06-24,2026-06-24,Not Requested
INV-001069,CUST-00189,Starter,272.84,USD,Paid,Credit Card,2026-07-24,2026-07-24,Not Requested
INV-001070,CUST-00190,Enterprise,1279582.59,AUD,Paid,Wire Transfer,2025-08-28,2025-09-01,Not Requested
INV-001071,CUST-00193,Enterprise,275013.36,EUR,Paid,Wire Transfer,2025-08-28,2025-09-01,Not Requested
INV-001072,CUST-00195,Starter,2726.47,USD,Paid,Credit Card,2025-08-28,2025-08-30,Not Requested
INV-001073,CUST-00197,Professional,108202.48,CAD,Failed,Credit Card,2025-08-28,,Not Requested
INV-001074,CUST-00198,Professional,5340.18,USD,Paid,Credit Card,2025-08-28,2025-09-05,Not Requested
INV-001075,CUST-00198,Professional,5340.18,USD,Paid,Credit Card,2025-09-27,2025-09-28,Not Requested
INV-001076,CUST-00198,Professional,5340.18,USD,Paid,Credit Card,2025-10-27,2025-10-29,Not Requested
INV-001077,CUST-00198,Professional,5340.18,USD,Paid,Credit Card,2025-11-26,2025-11-28,Not Requested
INV-001078,CUST-00198,Professional,5340.18,USD,Paid,PayPal,2025-12-26,2025-12-26,Not Requested
INV-001079,CUST-00198,Professional,5340.18,USD,Paid,Credit Card,2026-01-25,2026-01-29,Not Requested
INV-001080,CUST-00198,Professional,5340.18,USD,Paid,ACH Bank Transfer,2026-02-24,2026-02-25,Not Requested
INV-001081,CUST-00198,Professional,5340.18,USD,Paid,Credit Card,2026-03-26,2026-03-29,Not Requested
INV-001082,CUST-00198,Professional,5340.18,USD,Paid,ACH Bank Transfer,2026-04-25,2026-04-26,Not Requested
INV-001083,CUST-00198,Professional,5340.18,USD,Paid,Credit Card,2026-05-25,2026-05-25,Not Requested
INV-001084,CUST-00198,Professional,5340.18,USD,Paid,Credit Card,2026-06-24,2026-06-28,Not Requested
INV-001085,CUST-00198,Professional,5340.18,USD,Paid,Credit Card,2026-07-24,2026-07-25,Not Requested
INV-001086,CUST-00199,Starter,136.05,USD,Paid,Credit Card,2025-08-28,2025-08-30,Not Requested
INV-001087,CUST-00199,Starter,136.05,USD,Paid,Credit Card,2025-09-27,2025-09-27,Not Requested
INV-001088,CUST-00199,Starter,136.05,USD,Paid,Credit Card,2025-10-27,2025-10-31,Not Requested
INV-001089,CUST-00199,Starter,136.05,USD,Paid,PayPal,2025-11-26,2025-11-29,Not Requested
INV-001090,CUST-00199,Starter,136.05,USD,Paid,Credit Card,2025-12-26,2025-12-27,Not Requested
INV-001091,CUST-00199,Starter,136.05,USD,Paid,Credit Card,2026-01-25,2026-01-27,Not Requested
INV-001092,CUST-00199,Starter,136.05,USD,Paid,Credit Card,2026-02-24,2026-02-27,Not Requested
INV-001093,CUST-00199,Starter,136.05,USD,Paid,Credit Card,2026-03-26,2026-03-27,Not Requested
INV-001094,CUST-00199,Starter,136.05,USD,Paid,Credit Card,2026-04-25,2026-04-26,Not Requested
INV-001095,CUST-00199,Starter,136.05,USD,Paid,PayPal,2026-05-25,2026-05-27,Not Requested
INV-001096,CUST-00199,Starter,136.05,USD,Paid,Credit Card,2026-06-24,2026-06-30,Not Requested
INV-001097,CUST-00199,Starter,136.05,USD,Paid,Credit Card,2026-07-24,2026-07-27,Not Requested
INV-001098,CUST-00200,Starter,4707.23,USD,Paid,PayPal,2025-08-28,2025-08-30,Not Requested
INV-001099,CUST-00202,Enterprise,2930439.75,AUD,Paid,Wire Transfer,2025-08-28,2025-08-29,Not Requested
INV-001100,CUST-00203,Starter,159.33,EUR,Paid,PayPal,2025-08-28,2025-09-01,Not Requested
INV-001101,CUST-00203,Starter,159.33,EUR,Paid,Credit Card,2025-09-27,2025-09-28,Not Requested
INV-001102,CUST-00203,Starter,159.33,EUR,Paid,ACH Bank Transfer,2025-10-27,2025-11-03,Not Requested
INV-001103,CUST-00203,Starter,159.33,EUR,Pending,Credit Card,2025-11-26,,Not Requested
INV-001104,CUST-00203,Starter,159.33,EUR,Paid,Credit Card,2025-12-26,2025-12-31,Not Requested
INV-001105,CUST-00203,Starter,159.33,EUR,Paid,Credit Card,2026-01-25,2026-01-27,Not Requested
INV-001106,CUST-00203,Starter,159.33,EUR,Paid,Credit Card,2026-02-24,2026-03-03,Not Requested
INV-001107,CUST-00203,Starter,159.33,EUR,Paid,Credit Card,2026-03-26,2026-03-30,Not Requested
INV-001108,CUST-00203,Starter,159.33,EUR,Paid,PayPal,2026-04-25,2026-04-25,Not Requested
INV-001109,CUST-00203,Starter,159.33,EUR,Paid,Credit Card,2026-05-25,2026-06-02,Not Requested
INV-001110,CUST-00203,Starter,159.33,EUR,Paid,Credit Card,2026-06-24,2026-06-28,Not Requested
INV-001111,CUST-00203,Starter,159.33,EUR,Paid,Credit Card,2026-07-24,2026-07-29,Not Requested
INV-001112,CUST-00204,Starter,3431.29,USD,Paid,Credit Card,2025-08-28,2025-08-31,Not Requested
INV-001113,CUST-00205,Enterprise,482603.02,USD,Paid,Credit Card,2025-08-28,2025-08-28,Not Requested
INV-001114,CUST-00206,Enterprise,975610.83,USD,Paid,ACH Bank Transfer,2025-08-28,2025-09-03,Not Requested
INV-001115,CUST-00207,Starter,1114.07,EUR,Paid,Credit Card,2025-08-28,2025-08-28,Not Requested
INV-001116,CUST-00208,Professional,8045.32,EUR,Paid,Credit Card,2025-08-28,2025-09-01,Not Requested
INV-001117,CUST-00208,Professional,8045.32,EUR,Paid,ACH Bank Transfer,2025-09-27,2025-09-27,Not Requested
INV-001118,CUST-00208,Professional,8045.32,EUR,Paid,Credit Card,2025-10-27,2025-11-03,Not Requested
INV-001119,CUST-00208,Professional,8045.32,EUR,Paid,PayPal,2025-11-26,2025-11-30,Not Requested
INV-001120,CUST-00208,Professional,8045.32,EUR,Paid,ACH Bank Transfer,2025-12-26,2025-12-28,Not Requested
INV-001121,CUST-00208,Professional,8045.32,EUR,Paid,ACH Bank Transfer,2026-01-25,2026-01-29,Not Requested
INV-001122,CUST-00208,Professional,8045.32,EUR,Paid,Credit Card,2026-02-24,2026-02-26,Not Requested
INV-001123,CUST-00208,Professional,8045.32,EUR,Paid,Credit Card,2026-03-26,2026-03-29,Not Requested
INV-001124,CUST-00208,Professional,8045.32,EUR,Paid,Credit Card,2026-04-25,2026-04-27,Not Requested
INV-001125,CUST-00208,Professional,8045.32,EUR,Paid,Credit Card,2026-05-25,2026-05-26,Not Requested
INV-001126,CUST-00208,Professional,8045.32,EUR,Paid,ACH Bank Transfer,2026-06-24,2026-06-25,Not Requested
INV-001127,CUST-00208,Professional,8045.32,EUR,Paid,ACH Bank Transfer,2026-07-24,2026-07-26,Not Requested
INV-001128,CUST-00210,Starter,237.0,USD,Pending,Credit Card,2025-08-28,,Not Requested
INV-001129,CUST-00210,Starter,237.0,USD,Paid,Credit Card,2025-09-27,2025-09-30,Not Requested
INV-001130,CUST-00210,Starter,237.0,USD,Paid,Credit Card,2025-10-27,2025-11-05,Not Requested
INV-001131,CUST-00210,Starter,237.0,USD,Refunded,Credit Card,2025-11-26,2025-11-30,Approved - Refunded
INV-001132,CUST-00210,Starter,237.0,USD,Paid,Credit Card,2025-12-26,2025-12-26,Not Requested
INV-001133,CUST-00210,Starter,237.0,USD,Failed,Credit Card,2026-01-25,,Not Requested
INV-001134,CUST-00210,Starter,237.0,USD,Paid,PayPal,2026-02-24,2026-02-26,Not Requested
INV-001135,CUST-00210,Starter,237.0,USD,Paid,Credit Card,2026-03-26,2026-03-30,Not Requested
INV-001136,CUST-00210,Starter,237.0,USD,Paid,PayPal,2026-04-25,2026-04-25,Not Requested
INV-001137,CUST-00210,Starter,237.0,USD,Paid,Credit Card,2026-05-25,2026-05-27,Not Requested
INV-001138,CUST-00210,Starter,237.0,USD,Paid,Credit Card,2026-06-24,2026-06-26,Not Requested
INV-001139,CUST-00210,Starter,237.0,USD,Paid,Credit Card,2026-07-24,2026-07-24,Not Requested
INV-001140,CUST-00211,Professional,6264.17,USD,Paid,ACH Bank Transfer,2025-08-28,2025-08-29,Not Requested
INV-001141,CUST-00211,Professional,6264.17,USD,Paid,Credit Card,2025-09-27,2025-10-02,Not Requested
INV-001142,CUST-00211,Professional,6264.17,USD,Paid,Credit Card,2025-10-27,2025-10-28,Not Requested
INV-001143,CUST-00211,Professional,6264.17,USD,Pending,ACH Bank Transfer,2025-11-26,,Not Requested
INV-001144,CUST-00211,Professional,6264.17,USD,Paid,PayPal,2025-12-26,2026-01-02,Not Requested
INV-001145,CUST-00211,Professional,6264.17,USD,Refunded,ACH Bank Transfer,2026-01-25,2026-01-25,Requested
INV-001146,CUST-00211,Professional,6264.17,USD,Paid,Credit Card,2026-02-24,2026-02-27,Not Requested
INV-001147,CUST-00211,Professional,6264.17,USD,Pending,Credit Card,2026-03-26,,Not Requested
INV-001148,CUST-00211,Professional,6264.17,USD,Paid,Credit Card,2026-04-25,2026-04-28,Not Requested
INV-001149,CUST-00211,Professional,6264.17,USD,Paid,Credit Card,2026-05-25,2026-05-28,Not Requested
INV-001150,CUST-00211,Professional,6264.17,USD,Paid,PayPal,2026-06-24,2026-06-29,Not Requested
INV-001151,CUST-00211,Professional,6264.17,USD,Paid,Credit Card,2026-07-24,2026-07-24,Not Requested
INV-001152,CUST-00212,Professional,4315.32,EUR,Paid,ACH Bank Transfer,2025-08-28,2025-08-29,Not Requested
INV-001153,CUST-00212,Professional,4315.32,EUR,Paid,Credit Card,2025-09-27,2025-09-27,Not Requested
INV-001154,CUST-00212,Professional,4315.32,EUR,Paid,Credit Card,2025-10-27,2025-10-30,Not Requested
INV-001155,CUST-00212,Professional,4315.32,EUR,Paid,Credit Card,2025-11-26,2025-11-30,Not Requested
INV-001156,CUST-00212,Professional,4315.32,EUR,Paid,Credit Card,2025-12-26,2025-12-27,Not Requested
INV-001157,CUST-00212,Professional,4315.32,EUR,Paid,ACH Bank Transfer,2026-01-25,2026-01-27,Not Requested
INV-001158,CUST-00212,Professional,4315.32,EUR,Paid,Credit Card,2026-02-24,2026-02-24,Not Requested
INV-001159,CUST-00212,Professional,4315.32,EUR,Paid,Credit Card,2026-03-26,2026-03-31,Not Requested
INV-001160,CUST-00212,Professional,4315.32,EUR,Paid,ACH Bank Transfer,2026-04-25,2026-04-28,Not Requested
INV-001161,CUST-00212,Professional,4315.32,EUR,Paid,Credit Card,2026-05-25,2026-05-28,Not Requested
INV-001162,CUST-00212,Professional,4315.32,EUR,Paid,Credit Card,2026-06-24,2026-06-30,Not Requested
INV-001163,CUST-00212,Professional,4315.32,EUR,Paid,PayPal,2026-07-24,2026-07-25,Not Requested
INV-001164,CUST-00213,Professional,101415.56,USD,Pending,Credit Card,2025-08-28,,Not Requested
INV-001165,CUST-00214,Starter,336.16,USD,Paid,Credit Card,2025-08-28,2025-09-01,Not Requested
INV-001166,CUST-00214,Starter,336.16,USD,Paid,Credit Card,2025-09-27,2025-09-27,Not Requested
INV-001167,CUST-00214,Starter,336.16,USD,Paid,Credit Card,2025-10-27,2025-10-27,Not Requested
INV-001168,CUST-00214,Starter,336.16,USD,Paid,Credit Card,2025-11-26,2025-11-26,Not Requested
INV-001169,CUST-00214,Starter,336.16,USD,Paid,Credit Card,2025-12-26,2025-12-30,Not Requested
INV-001170,CUST-00214,Starter,336.16,USD,Paid,Credit Card,2026-01-25,2026-01-28,Not Requested
INV-001171,CUST-00214,Starter,336.16,USD,Paid,Credit Card,2026-02-24,2026-02-24,Not Requested
INV-001172,CUST-00214,Starter,336.16,USD,Paid,Credit Card,2026-03-26,2026-03-27,Not Requested
INV-001173,CUST-00214,Starter,336.16,USD,Paid,Credit Card,2026-04-25,2026-04-27,Not Requested
INV-001174,CUST-00214,Starter,336.16,USD,Paid,Credit Card,2026-05-25,2026-05-27,Not Requested
INV-001175,CUST-00214,Starter,336.16,USD,Paid,Credit Card,2026-06-24,2026-06-25,Not Requested
INV-001176,CUST-00214,Starter,336.16,USD,Paid,Credit Card,2026-07-24,2026-07-27,Not Requested
INV-001177,CUST-00215,Professional,2447.69,USD,Paid,ACH Bank Transfer,2025-08-28,2025-08-29,Not Requested
INV-001178,CUST-00215,Professional,2447.69,USD,Paid,Credit Card,2025-09-27,2025-09-28,Not Requested
INV-001179,CUST-00215,Professional,2447.69,USD,Paid,ACH Bank Transfer,2025-10-27,2025-10-29,Not Requested
INV-001180,CUST-00215,Professional,2447.69,USD,Paid,Credit Card,2025-11-26,2025-11-26,Not Requested
INV-001181,CUST-00215,Professional,2447.69,USD,Paid,Credit Card,2025-12-26,2025-12-26,Not Requested
INV-001182,CUST-00215,Professional,2447.69,USD,Paid,PayPal,2026-01-25,2026-01-30,Not Requested
INV-001183,CUST-00215,Professional,2447.69,USD,Paid,ACH Bank Transfer,2026-02-24,2026-03-02,Not Requested
INV-001184,CUST-00215,Professional,2447.69,USD,Paid,Credit Card,2026-03-26,2026-03-31,Not Requested
INV-001185,CUST-00215,Professional,2447.69,USD,Paid,Credit Card,2026-04-25,2026-04-25,Not Requested
INV-001186,CUST-00215,Professional,2447.69,USD,Paid,Credit Card,2026-05-25,2026-05-29,Not Requested
INV-001187,CUST-00215,Professional,2447.69,USD,Paid,Credit Card,2026-06-24,2026-06-26,Not Requested
INV-001188,CUST-00215,Professional,2447.69,USD,Paid,Credit Card,2026-07-24,2026-07-27,Not Requested
INV-001189,CUST-00216,Professional,47930.37,EUR,Failed,Credit Card,2025-08-28,,Not Requested
INV-001190,CUST-00217,Professional,6830.1,USD,Paid,Credit Card,2025-08-28,2025-08-29,Not Requested
INV-001191,CUST-00217,Professional,6830.1,USD,Paid,Credit Card,2025-09-27,2025-10-04,Not Requested
INV-001192,CUST-00217,Professional,6830.1,USD,Paid,Credit Card,2025-10-27,2025-10-28,Not Requested
INV-001193,CUST-00217,Professional,6830.1,USD,Paid,Credit Card,2025-11-26,2025-12-03,Not Requested
INV-001194,CUST-00217,Professional,6830.1,USD,Paid,Credit Card,2025-12-26,2025-12-29,Not Requested
INV-001195,CUST-00217,Professional,6830.1,USD,Paid,ACH Bank Transfer,2026-01-25,2026-01-30,Not Requested
INV-001196,CUST-00217,Professional,6830.1,USD,Paid,PayPal,2026-02-24,2026-02-24,Not Requested
INV-001197,CUST-00217,Professional,6830.1,USD,Paid,ACH Bank Transfer,2026-03-26,2026-03-31,Not Requested
INV-001198,CUST-00217,Professional,6830.1,USD,Paid,ACH Bank Transfer,2026-04-25,2026-04-28,Not Requested
INV-001199,CUST-00217,Professional,6830.1,USD,Paid,PayPal,2026-05-25,2026-05-26,Not Requested
INV-001200,CUST-00217,Professional,6830.1,USD,Pending,Credit Card,2026-06-24,,Not Requested
INV-001201,CUST-00217,Professional,6830.1,USD,Paid,Credit Card,2026-07-24,2026-07-27,Not Requested
INV-001202,CUST-00218,Starter,101.96,USD,Paid,Credit Card,2025-08-28,2025-08-28,Not Requested
INV-001203,CUST-00218,Starter,101.96,USD,Paid,Credit Card,2025-09-27,2025-10-02,Not Requested
INV-001204,CUST-00218,Starter,101.96,USD,Paid,Credit Card,2025-10-27,2025-10-27,Not Requested
INV-001205,CUST-00218,Starter,101.96,USD,Paid,PayPal,2025-11-26,2025-11-30,Not Requested
INV-001206,CUST-00218,Starter,101.96,USD,Paid,Credit Card,2025-12-26,2025-12-26,Not Requested
INV-001207,CUST-00218,Starter,101.96,USD,Paid,Credit Card,2026-01-25,2026-01-28,Not Requested
INV-001208,CUST-00218,Starter,101.96,USD,Failed,Credit Card,2026-02-24,,Not Requested
INV-001209,CUST-00218,Starter,101.96,USD,Paid,Credit Card,2026-03-26,2026-03-26,Not Requested
INV-001210,CUST-00218,Starter,101.96,USD,Paid,Credit Card,2026-04-25,2026-04-25,Not Requested
INV-001211,CUST-00218,Starter,101.96,USD,Failed,Credit Card,2026-05-25,,Not Requested
INV-001212,CUST-00218,Starter,101.96,USD,Paid,Credit Card,2026-06-24,2026-06-26,Not Requested
INV-001213,CUST-00218,Starter,101.96,USD,Pending,Credit Card,2026-07-24,,Not Requested
INV-001214,CUST-00219,Starter,276.36,USD,Paid,Credit Card,2025-08-28,2025-08-30,Not Requested
INV-001215,CUST-00219,Starter,276.36,USD,Paid,Credit Card,2025-09-27,2025-09-29,Not Requested
INV-001216,CUST-00219,Starter,276.36,USD,Paid,Credit Card,2025-10-27,2025-10-30,Not Requested
INV-001217,CUST-00219,Starter,276.36,USD,Paid,Credit Card,2025-11-26,2025-11-26,Not Requested
INV-001218,CUST-00219,Starter,276.36,USD,Paid,Credit Card,2025-12-26,2025-12-28,Not Requested
INV-001219,CUST-00219,Starter,276.36,USD,Paid,Credit Card,2026-01-25,2026-01-27,Not Requested
INV-001220,CUST-00219,Starter,276.36,USD,Paid,Credit Card,2026-02-24,2026-02-27,Not Requested
INV-001221,CUST-00219,Starter,276.36,USD,Paid,Credit Card,2026-03-26,2026-03-27,Not Requested
INV-001222,CUST-00219,Starter,276.36,USD,Paid,Credit Card,2026-04-25,2026-05-01,Not Requested
INV-001223,CUST-00219,Starter,276.36,USD,Paid,Credit Card,2026-05-25,2026-05-25,Not Requested
INV-001224,CUST-00219,Starter,276.36,USD,Paid,Credit Card,2026-06-24,2026-06-24,Not Requested
INV-001225,CUST-00219,Starter,276.36,USD,Pending,Credit Card,2026-07-24,,Not Requested
INV-001226,CUST-00220,Starter,7771.84,USD,Paid,Credit Card,2025-08-28,2025-09-06,Not Requested
INV-001227,CUST-00221,Professional,56539.27,USD,Refunded,Credit Card,2025-08-28,2025-09-03,Requested
INV-001228,CUST-00222,Starter,273.81,EUR,Paid,PayPal,2025-08-28,2025-09-01,Not Requested
INV-001229,CUST-00222,Starter,273.81,EUR,Paid,Credit Card,2025-09-27,2025-09-28,Not Requested
INV-001230,CUST-00222,Starter,273.81,EUR,Paid,Credit Card,2025-10-27,2025-10-27,Not Requested
INV-001231,CUST-00222,Starter,273.81,EUR,Paid,Credit Card,2025-11-26,2025-11-27,Not Requested
INV-001232,CUST-00222,Starter,273.81,EUR,Paid,Credit Card,2025-12-26,2025-12-29,Not Requested
INV-001233,CUST-00222,Starter,273.81,EUR,Paid,Credit Card,2026-01-25,2026-01-29,Not Requested
INV-001234,CUST-00222,Starter,273.81,EUR,Paid,Credit Card,2026-02-24,2026-02-27,Not Requested
INV-001235,CUST-00222,Starter,273.81,EUR,Paid,PayPal,2026-03-26,2026-03-26,Not Requested
INV-001236,CUST-00222,Starter,273.81,EUR,Paid,Credit Card,2026-04-25,2026-04-30,Not Requested
INV-001237,CUST-00222,Starter,273.81,EUR,Paid,Credit Card,2026-05-25,2026-05-27,Not Requested
INV-001238,CUST-00222,Starter,273.81,EUR,Failed,Credit Card,2026-06-24,,Not Requested
INV-001239,CUST-00222,Starter,273.81,EUR,Paid,Credit Card,2026-07-24,2026-07-26,Not Requested
INV-001240,CUST-00223,Starter,357.46,CAD,Failed,PayPal,2025-08-28,,Not Requested
INV-001241,CUST-00223,Starter,357.46,CAD,Paid,Credit Card,2025-09-27,2025-09-28,Not Requested
INV-001242,CUST-00223,Starter,357.46,CAD,Paid,PayPal,2025-10-27,2025-10-28,Not Requested
INV-001243,CUST-00223,Starter,357.46,CAD,Paid,Credit Card,2025-11-26,2025-11-27,Not Requested
INV-001244,CUST-00223,Starter,357.46,CAD,Failed,Credit Card,2025-12-26,,Not Requested
INV-001245,CUST-00223,Starter,357.46,CAD,Paid,Credit Card,2026-01-25,2026-01-29,Not Requested
INV-001246,CUST-00223,Starter,357.46,CAD,Paid,Credit Card,2026-02-24,2026-02-26,Not Requested
INV-001247,CUST-00223,Starter,357.46,CAD,Paid,PayPal,2026-03-26,2026-03-28,Not Requested
INV-001248,CUST-00223,Starter,357.46,CAD,Paid,Credit Card,2026-04-25,2026-04-26,Not Requested
INV-001249,CUST-00223,Starter,357.46,CAD,Pending,Credit Card,2026-05-25,,Not Requested
INV-001250,CUST-00223,Starter,357.46,CAD,Paid,Credit Card,2026-06-24,2026-06-29,Not Requested
INV-001251,CUST-00223,Starter,357.46,CAD,Paid,Credit Card,2026-07-24,2026-07-24,Not Requested
INV-001252,CUST-00224,Starter,84.78,USD,Paid,Credit Card,2025-08-28,2025-08-30,Not Requested
INV-001253,CUST-00224,Starter,84.78,USD,Paid,PayPal,2025-09-27,2025-09-27,Not Requested
INV-001254,CUST-00224,Starter,84.78,USD,Paid,Credit Card,2025-10-27,2025-10-30,Not Requested
INV-001255,CUST-00224,Starter,84.78,USD,Paid,Credit Card,2025-11-26,2025-11-27,Not Requested
INV-001256,CUST-00224,Starter,84.78,USD,Paid,Credit Card,2025-12-26,2025-12-30,Not Requested
INV-001257,CUST-00224,Starter,84.78,USD,Paid,Credit Card,2026-01-25,2026-01-25,Not Requested
INV-001258,CUST-00224,Starter,84.78,USD,Paid,Credit Card,2026-02-24,2026-02-27,Not Requested
INV-001259,CUST-00224,Starter,84.78,USD,Paid,Credit Card,2026-03-26,2026-03-31,Not Requested
INV-001260,CUST-00224,Starter,84.78,USD,Paid,Credit Card,2026-04-25,2026-04-25,Not Requested
INV-001261,CUST-00224,Starter,84.78,USD,Paid,Credit Card,2026-05-25,2026-05-27,Not Requested
INV-001262,CUST-00224,Starter,84.78,USD,Pending,Credit Card,2026-06-24,,Not Requested
INV-001263,CUST-00224,Starter,84.78,USD,Paid,Credit Card,2026-07-24,2026-07-28,Not Requested
INV-001264,CUST-00225,Enterprise,3088601.45,CAD,Paid,Wire Transfer,2025-08-28,2025-09-01,Not Requested
INV-001265,CUST-00227,Professional,50346.98,USD,Paid,Credit Card,2025-08-28,2025-08-29,Not Requested
INV-001266,CUST-00230,Professional,1195.78,USD,Paid,Credit Card,2025-08-28,2025-08-28,Not Requested
INV-001267,CUST-00230,Professional,1195.78,USD,Paid,ACH Bank Transfer,2025-09-27,2025-09-30,Not Requested
INV-001268,CUST-00230,Professional,1195.78,USD,Paid,Credit Card,2025-10-27,2025-11-02,Not Requested
INV-001269,CUST-00230,Professional,1195.78,USD,Paid,Credit Card,2025-11-26,2025-12-02,Not Requested
INV-001270,CUST-00230,Professional,1195.78,USD,Paid,ACH Bank Transfer,2025-12-26,2025-12-28,Not Requested
INV-001271,CUST-00230,Professional,1195.78,USD,Paid,Credit Card,2026-01-25,2026-01-27,Not Requested
INV-001272,CUST-00230,Professional,1195.78,USD,Paid,Credit Card,2026-02-24,2026-02-25,Not Requested
INV-001273,CUST-00230,Professional,1195.78,USD,Paid,PayPal,2026-03-26,2026-03-26,Not Requested
INV-001274,CUST-00230,Professional,1195.78,USD,Paid,ACH Bank Transfer,2026-04-25,2026-04-26,Not Requested
INV-001275,CUST-00230,Professional,1195.78,USD,Paid,Credit Card,2026-05-25,2026-05-25,Not Requested
INV-001276,CUST-00230,Professional,1195.78,USD,Paid,Credit Card,2026-06-24,2026-06-27,Not Requested
INV-001277,CUST-00230,Professional,1195.78,USD,Paid,PayPal,2026-07-24,2026-07-30,Not Requested
INV-001278,CUST-00231,Professional,54614.38,EUR,Paid,Credit Card,2025-08-28,2025-08-31,Not Requested
INV-001279,CUST-00232,Professional,41330.61,USD,Paid,ACH Bank Transfer,2025-08-28,2025-08-29,Not Requested
INV-001280,CUST-00233,Enterprise,838305.6,USD,Paid,Wire Transfer,2026-06-21,2026-06-22,Not Requested
INV-001281,CUST-00234,Starter,6116.61,CAD,Paid,Credit Card,2025-08-28,2025-08-30,Not Requested
INV-001282,CUST-00235,Enterprise,1219098.32,USD,Paid,Credit Card,2025-08-28,2025-09-03,Not Requested
INV-001283,CUST-00236,Professional,5978.01,USD,Paid,Credit Card,2025-08-28,2025-08-30,Not Requested
INV-001284,CUST-00237,Professional,7929.68,USD,Paid,Credit Card,2025-08-28,2025-09-05,Not Requested
INV-001285,CUST-00237,Professional,7929.68,USD,Paid,ACH Bank Transfer,2025-09-27,2025-09-29,Not Requested
INV-001286,CUST-00237,Professional,7929.68,USD,Paid,Credit Card,2025-10-27,2025-10-28,Not Requested
INV-001287,CUST-00237,Professional,7929.68,USD,Paid,ACH Bank Transfer,2025-11-26,2025-11-27,Not Requested
INV-001288,CUST-00237,Professional,7929.68,USD,Paid,Credit Card,2025-12-26,2025-12-31,Not Requested
INV-001289,CUST-00237,Professional,7929.68,USD,Paid,Credit Card,2026-01-25,2026-01-29,Not Requested
INV-001290,CUST-00237,Professional,7929.68,USD,Paid,Credit Card,2026-02-24,2026-02-26,Not Requested
INV-001291,CUST-00237,Professional,7929.68,USD,Paid,ACH Bank Transfer,2026-03-26,2026-03-26,Not Requested
INV-001292,CUST-00237,Professional,7929.68,USD,Refunded,Credit Card,2026-04-25,2026-04-28,Denied
INV-001293,CUST-00237,Professional,7929.68,USD,Paid,Credit Card,2026-05-25,2026-05-29,Not Requested
INV-001294,CUST-00237,Professional,7929.68,USD,Paid,Credit Card,2026-06-24,2026-06-25,Not Requested
INV-001295,CUST-00237,Professional,7929.68,USD,Paid,ACH Bank Transfer,2026-07-24,2026-07-25,Not Requested
INV-001296,CUST-00238,Professional,91030.69,USD,Paid,ACH Bank Transfer,2025-08-28,2025-08-28,Not Requested
INV-001297,CUST-00239,Starter,210.9,EUR,Paid,Credit Card,2025-08-28,2025-09-02,Not Requested
INV-001298,CUST-00239,Starter,210.9,EUR,Paid,Credit Card,2025-09-27,2025-09-28,Not Requested
INV-001299,CUST-00239,Starter,210.9,EUR,Paid,Credit Card,2025-10-27,2025-11-03,Not Requested
INV-001300,CUST-00239,Starter,210.9,EUR,Paid,Credit Card,2025-11-26,2025-11-26,Not Requested
INV-001301,CUST-00239,Starter,210.9,EUR,Paid,PayPal,2025-12-26,2025-12-31,Not Requested
INV-001302,CUST-00239,Starter,210.9,EUR,Paid,Credit Card,2026-01-25,2026-01-25,Not Requested
INV-001303,CUST-00239,Starter,210.9,EUR,Paid,ACH Bank Transfer,2026-02-24,2026-02-26,Not Requested
INV-001304,CUST-00239,Starter,210.9,EUR,Paid,PayPal,2026-03-26,2026-03-30,Not Requested
INV-001305,CUST-00239,Starter,210.9,EUR,Paid,ACH Bank Transfer,2026-04-25,2026-04-28,Not Requested
INV-001306,CUST-00239,Starter,210.9,EUR,Paid,Credit Card,2026-05-25,2026-05-26,Not Requested
INV-001307,CUST-00239,Starter,210.9,EUR,Paid,Credit Card,2026-06-24,2026-06-25,Not Requested
INV-001308,CUST-00239,Starter,210.9,EUR,Paid,PayPal,2026-07-24,2026-07-26,Not Requested
INV-001309,CUST-00240,Professional,8052.02,USD,Paid,Credit Card,2025-08-28,2025-08-31,Not Requested
INV-001310,CUST-00240,Professional,8052.02,USD,Paid,ACH Bank Transfer,2025-09-27,2025-09-28,Not Requested
INV-001311,CUST-00240,Professional,8052.02,USD,Paid,Credit Card,2025-10-27,2025-10-27,Not Requested
INV-001312,CUST-00240,Professional,8052.02,USD,Paid,Credit Card,2025-11-26,2025-11-26,Not Requested
INV-001313,CUST-00240,Professional,8052.02,USD,Paid,Credit Card,2025-12-26,2025-12-27,Not Requested
INV-001314,CUST-00240,Professional,8052.02,USD,Pending,Credit Card,2026-01-25,,Not Requested
INV-001315,CUST-00240,Professional,8052.02,USD,Paid,Credit Card,2026-02-24,2026-02-27,Not Requested
INV-001316,CUST-00240,Professional,8052.02,USD,Paid,Credit Card,2026-03-26,2026-03-28,Not Requested
INV-001317,CUST-00240,Professional,8052.02,USD,Failed,Credit Card,2026-04-25,,Not Requested
INV-001318,CUST-00240,Professional,8052.02,USD,Paid,Credit Card,2026-05-25,2026-05-30,Not Requested
INV-001319,CUST-00240,Professional,8052.02,USD,Paid,Credit Card,2026-06-24,2026-06-28,Not Requested
INV-001320,CUST-00240,Professional,8052.02,USD,Paid,Credit Card,2026-07-24,2026-07-25,Not Requested
INV-001321,CUST-00241,Enterprise,1500875.56,USD,Paid,Wire Transfer,2025-08-28,2025-08-29,Not Requested
INV-001322,CUST-00242,Starter,4403.02,USD,Failed,Credit Card,2025-08-28,,Requested
INV-001323,CUST-00243,Professional,8267.1,USD,Paid,Credit Card,2025-08-28,2025-08-31,Not Requested
INV-001324,CUST-00243,Professional,8267.1,USD,Paid,Credit Card,2025-09-27,2025-09-29,Not Requested
INV-001325,CUST-00243,Professional,8267.1,USD,Paid,Credit Card,2025-10-27,2025-10-31,Not Requested
INV-001326,CUST-00243,Professional,8267.1,USD,Paid,PayPal,2025-11-26,2025-11-26,Not Requested
INV-001327,CUST-00243,Professional,8267.1,USD,Paid,Credit Card,2025-12-26,2025-12-26,Not Requested
INV-001328,CUST-00243,Professional,8267.1,USD,Paid,Credit Card,2026-01-25,2026-01-30,Not Requested
INV-001329,CUST-00243,Professional,8267.1,USD,Paid,Credit Card,2026-02-24,2026-02-25,Not Requested
INV-001330,CUST-00243,Professional,8267.1,USD,Paid,Credit Card,2026-03-26,2026-04-01,Not Requested
INV-001331,CUST-00243,Professional,8267.1,USD,Paid,Credit Card,2026-04-25,2026-04-26,Not Requested
INV-001332,CUST-00243,Professional,8267.1,USD,Paid,Credit Card,2026-05-25,2026-05-30,Not Requested
INV-001333,CUST-00243,Professional,8267.1,USD,Paid,Credit Card,2026-06-24,2026-06-25,Not Requested
INV-001334,CUST-00243,Professional,8267.1,USD,Paid,Credit Card,2026-07-24,2026-07-29,Not Requested
INV-001335,CUST-00244,Enterprise,2647825.47,USD,Paid,ACH Bank Transfer,2025-08-28,2025-08-28,Not Requested
INV-001336,CUST-00245,Starter,3423.97,USD,Paid,Credit Card,2025-08-28,2025-09-03,Not Requested
INV-001337,CUST-00246,Starter,466.08,USD,Paid,Credit Card,2025-08-28,2025-09-03,Not Requested
INV-001338,CUST-00246,Starter,466.08,USD,Paid,Credit Card,2025-09-27,2025-09-28,Not Requested
INV-001339,CUST-00246,Starter,466.08,USD,Failed,Credit Card,2025-10-27,,Not Requested
INV-001340,CUST-00246,Starter,466.08,USD,Paid,Credit Card,2025-11-26,2025-11-26,Not Requested
INV-001341,CUST-00246,Starter,466.08,USD,Paid,Credit Card,2025-12-26,2025-12-26,Not Requested
INV-001342,CUST-00246,Starter,466.08,USD,Paid,Credit Card,2026-01-25,2026-01-29,Not Requested
INV-001343,CUST-00246,Starter,466.08,USD,Pending,PayPal,2026-02-24,,Not Requested
INV-001344,CUST-00246,Starter,466.08,USD,Paid,Credit Card,2026-03-26,2026-03-30,Not Requested
INV-001345,CUST-00246,Starter,466.08,USD,Paid,Credit Card,2026-04-25,2026-04-28,Not Requested
INV-001346,CUST-00246,Starter,466.08,USD,Paid,ACH Bank Transfer,2026-05-25,2026-05-29,Not Requested
INV-001347,CUST-00246,Starter,466.08,USD,Paid,Credit Card,2026-06-24,2026-06-30,Not Requested
INV-001348,CUST-00246,Starter,466.08,USD,Paid,Credit Card,2026-07-24,2026-07-29,Not Requested
INV-001349,CUST-00247,Enterprise,1046225.72,EUR,Paid,ACH Bank Transfer,2025-08-28,2025-08-31,Not Requested
INV-001350,CUST-00248,Professional,64638.57,USD,Paid,Credit Card,2025-08-28,2025-08-29,Not Requested
INV-001351,CUST-00249,Professional,1287.21,USD,Paid,Credit Card,2025-08-28,2025-09-02,Not Requested
INV-001352,CUST-00249,Professional,1287.21,USD,Refunded,Credit Card,2025-09-27,2025-09-27,Approved - Refunded
INV-001353,CUST-00249,Professional,1287.21,USD,Paid,Credit Card,2025-10-27,2025-10-30,Not Requested
INV-001354,CUST-00249,Professional,1287.21,USD,Paid,ACH Bank Transfer,2025-11-26,2025-11-30,Not Requested
INV-001355,CUST-00249,Professional,1287.21,USD,Paid,PayPal,2025-12-26,2025-12-29,Not Requested
INV-001356,CUST-00249,Professional,1287.21,USD,Paid,ACH Bank Transfer,2026-01-25,2026-01-26,Not Requested
INV-001357,CUST-00249,Professional,1287.21,USD,Paid,Credit Card,2026-02-24,2026-03-01,Not Requested
INV-001358,CUST-00249,Professional,1287.21,USD,Paid,Credit Card,2026-03-26,2026-04-03,Not Requested
INV-001359,CUST-00249,Professional,1287.21,USD,Paid,Credit Card,2026-04-25,2026-04-30,Not Requested
INV-001360,CUST-00249,Professional,1287.21,USD,Refunded,Credit Card,2026-05-25,2026-05-27,Denied
INV-001361,CUST-00249,Professional,1287.21,USD,Paid,PayPal,2026-06-24,2026-06-26,Not Requested
INV-001362,CUST-00249,Professional,1287.21,USD,Paid,ACH Bank Transfer,2026-07-24,2026-07-24,Not Requested
INV-001363,CUST-00250,Professional,64400.2,USD,Paid,Credit Card,2025-08-28,2025-09-01,Not Requested
INV-001364,CUST-00251,Starter,438.49,USD,Failed,Credit Card,2025-08-28,,Not Requested
INV-001365,CUST-00251,Starter,438.49,USD,Paid,Credit Card,2025-09-27,2025-09-30,Not Requested
INV-001366,CUST-00251,Starter,438.49,USD,Paid,Credit Card,2025-10-27,2025-11-02,Not Requested
INV-001367,CUST-00251,Starter,438.49,USD,Paid,Credit Card,2025-11-26,2025-11-26,Not Requested
INV-001368,CUST-00251,Starter,438.49,USD,Paid,Credit Card,2025-12-26,2025-12-28,Not Requested
INV-001369,CUST-00251,Starter,438.49,USD,Paid,Credit Card,2026-01-25,2026-01-26,Not Requested
INV-001370,CUST-00251,Starter,438.49,USD,Paid,Credit Card,2026-02-24,2026-02-28,Not Requested
INV-001371,CUST-00251,Starter,438.49,USD,Failed,Credit Card,2026-03-26,,Not Requested
INV-001372,CUST-00251,Starter,438.49,USD,Paid,Credit Card,2026-04-25,2026-04-26,Not Requested
INV-001373,CUST-00251,Starter,438.49,USD,Paid,Credit Card,2026-05-25,2026-05-26,Not Requested
INV-001374,CUST-00251,Starter,438.49,USD,Paid,Credit Card,2026-06-24,2026-06-26,Not Requested
INV-001375,CUST-00251,Starter,438.49,USD,Paid,PayPal,2026-07-24,2026-07-25,Not Requested
INV-001376,CUST-00252,Starter,555.59,USD,Paid,Credit Card,2025-08-28,2025-09-03,Not Requested
INV-001377,CUST-00252,Starter,555.59,USD,Paid,Credit Card,2025-09-27,2025-10-01,Not Requested
INV-001378,CUST-00252,Starter,555.59,USD,Paid,Credit Card,2025-10-27,2025-10-27,Not Requested
INV-001379,CUST-00252,Starter,555.59,USD,Paid,Credit Card,2025-11-26,2025-11-27,Not Requested
INV-001380,CUST-00252,Starter,555.59,USD,Paid,Credit Card,2025-12-26,2025-12-26,Not Requested
INV-001381,CUST-00252,Starter,555.59,USD,Paid,Credit Card,2026-01-25,2026-01-29,Not Requested
INV-001382,CUST-00252,Starter,555.59,USD,Paid,Credit Card,2026-02-24,2026-02-27,Not Requested
INV-001383,CUST-00252,Starter,555.59,USD,Paid,Credit Card,2026-03-26,2026-04-01,Not Requested
INV-001384,CUST-00252,Starter,555.59,USD,Paid,Credit Card,2026-04-25,2026-04-27,Not Requested
INV-001385,CUST-00252,Starter,555.59,USD,Paid,Credit Card,2026-05-25,2026-05-26,Not Requested
INV-001386,CUST-00252,Starter,555.59,USD,Paid,Credit Card,2026-06-24,2026-06-24,Not Requested
INV-001387,CUST-00252,Starter,555.59,USD,Paid,Credit Card,2026-07-24,2026-07-27,Not Requested
INV-001388,CUST-00253,Professional,7604.16,EUR,Paid,ACH Bank Transfer,2025-10-01,2025-10-02,Not Requested
INV-001389,CUST-00253,Professional,7604.16,EUR,Paid,Credit Card,2025-10-31,2025-10-31,Not Requested
INV-001390,CUST-00253,Professional,7604.16,EUR,Paid,Credit Card,2025-11-30,2025-12-02,Not Requested
INV-001391,CUST-00253,Professional,7604.16,EUR,Pending,Credit Card,2025-12-30,,Not Requested
INV-001392,CUST-00253,Professional,7604.16,EUR,Paid,Credit Card,2026-01-29,2026-02-04,Not Requested
INV-001393,CUST-00253,Professional,7604.16,EUR,Refunded,Credit Card,2026-02-28,2026-02-28,Approved - Refunded
INV-001394,CUST-00253,Professional,7604.16,EUR,Paid,Credit Card,2026-03-30,2026-03-30,Not Requested
INV-001395,CUST-00253,Professional,7604.16,EUR,Paid,Credit Card,2026-04-29,2026-05-01,Not Requested
INV-001396,CUST-00253,Professional,7604.16,EUR,Paid,Credit Card,2026-05-29,2026-05-30,Not Requested
INV-001397,CUST-00253,Professional,7604.16,EUR,Paid,ACH Bank Transfer,2026-06-28,2026-06-28,Not Requested
INV-001398,CUST-00253,Professional,7604.16,EUR,Paid,Credit Card,2026-07-28,2026-07-30,Not Requested
INV-001399,CUST-00254,Professional,158985.56,AUD,Paid,ACH Bank Transfer,2025-08-28,2025-08-28,Not Requested
INV-001400,CUST-00255,Starter,7065.82,USD,Paid,Credit Card,2025-08-28,2025-08-30,Not Requested
INV-001401,CUST-00256,Professional,151520.36,AUD,Paid,Credit Card,2025-08-28,2025-08-30,Not Requested
INV-001402,CUST-00257,Starter,4534.2,USD,Failed,Credit Card,2025-08-28,,Not Requested
INV-001403,CUST-00258,Professional,31377.05,USD,Paid,Credit Card,2025-11-25,2025-11-26,Not Requested
INV-001404,CUST-00259,Enterprise,1080530.94,USD,Paid,Credit Card,2025-08-28,2025-08-30,Not Requested
INV-001405,CUST-00261,Professional,30814.68,USD,Paid,Credit Card,2025-08-28,2025-09-03,Not Requested
INV-001406,CUST-00262,Enterprise,170583.9,USD,Failed,Wire Transfer,2025-08-28,,Requested
INV-001407,CUST-00263,Starter,338.57,USD,Paid,PayPal,2025-08-28,2025-08-30,Not Requested
INV-001408,CUST-00263,Starter,338.57,USD,Paid,Credit Card,2025-09-27,2025-09-30,Not Requested
INV-001409,CUST-00263,Starter,338.57,USD,Paid,Credit Card,2025-10-27,2025-11-01,Not Requested
INV-001410,CUST-00263,Starter,338.57,USD,Paid,Credit Card,2025-11-26,2025-11-28,Not Requested
INV-001411,CUST-00263,Starter,338.57,USD,Paid,PayPal,2025-12-26,2026-01-02,Not Requested
INV-001412,CUST-00263,Starter,338.57,USD,Paid,Credit Card,2026-01-25,2026-01-26,Not Requested
INV-001413,CUST-00263,Starter,338.57,USD,Paid,ACH Bank Transfer,2026-02-24,2026-02-25,Not Requested
INV-001414,CUST-00263,Starter,338.57,USD,Paid,Credit Card,2026-03-26,2026-03-29,Not Requested
INV-001415,CUST-00263,Starter,338.57,USD,Paid,Credit Card,2026-04-25,2026-04-29,Not Requested
INV-001416,CUST-00263,Starter,338.57,USD,Paid,Credit Card,2026-05-25,2026-05-25,Not Requested
INV-001417,CUST-00263,Starter,338.57,USD,Paid,Credit Card,2026-06-24,2026-06-26,Not Requested
INV-001418,CUST-00263,Starter,338.57,USD,Paid,Credit Card,2026-07-24,2026-07-26,Not Requested
INV-001419,CUST-00264,Professional,111391.91,USD,Paid,PayPal,2025-08-28,2025-08-28,Not Requested
INV-001420,CUST-00265,Starter,334.94,EUR,Paid,Credit Card,2025-08-28,2025-08-28,Not Requested
INV-001421,CUST-00265,Starter,334.94,EUR,Paid,Credit Card,2025-09-27,2025-09-28,Not Requested
INV-001422,CUST-00265,Starter,334.94,EUR,Paid,Credit Card,2025-10-27,2025-10-31,Not Requested
INV-001423,CUST-00265,Starter,334.94,EUR,Paid,Credit Card,2025-11-26,2025-11-26,Not Requested
INV-001424,CUST-00265,Starter,334.94,EUR,Paid,Credit Card,2025-12-26,2025-12-27,Not Requested
INV-001425,CUST-00265,Starter,334.94,EUR,Paid,Credit Card,2026-01-25,2026-01-27,Not Requested
INV-001426,CUST-00265,Starter,334.94,EUR,Paid,Credit Card,2026-02-24,2026-03-02,Not Requested
INV-001427,CUST-00265,Starter,334.94,EUR,Failed,Credit Card,2026-03-26,,Not Requested
INV-001428,CUST-00265,Starter,334.94,EUR,Paid,Credit Card,2026-04-25,2026-04-27,Not Requested
INV-001429,CUST-00265,Starter,334.94,EUR,Paid,Credit Card,2026-05-25,2026-05-25,Not Requested
INV-001430,CUST-00265,Starter,334.94,EUR,Paid,Credit Card,2026-06-24,2026-06-27,Not Requested
INV-001431,CUST-00265,Starter,334.94,EUR,Paid,Credit Card,2026-07-24,2026-07-24,Not Requested
INV-001432,CUST-00267,Enterprise,2426736.91,USD,Paid,Wire Transfer,2025-08-28,2025-09-04,Not Requested
INV-001433,CUST-00269,Enterprise,374723.1,USD,Paid,ACH Bank Transfer,2025-08-28,2025-08-31,Not Requested
INV-001434,CUST-00270,Professional,8884.82,USD,Paid,ACH Bank Transfer,2025-08-28,2025-08-29,Not Requested
INV-001435,CUST-00271,Starter,194.18,EUR,Paid,Credit Card,2025-08-28,2025-08-29,Not Requested
INV-001436,CUST-00271,Starter,194.18,EUR,Paid,Credit Card,2025-09-27,2025-09-29,Not Requested
INV-001437,CUST-00271,Starter,194.18,EUR,Paid,Credit Card,2025-10-27,2025-10-28,Not Requested
INV-001438,CUST-00271,Starter,194.18,EUR,Paid,Credit Card,2025-11-26,2025-11-30,Not Requested
INV-001439,CUST-00271,Starter,194.18,EUR,Paid,Credit Card,2025-12-26,2025-12-27,Not Requested
INV-001440,CUST-00271,Starter,194.18,EUR,Paid,Credit Card,2026-01-25,2026-01-27,Not Requested
INV-001441,CUST-00271,Starter,194.18,EUR,Paid,Credit Card,2026-02-24,2026-02-24,Not Requested
INV-001442,CUST-00271,Starter,194.18,EUR,Refunded,Credit Card,2026-03-26,2026-03-26,Approved - Refunded
INV-001443,CUST-00271,Starter,194.18,EUR,Paid,Credit Card,2026-04-25,2026-04-26,Not Requested
INV-001444,CUST-00271,Starter,194.18,EUR,Paid,Credit Card,2026-05-25,2026-05-30,Not Requested
INV-001445,CUST-00271,Starter,194.18,EUR,Paid,Credit Card,2026-06-24,2026-06-29,Not Requested
INV-001446,CUST-00271,Starter,194.18,EUR,Paid,Credit Card,2026-07-24,2026-07-25,Not Requested
INV-001447,CUST-00272,Professional,4536.19,USD,Paid,Credit Card,2026-05-09,2026-05-11,Not Requested
INV-001448,CUST-00272,Professional,4536.19,USD,Paid,Credit Card,2026-06-08,2026-06-10,Not Requested
INV-001449,CUST-00272,Professional,4536.19,USD,Failed,Credit Card,2026-07-08,,Requested
INV-001450,CUST-00273,Professional,4640.35,USD,Paid,Credit Card,2025-08-28,2025-08-31,Not Requested
INV-001451,CUST-00273,Professional,4640.35,USD,Paid,Credit Card,2025-09-27,2025-10-01,Not Requested
INV-001452,CUST-00273,Professional,4640.35,USD,Paid,Credit Card,2025-10-27,2025-10-27,Not Requested
INV-001453,CUST-00273,Professional,4640.35,USD,Paid,Credit Card,2025-11-26,2025-12-01,Not Requested
INV-001454,CUST-00273,Professional,4640.35,USD,Failed,Credit Card,2025-12-26,,Not Requested
INV-001455,CUST-00273,Professional,4640.35,USD,Paid,Credit Card,2026-01-25,2026-01-26,Not Requested
INV-001456,CUST-00273,Professional,4640.35,USD,Paid,Credit Card,2026-02-24,2026-02-27,Not Requested
INV-001457,CUST-00273,Professional,4640.35,USD,Paid,ACH Bank Transfer,2026-03-26,2026-03-31,Not Requested
INV-001458,CUST-00273,Professional,4640.35,USD,Paid,Credit Card,2026-04-25,2026-04-30,Not Requested
INV-001459,CUST-00273,Professional,4640.35,USD,Paid,ACH Bank Transfer,2026-05-25,2026-05-26,Not Requested
INV-001460,CUST-00273,Professional,4640.35,USD,Paid,PayPal,2026-06-24,2026-06-26,Not Requested
INV-001461,CUST-00273,Professional,4640.35,USD,Paid,Credit Card,2026-07-24,2026-07-26,Not Requested
INV-001462,CUST-00274,Professional,2267.14,USD,Paid,PayPal,2025-08-28,2025-08-28,Not Requested
INV-001463,CUST-00274,Professional,2267.14,USD,Paid,Credit Card,2025-09-27,2025-10-04,Not Requested
INV-001464,CUST-00274,Professional,2267.14,USD,Failed,Credit Card,2025-10-27,,Not Requested
INV-001465,CUST-00274,Professional,2267.14,USD,Paid,Credit Card,2025-11-26,2025-12-02,Not Requested
INV-001466,CUST-00274,Professional,2267.14,USD,Paid,Credit Card,2025-12-26,2025-12-27,Not Requested
INV-001467,CUST-00274,Professional,2267.14,USD,Paid,Credit Card,2026-01-25,2026-01-31,Not Requested
INV-001468,CUST-00274,Professional,2267.14,USD,Paid,Credit Card,2026-02-24,2026-02-25,Not Requested
INV-001469,CUST-00274,Professional,2267.14,USD,Paid,ACH Bank Transfer,2026-03-26,2026-03-28,Not Requested
INV-001470,CUST-00274,Professional,2267.14,USD,Paid,Credit Card,2026-04-25,2026-04-29,Not Requested
INV-001471,CUST-00274,Professional,2267.14,USD,Paid,Credit Card,2026-05-25,2026-05-25,Not Requested
INV-001472,CUST-00274,Professional,2267.14,USD,Failed,Credit Card,2026-06-24,,Requested
INV-001473,CUST-00274,Professional,2267.14,USD,Paid,Credit Card,2026-07-24,2026-07-28,Not Requested
INV-001474,CUST-00275,Starter,565.74,USD,Paid,Credit Card,2025-08-28,2025-08-29,Not Requested
INV-001475,CUST-00275,Starter,565.74,USD,Paid,Credit Card,2025-09-27,2025-09-29,Not Requested
INV-001476,CUST-00275,Starter,565.74,USD,Paid,Credit Card,2025-10-27,2025-10-30,Not Requested
INV-001477,CUST-00275,Starter,565.74,USD,Paid,Credit Card,2025-11-26,2025-11-27,Not Requested
INV-001478,CUST-00275,Starter,565.74,USD,Paid,Credit Card,2025-12-26,2025-12-29,Not Requested
INV-001479,CUST-00275,Starter,565.74,USD,Paid,Credit Card,2026-01-25,2026-01-25,Not Requested
INV-001480,CUST-00275,Starter,565.74,USD,Paid,Credit Card,2026-02-24,2026-02-28,Not Requested
INV-001481,CUST-00275,Starter,565.74,USD,Paid,PayPal,2026-03-26,2026-03-28,Not Requested
INV-001482,CUST-00275,Starter,565.74,USD,Paid,Credit Card,2026-04-25,2026-04-29,Not Requested
INV-001483,CUST-00275,Starter,565.74,USD,Paid,Credit Card,2026-05-25,2026-05-26,Not Requested
INV-001484,CUST-00275,Starter,565.74,USD,Paid,Credit Card,2026-06-24,2026-06-27,Not Requested
INV-001485,CUST-00275,Starter,565.74,USD,Paid,Credit Card,2026-07-24,2026-07-28,Not Requested
INV-001486,CUST-00277,Professional,4360.43,EUR,Paid,ACH Bank Transfer,2025-08-28,2025-09-01,Not Requested
INV-001487,CUST-00277,Professional,4360.43,EUR,Pending,ACH Bank Transfer,2025-09-27,,Not Requested
INV-001488,CUST-00277,Professional,4360.43,EUR,Paid,Credit Card,2025-10-27,2025-11-03,Not Requested
INV-001489,CUST-00277,Professional,4360.43,EUR,Paid,Credit Card,2025-11-26,2025-12-01,Not Requested
INV-001490,CUST-00277,Professional,4360.43,EUR,Paid,Credit Card,2025-12-26,2025-12-27,Not Requested
INV-001491,CUST-00277,Professional,4360.43,EUR,Paid,Credit Card,2026-01-25,2026-01-31,Not Requested
INV-001492,CUST-00277,Professional,4360.43,EUR,Paid,ACH Bank Transfer,2026-02-24,2026-02-26,Not Requested
INV-001493,CUST-00277,Professional,4360.43,EUR,Paid,Credit Card,2026-03-26,2026-03-29,Not Requested
INV-001494,CUST-00277,Professional,4360.43,EUR,Paid,Credit Card,2026-04-25,2026-04-26,Not Requested
INV-001495,CUST-00277,Professional,4360.43,EUR,Paid,Credit Card,2026-05-25,2026-05-29,Not Requested
INV-001496,CUST-00277,Professional,4360.43,EUR,Paid,Credit Card,2026-06-24,2026-06-25,Not Requested
INV-001497,CUST-00277,Professional,4360.43,EUR,Paid,PayPal,2026-07-24,2026-07-28,Not Requested
INV-001498,CUST-00279,Professional,57512.92,USD,Paid,Credit Card,2025-08-28,2025-08-28,Not Requested
INV-001499,CUST-00281,Professional,71739.41,USD,Paid,Credit Card,2025-08-28,2025-08-31,Not Requested
INV-001500,CUST-00282,Starter,420.86,AUD,Paid,Credit Card,2025-08-28,2025-08-28,Not Requested
INV-001501,CUST-00282,Starter,420.86,AUD,Paid,Credit Card,2025-09-27,2025-09-28,Not Requested
INV-001502,CUST-00282,Starter,420.86,AUD,Paid,PayPal,2025-10-27,2025-10-27,Not Requested
INV-001503,CUST-00282,Starter,420.86,AUD,Paid,ACH Bank Transfer,2025-11-26,2025-12-02,Not Requested
INV-001504,CUST-00282,Starter,420.86,AUD,Paid,ACH Bank Transfer,2025-12-26,2025-12-28,Not Requested
INV-001505,CUST-00282,Starter,420.86,AUD,Paid,Credit Card,2026-01-25,2026-01-25,Not Requested
INV-001506,CUST-00282,Starter,420.86,AUD,Failed,Credit Card,2026-02-24,,Not Requested
INV-001507,CUST-00282,Starter,420.86,AUD,Paid,PayPal,2026-03-26,2026-03-27,Not Requested
INV-001508,CUST-00282,Starter,420.86,AUD,Paid,Credit Card,2026-04-25,2026-04-27,Not Requested
INV-001509,CUST-00282,Starter,420.86,AUD,Paid,Credit Card,2026-05-25,2026-05-26,Not Requested
INV-001510,CUST-00282,Starter,420.86,AUD,Paid,Credit Card,2026-06-24,2026-06-26,Not Requested
INV-001511,CUST-00282,Starter,420.86,AUD,Paid,Credit Card,2026-07-24,2026-07-26,Not Requested
INV-001512,CUST-00283,Starter,667.41,USD,Paid,Credit Card,2025-08-28,2025-09-01,Not Requested
INV-001513,CUST-00283,Starter,667.41,USD,Paid,Credit Card,2025-09-27,2025-10-01,Not Requested
INV-001514,CUST-00283,Starter,667.41,USD,Paid,Credit Card,2025-10-27,2025-11-02,Not Requested
INV-001515,CUST-00283,Starter,667.41,USD,Refunded,Credit Card,2025-11-26,2025-11-26,Requested
INV-001516,CUST-00283,Starter,667.41,USD,Paid,Credit Card,2025-12-26,2025-12-27,Not Requested
INV-001517,CUST-00283,Starter,667.41,USD,Paid,Credit Card,2026-01-25,2026-01-27,Not Requested
INV-001518,CUST-00283,Starter,667.41,USD,Paid,Credit Card,2026-02-24,2026-02-24,Not Requested
INV-001519,CUST-00283,Starter,667.41,USD,Paid,Credit Card,2026-03-26,2026-03-26,Not Requested
INV-001520,CUST-00283,Starter,667.41,USD,Paid,Credit Card,2026-04-25,2026-04-27,Not Requested
INV-001521,CUST-00283,Starter,667.41,USD,Paid,Credit Card,2026-05-25,2026-05-26,Not Requested
INV-001522,CUST-00283,Starter,667.41,USD,Paid,Credit Card,2026-06-24,2026-06-26,Not Requested
INV-001523,CUST-00283,Starter,667.41,USD,Paid,ACH Bank Transfer,2026-07-24,2026-07-24,Not Requested
INV-001524,CUST-00284,Professional,31260.02,USD,Paid,Credit Card,2025-08-28,2025-09-03,Not Requested
INV-001525,CUST-00285,Professional,8733.5,USD,Paid,Credit Card,2026-03-12,2026-03-12,Not Requested
INV-001526,CUST-00285,Professional,8733.5,USD,Paid,ACH Bank Transfer,2026-04-11,2026-04-13,Not Requested
INV-001527,CUST-00285,Professional,8733.5,USD,Paid,Credit Card,2026-05-11,2026-05-13,Not Requested
INV-001528,CUST-00285,Professional,8733.5,USD,Paid,Credit Card,2026-06-10,2026-06-12,Not Requested
INV-001529,CUST-00285,Professional,8733.5,USD,Failed,ACH Bank Transfer,2026-07-10,,Requested
INV-001530,CUST-00286,Professional,112133.06,USD,Paid,Credit Card,2025-08-28,2025-09-03,Not Requested
INV-001531,CUST-00287,Professional,42781.5,USD,Paid,Credit Card,2025-08-28,2025-09-01,Not Requested
INV-001532,CUST-00288,Starter,2037.96,USD,Paid,Credit Card,2025-08-28,2025-09-01,Not Requested
INV-001533,CUST-00289,Enterprise,1305817.84,USD,Paid,ACH Bank Transfer,2025-08-28,2025-09-02,Not Requested
INV-001534,CUST-00290,Starter,586.36,USD,Paid,Credit Card,2025-08-28,2025-08-28,Not Requested
INV-001535,CUST-00290,Starter,586.36,USD,Paid,Credit Card,2025-09-27,2025-09-27,Not Requested
INV-001536,CUST-00290,Starter,586.36,USD,Paid,Credit Card,2025-10-27,2025-10-28,Not Requested
INV-001537,CUST-00290,Starter,586.36,USD,Paid,Credit Card,2025-11-26,2025-11-26,Not Requested
INV-001538,CUST-00290,Starter,586.36,USD,Paid,Credit Card,2025-12-26,2025-12-30,Not Requested
INV-001539,CUST-00290,Starter,586.36,USD,Paid,Credit Card,2026-01-25,2026-01-27,Not Requested
INV-001540,CUST-00290,Starter,586.36,USD,Paid,Credit Card,2026-02-24,2026-02-26,Not Requested
INV-001541,CUST-00290,Starter,586.36,USD,Paid,Credit Card,2026-03-26,2026-03-26,Not Requested
INV-001542,CUST-00290,Starter,586.36,USD,Paid,PayPal,2026-04-25,2026-04-25,Not Requested
INV-001543,CUST-00290,Starter,586.36,USD,Paid,PayPal,2026-05-25,2026-05-28,Not Requested
INV-001544,CUST-00290,Starter,586.36,USD,Paid,Credit Card,2026-06-24,2026-06-28,Not Requested
INV-001545,CUST-00290,Starter,586.36,USD,Paid,Credit Card,2026-07-24,2026-07-24,Not Requested
INV-001546,CUST-00291,Starter,181.0,USD,Pending,Credit Card,2025-08-28,,Not Requested
INV-001547,CUST-00291,Starter,181.0,USD,Paid,PayPal,2025-09-27,2025-10-06,Not Requested
INV-001548,CUST-00291,Starter,181.0,USD,Paid,Credit Card,2025-10-27,2025-10-27,Not Requested
INV-001549,CUST-00291,Starter,181.0,USD,Paid,Credit Card,2025-11-26,2025-11-26,Not Requested
INV-001550,CUST-00291,Starter,181.0,USD,Refunded,Credit Card,2025-12-26,2025-12-31,Approved - Refunded
INV-001551,CUST-00291,Starter,181.0,USD,Paid,Credit Card,2026-01-25,2026-01-30,Not Requested
INV-001552,CUST-00291,Starter,181.0,USD,Paid,Credit Card,2026-02-24,2026-02-26,Not Requested
INV-001553,CUST-00291,Starter,181.0,USD,Paid,Credit Card,2026-03-26,2026-03-30,Not Requested
INV-001554,CUST-00291,Starter,181.0,USD,Paid,Credit Card,2026-04-25,2026-04-26,Not Requested
INV-001555,CUST-00291,Starter,181.0,USD,Paid,PayPal,2026-05-25,2026-05-28,Not Requested
INV-001556,CUST-00291,Starter,181.0,USD,Paid,Credit Card,2026-06-24,2026-06-27,Not Requested
INV-001557,CUST-00291,Starter,181.0,USD,Paid,Credit Card,2026-07-24,2026-07-29,Not Requested
INV-001558,CUST-00293,Starter,324.88,AUD,Paid,Credit Card,2025-08-28,2025-08-29,Not Requested
INV-001559,CUST-00293,Starter,324.88,AUD,Paid,Credit Card,2025-09-27,2025-10-03,Not Requested
INV-001560,CUST-00293,Starter,324.88,AUD,Paid,Credit Card,2025-10-27,2025-11-03,Not Requested
INV-001561,CUST-00293,Starter,324.88,AUD,Paid,Credit Card,2025-11-26,2025-11-27,Not Requested
INV-001562,CUST-00293,Starter,324.88,AUD,Paid,Credit Card,2025-12-26,2025-12-26,Not Requested
INV-001563,CUST-00293,Starter,324.88,AUD,Paid,Credit Card,2026-01-25,2026-01-29,Not Requested
INV-001564,CUST-00293,Starter,324.88,AUD,Paid,Credit Card,2026-02-24,2026-02-27,Not Requested
INV-001565,CUST-00293,Starter,324.88,AUD,Paid,Credit Card,2026-03-26,2026-03-31,Not Requested
INV-001566,CUST-00293,Starter,324.88,AUD,Paid,Credit Card,2026-04-25,2026-05-04,Not Requested
INV-001567,CUST-00293,Starter,324.88,AUD,Paid,Credit Card,2026-05-25,2026-05-28,Not Requested
INV-001568,CUST-00293,Starter,324.88,AUD,Paid,Credit Card,2026-06-24,2026-06-25,Not Requested
INV-001569,CUST-00293,Starter,324.88,AUD,Paid,Credit Card,2026-07-24,2026-07-26,Not Requested
INV-001570,CUST-00294,Professional,8081.09,USD,Paid,Credit Card,2025-08-28,2025-08-28,Not Requested
INV-001571,CUST-00294,Professional,8081.09,USD,Paid,Credit Card,2025-09-27,2025-09-28,Not Requested
INV-001572,CUST-00294,Professional,8081.09,USD,Paid,Credit Card,2025-10-27,2025-10-29,Not Requested
INV-001573,CUST-00294,Professional,8081.09,USD,Paid,Credit Card,2025-11-26,2025-11-28,Not Requested
INV-001574,CUST-00294,Professional,8081.09,USD,Paid,Credit Card,2025-12-26,2025-12-27,Not Requested
INV-001575,CUST-00294,Professional,8081.09,USD,Paid,Credit Card,2026-01-25,2026-02-01,Not Requested
INV-001576,CUST-00294,Professional,8081.09,USD,Paid,Credit Card,2026-02-24,2026-02-24,Not Requested
INV-001577,CUST-00294,Professional,8081.09,USD,Paid,Credit Card,2026-03-26,2026-04-03,Not Requested
INV-001578,CUST-00294,Professional,8081.09,USD,Paid,PayPal,2026-04-25,2026-04-27,Not Requested
INV-001579,CUST-00294,Professional,8081.09,USD,Paid,Credit Card,2026-05-25,2026-05-25,Not Requested
INV-001580,CUST-00294,Professional,8081.09,USD,Paid,ACH Bank Transfer,2026-06-24,2026-06-25,Not Requested
INV-001581,CUST-00294,Professional,8081.09,USD,Paid,Credit Card,2026-07-24,2026-07-27,Not Requested
INV-001582,CUST-00295,Starter,7062.94,USD,Paid,Credit Card,2025-08-28,2025-08-29,Not Requested
INV-001583,CUST-00296,Starter,515.28,USD,Paid,Credit Card,2025-08-28,2025-09-04,Not Requested
INV-001584,CUST-00296,Starter,515.28,USD,Paid,Credit Card,2025-09-27,2025-09-27,Not Requested
INV-001585,CUST-00296,Starter,515.28,USD,Paid,Credit Card,2025-10-27,2025-11-02,Not Requested
INV-001586,CUST-00296,Starter,515.28,USD,Paid,Credit Card,2025-11-26,2025-11-28,Not Requested
INV-001587,CUST-00296,Starter,515.28,USD,Paid,Credit Card,2025-12-26,2025-12-26,Not Requested
INV-001588,CUST-00296,Starter,515.28,USD,Paid,Credit Card,2026-01-25,2026-01-25,Not Requested
INV-001589,CUST-00296,Starter,515.28,USD,Paid,Credit Card,2026-02-24,2026-02-24,Not Requested
INV-001590,CUST-00296,Starter,515.28,USD,Paid,Credit Card,2026-03-26,2026-03-27,Not Requested
INV-001591,CUST-00296,Starter,515.28,USD,Paid,Credit Card,2026-04-25,2026-04-28,Not Requested
INV-001592,CUST-00296,Starter,515.28,USD,Paid,Credit Card,2026-05-25,2026-05-25,Not Requested
INV-001593,CUST-00296,Starter,515.28,USD,Paid,Credit Card,2026-06-24,2026-07-01,Not Requested
INV-001594,CUST-00296,Starter,515.28,USD,Failed,ACH Bank Transfer,2026-07-24,,Requested
INV-001595,CUST-00299,Starter,663.76,CAD,Paid,Credit Card,2025-08-28,2025-08-28,Not Requested
INV-001596,CUST-00299,Starter,663.76,CAD,Paid,Credit Card,2025-09-27,2025-09-28,Not Requested
INV-001597,CUST-00299,Starter,663.76,CAD,Paid,Credit Card,2025-10-27,2025-10-31,Not Requested
INV-001598,CUST-00299,Starter,663.76,CAD,Paid,Credit Card,2025-11-26,2025-11-30,Not Requested
INV-001599,CUST-00299,Starter,663.76,CAD,Paid,Credit Card,2025-12-26,2025-12-26,Not Requested
INV-001600,CUST-00299,Starter,663.76,CAD,Paid,Credit Card,2026-01-25,2026-01-26,Not Requested
INV-001601,CUST-00299,Starter,663.76,CAD,Pending,Credit Card,2026-02-24,,Not Requested
INV-001602,CUST-00299,Starter,663.76,CAD,Paid,Credit Card,2026-03-26,2026-03-30,Not Requested
INV-001603,CUST-00299,Starter,663.76,CAD,Paid,Credit Card,2026-04-25,2026-04-27,Not Requested
INV-001604,CUST-00299,Starter,663.76,CAD,Paid,Credit Card,2026-05-25,2026-05-28,Not Requested
INV-001605,CUST-00299,Starter,663.76,CAD,Paid,Credit Card,2026-06-24,2026-07-03,Not Requested
INV-001606,CUST-00299,Starter,663.76,CAD,Paid,PayPal,2026-07-24,2026-07-28,Not Requested
INV-001607,CUST-00301,Starter,3758.04,USD,Paid,Credit Card,2025-08-28,2025-08-30,Not Requested
INV-001608,CUST-00302,Professional,54668.7,USD,Paid,PayPal,2025-08-28,2025-08-31,Not Requested
INV-001609,CUST-00304,Starter,478.13,EUR,Paid,Credit Card,2025-08-28,2025-08-29,Not Requested
INV-001610,CUST-00304,Starter,478.13,EUR,Paid,Credit Card,2025-09-27,2025-09-29,Not Requested
INV-001611,CUST-00304,Starter,478.13,EUR,Paid,Credit Card,2025-10-27,2025-11-02,Not Requested
INV-001612,CUST-00304,Starter,478.13,EUR,Paid,Credit Card,2025-11-26,2025-12-01,Not Requested
INV-001613,CUST-00304,Starter,478.13,EUR,Paid,Credit Card,2025-12-26,2025-12-29,Not Requested
INV-001614,CUST-00304,Starter,478.13,EUR,Paid,PayPal,2026-01-25,2026-01-27,Not Requested
INV-001615,CUST-00304,Starter,478.13,EUR,Paid,Credit Card,2026-02-24,2026-02-24,Not Requested
INV-001616,CUST-00304,Starter,478.13,EUR,Paid,Credit Card,2026-03-26,2026-03-26,Not Requested
INV-001617,CUST-00304,Starter,478.13,EUR,Paid,Credit Card,2026-04-25,2026-04-25,Not Requested
INV-001618,CUST-00304,Starter,478.13,EUR,Paid,PayPal,2026-05-25,2026-05-26,Not Requested
INV-001619,CUST-00304,Starter,478.13,EUR,Paid,Credit Card,2026-06-24,2026-06-24,Not Requested
INV-001620,CUST-00304,Starter,478.13,EUR,Paid,Credit Card,2026-07-24,2026-07-31,Not Requested
INV-001621,CUST-00306,Starter,377.08,EUR,Paid,Credit Card,2025-08-28,2025-08-30,Not Requested
INV-001622,CUST-00306,Starter,377.08,EUR,Paid,Credit Card,2025-09-27,2025-09-27,Not Requested
INV-001623,CUST-00306,Starter,377.08,EUR,Paid,Credit Card,2025-10-27,2025-11-01,Not Requested
INV-001624,CUST-00306,Starter,377.08,EUR,Paid,Credit Card,2025-11-26,2025-11-28,Not Requested
INV-001625,CUST-00306,Starter,377.08,EUR,Paid,Credit Card,2025-12-26,2025-12-27,Not Requested
INV-001626,CUST-00306,Starter,377.08,EUR,Paid,ACH Bank Transfer,2026-01-25,2026-01-25,Not Requested
INV-001627,CUST-00306,Starter,377.08,EUR,Paid,Credit Card,2026-02-24,2026-02-28,Not Requested
INV-001628,CUST-00306,Starter,377.08,EUR,Paid,Credit Card,2026-03-26,2026-03-27,Not Requested
INV-001629,CUST-00306,Starter,377.08,EUR,Paid,Credit Card,2026-04-25,2026-04-27,Not Requested
INV-001630,CUST-00306,Starter,377.08,EUR,Paid,PayPal,2026-05-25,2026-05-28,Not Requested
INV-001631,CUST-00306,Starter,377.08,EUR,Paid,Credit Card,2026-06-24,2026-06-28,Not Requested
INV-001632,CUST-00306,Starter,377.08,EUR,Paid,Credit Card,2026-07-24,2026-07-26,Not Requested
INV-001633,CUST-00307,Starter,249.98,USD,Refunded,Credit Card,2025-08-28,2025-08-30,Approved - Refunded
INV-001634,CUST-00307,Starter,249.98,USD,Paid,Credit Card,2025-09-27,2025-10-01,Not Requested
INV-001635,CUST-00307,Starter,249.98,USD,Paid,Credit Card,2025-10-27,2025-10-27,Not Requested
INV-001636,CUST-00307,Starter,249.98,USD,Paid,Credit Card,2025-11-26,2025-11-30,Not Requested
INV-001637,CUST-00307,Starter,249.98,USD,Paid,Credit Card,2025-12-26,2025-12-26,Not Requested
INV-001638,CUST-00307,Starter,249.98,USD,Paid,Credit Card,2026-01-25,2026-01-26,Not Requested
INV-001639,CUST-00307,Starter,249.98,USD,Paid,Credit Card,2026-02-24,2026-02-25,Not Requested
INV-001640,CUST-00307,Starter,249.98,USD,Paid,Credit Card,2026-03-26,2026-03-29,Not Requested
INV-001641,CUST-00307,Starter,249.98,USD,Paid,Credit Card,2026-04-25,2026-04-27,Not Requested
INV-001642,CUST-00307,Starter,249.98,USD,Paid,Credit Card,2026-05-25,2026-05-28,Not Requested
INV-001643,CUST-00307,Starter,249.98,USD,Paid,Credit Card,2026-06-24,2026-06-27,Not Requested
INV-001644,CUST-00307,Starter,249.98,USD,Paid,Credit Card,2026-07-24,2026-07-24,Not Requested
INV-001645,CUST-00308,Starter,249.3,USD,Paid,Credit Card,2025-08-28,2025-09-01,Not Requested
INV-001646,CUST-00308,Starter,249.3,USD,Paid,Credit Card,2025-09-27,2025-10-01,Not Requested
INV-001647,CUST-00308,Starter,249.3,USD,Paid,ACH Bank Transfer,2025-10-27,2025-10-28,Not Requested
INV-001648,CUST-00308,Starter,249.3,USD,Paid,Credit Card,2025-11-26,2025-11-28,Not Requested
INV-001649,CUST-00308,Starter,249.3,USD,Paid,Credit Card,2025-12-26,2025-12-26,Not Requested
INV-001650,CUST-00308,Starter,249.3,USD,Paid,PayPal,2026-01-25,2026-01-29,Not Requested
INV-001651,CUST-00308,Starter,249.3,USD,Paid,Credit Card,2026-02-24,2026-02-24,Not Requested
INV-001652,CUST-00308,Starter,249.3,USD,Paid,PayPal,2026-03-26,2026-03-29,Not Requested
INV-001653,CUST-00308,Starter,249.3,USD,Paid,Credit Card,2026-04-25,2026-04-28,Not Requested
INV-001654,CUST-00308,Starter,249.3,USD,Paid,Credit Card,2026-05-25,2026-05-28,Not Requested
INV-001655,CUST-00308,Starter,249.3,USD,Paid,Credit Card,2026-06-24,2026-06-24,Not Requested
INV-001656,CUST-00308,Starter,249.3,USD,Paid,Credit Card,2026-07-24,2026-07-28,Not Requested
INV-001657,CUST-00311,Enterprise,576152.98,USD,Paid,Wire Transfer,2026-02-24,2026-02-27,Not Requested
INV-001658,CUST-00312,Enterprise,715560.44,USD,Paid,ACH Bank Transfer,2025-08-28,2025-09-04,Not Requested
INV-001659,CUST-00313,Starter,7198.08,USD,Pending,Credit Card,2025-08-28,,Not Requested
INV-001660,CUST-00314,Professional,35903.1,USD,Paid,Credit Card,2025-08-28,2025-08-28,Not Requested
INV-001661,CUST-00315,Professional,97377.66,USD,Paid,ACH Bank Transfer,2025-08-28,2025-08-29,Not Requested
INV-001662,CUST-00316,Starter,443.17,EUR,Paid,Credit Card,2025-08-28,2025-08-29,Not Requested
INV-001663,CUST-00316,Starter,443.17,EUR,Failed,Credit Card,2025-09-27,,Not Requested
INV-001664,CUST-00316,Starter,443.17,EUR,Paid,PayPal,2025-10-27,2025-10-27,Not Requested
INV-001665,CUST-00316,Starter,443.17,EUR,Paid,Credit Card,2025-11-26,2025-11-29,Not Requested
INV-001666,CUST-00316,Starter,443.17,EUR,Paid,PayPal,2025-12-26,2026-01-01,Not Requested
INV-001667,CUST-00316,Starter,443.17,EUR,Paid,Credit Card,2026-01-25,2026-01-27,Not Requested
INV-001668,CUST-00316,Starter,443.17,EUR,Paid,Credit Card,2026-02-24,2026-02-27,Not Requested
INV-001669,CUST-00316,Starter,443.17,EUR,Paid,Credit Card,2026-03-26,2026-03-26,Not Requested
INV-001670,CUST-00316,Starter,443.17,EUR,Paid,Credit Card,2026-04-25,2026-04-29,Not Requested
INV-001671,CUST-00316,Starter,443.17,EUR,Paid,PayPal,2026-05-25,2026-05-25,Not Requested
INV-001672,CUST-00316,Starter,443.17,EUR,Paid,Credit Card,2026-06-24,2026-06-25,Not Requested
INV-001673,CUST-00316,Starter,443.17,EUR,Paid,Credit Card,2026-07-24,2026-07-29,Not Requested
INV-001674,CUST-00317,Professional,81275.85,EUR,Paid,Credit Card,2025-08-28,2025-08-30,Not Requested
INV-001675,CUST-00318,Professional,919.46,GBP,Paid,ACH Bank Transfer,2025-08-28,2025-08-29,Not Requested
INV-001676,CUST-00318,Professional,919.46,GBP,Refunded,Credit Card,2025-09-27,2025-10-05,Approved - Refunded
INV-001677,CUST-00318,Professional,919.46,GBP,Paid,ACH Bank Transfer,2025-10-27,2025-10-31,Not Requested
INV-001678,CUST-00318,Professional,919.46,GBP,Paid,Credit Card,2025-11-26,2025-11-26,Not Requested
INV-001679,CUST-00318,Professional,919.46,GBP,Paid,ACH Bank Transfer,2025-12-26,2025-12-29,Not Requested
INV-001680,CUST-00318,Professional,919.46,GBP,Failed,Credit Card,2026-01-25,,Not Requested
INV-001681,CUST-00318,Professional,919.46,GBP,Paid,Credit Card,2026-02-24,2026-02-28,Not Requested
INV-001682,CUST-00318,Professional,919.46,GBP,Paid,Credit Card,2026-03-26,2026-04-02,Not Requested
INV-001683,CUST-00318,Professional,919.46,GBP,Paid,ACH Bank Transfer,2026-04-25,2026-04-29,Not Requested
INV-001684,CUST-00318,Professional,919.46,GBP,Paid,Credit Card,2026-05-25,2026-05-30,Not Requested
INV-001685,CUST-00318,Professional,919.46,GBP,Paid,Credit Card,2026-06-24,2026-06-25,Not Requested
INV-001686,CUST-00318,Professional,919.46,GBP,Paid,Credit Card,2026-07-24,2026-07-31,Not Requested
INV-001687,CUST-00319,Starter,281.82,USD,Failed,Credit Card,2025-08-28,,Not Requested
INV-001688,CUST-00319,Starter,281.82,USD,Paid,Credit Card,2025-09-27,2025-09-30,Not Requested
INV-001689,CUST-00319,Starter,281.82,USD,Paid,Credit Card,2025-10-27,2025-11-02,Not Requested
INV-001690,CUST-00319,Starter,281.82,USD,Paid,Credit Card,2025-11-26,2025-11-30,Not Requested
INV-001691,CUST-00319,Starter,281.82,USD,Paid,Credit Card,2025-12-26,2025-12-29,Not Requested
INV-001692,CUST-00319,Starter,281.82,USD,Paid,Credit Card,2026-01-25,2026-01-26,Not Requested
INV-001693,CUST-00319,Starter,281.82,USD,Paid,Credit Card,2026-02-24,2026-02-27,Not Requested
INV-001694,CUST-00319,Starter,281.82,USD,Paid,Credit Card,2026-03-26,2026-03-30,Not Requested
INV-001695,CUST-00319,Starter,281.82,USD,Paid,Credit Card,2026-04-25,2026-04-27,Not Requested
INV-001696,CUST-00319,Starter,281.82,USD,Paid,Credit Card,2026-05-25,2026-05-26,Not Requested
INV-001697,CUST-00319,Starter,281.82,USD,Paid,Credit Card,2026-06-24,2026-06-29,Not Requested
INV-001698,CUST-00319,Starter,281.82,USD,Paid,Credit Card,2026-07-24,2026-07-26,Not Requested
INV-001699,CUST-00320,Professional,1052.09,USD,Paid,Credit Card,2025-08-28,2025-08-29,Not Requested
INV-001700,CUST-00320,Professional,1052.09,USD,Paid,ACH Bank Transfer,2025-09-27,2025-09-28,Not Requested
INV-001701,CUST-00320,Professional,1052.09,USD,Paid,PayPal,2025-10-27,2025-10-28,Not Requested
INV-001702,CUST-00320,Professional,1052.09,USD,Paid,Credit Card,2025-11-26,2025-11-28,Not Requested
INV-001703,CUST-00320,Professional,1052.09,USD,Paid,Credit Card,2025-12-26,2025-12-29,Not Requested
INV-001704,CUST-00320,Professional,1052.09,USD,Failed,PayPal,2026-01-25,,Not Requested
INV-001705,CUST-00320,Professional,1052.09,USD,Paid,Credit Card,2026-02-24,2026-03-01,Not Requested
INV-001706,CUST-00320,Professional,1052.09,USD,Paid,Credit Card,2026-03-26,2026-03-27,Not Requested
INV-001707,CUST-00320,Professional,1052.09,USD,Paid,Credit Card,2026-04-25,2026-04-27,Not Requested
INV-001708,CUST-00320,Professional,1052.09,USD,Paid,Credit Card,2026-05-25,2026-05-29,Not Requested
INV-001709,CUST-00320,Professional,1052.09,USD,Paid,Credit Card,2026-06-24,2026-06-30,Not Requested
INV-001710,CUST-00320,Professional,1052.09,USD,Paid,ACH Bank Transfer,2026-07-24,2026-07-29,Not Requested
INV-001711,CUST-00321,Starter,2417.59,USD,Paid,Credit Card,2025-08-28,2025-08-29,Not Requested
INV-001712,CUST-00322,Professional,6621.18,USD,Paid,ACH Bank Transfer,2025-08-28,2025-08-28,Not Requested
INV-001713,CUST-00322,Professional,6621.18,USD,Paid,Credit Card,2025-09-27,2025-09-27,Not Requested
INV-001714,CUST-00322,Professional,6621.18,USD,Paid,Credit Card,2025-10-27,2025-10-27,Not Requested
INV-001715,CUST-00322,Professional,6621.18,USD,Paid,ACH Bank Transfer,2025-11-26,2025-12-01,Not Requested
INV-001716,CUST-00322,Professional,6621.18,USD,Paid,Credit Card,2025-12-26,2025-12-31,Not Requested
INV-001717,CUST-00322,Professional,6621.18,USD,Paid,Credit Card,2026-01-25,2026-01-30,Not Requested
INV-001718,CUST-00322,Professional,6621.18,USD,Paid,Credit Card,2026-02-24,2026-02-25,Not Requested
INV-001719,CUST-00322,Professional,6621.18,USD,Paid,Credit Card,2026-03-26,2026-04-02,Not Requested
INV-001720,CUST-00322,Professional,6621.18,USD,Paid,PayPal,2026-04-25,2026-04-25,Not Requested
INV-001721,CUST-00322,Professional,6621.18,USD,Paid,Credit Card,2026-05-25,2026-05-27,Not Requested
INV-001722,CUST-00322,Professional,6621.18,USD,Paid,Credit Card,2026-06-24,2026-06-24,Not Requested
INV-001723,CUST-00322,Professional,6621.18,USD,Paid,Credit Card,2026-07-24,2026-07-25,Not Requested
INV-001724,CUST-00324,Starter,421.52,USD,Paid,Credit Card,2025-08-28,2025-08-28,Not Requested
INV-001725,CUST-00324,Starter,421.52,USD,Paid,Credit Card,2025-09-27,2025-09-28,Not Requested
INV-001726,CUST-00324,Starter,421.52,USD,Paid,Credit Card,2025-10-27,2025-10-29,Not Requested
INV-001727,CUST-00324,Starter,421.52,USD,Paid,Credit Card,2025-11-26,2025-11-28,Not Requested
INV-001728,CUST-00324,Starter,421.52,USD,Paid,Credit Card,2025-12-26,2025-12-31,Not Requested
INV-001729,CUST-00324,Starter,421.52,USD,Paid,Credit Card,2026-01-25,2026-01-25,Not Requested
INV-001730,CUST-00324,Starter,421.52,USD,Paid,Credit Card,2026-02-24,2026-03-01,Not Requested
INV-001731,CUST-00324,Starter,421.52,USD,Paid,Credit Card,2026-03-26,2026-03-30,Not Requested
INV-001732,CUST-00324,Starter,421.52,USD,Paid,Credit Card,2026-04-25,2026-04-27,Not Requested
INV-001733,CUST-00324,Starter,421.52,USD,Paid,Credit Card,2026-05-25,2026-05-29,Not Requested
INV-001734,CUST-00324,Starter,421.52,USD,Paid,Credit Card,2026-06-24,2026-06-24,Not Requested
INV-001735,CUST-00324,Starter,421.52,USD,Pending,Credit Card,2026-07-24,,Not Requested
INV-001736,CUST-00326,Enterprise,3168138.61,USD,Paid,Credit Card,2025-08-28,2025-09-02,Not Requested
INV-001737,CUST-00327,Enterprise,563880.89,CAD,Paid,ACH Bank Transfer,2025-08-28,2025-09-01,Not Requested
INV-001738,CUST-00328,Starter,773.4,CAD,Paid,Credit Card,2025-08-28,2025-08-28,Not Requested
INV-001739,CUST-00328,Starter,773.4,CAD,Paid,Credit Card,2025-09-27,2025-10-03,Not Requested
INV-001740,CUST-00328,Starter,773.4,CAD,Paid,Credit Card,2025-10-27,2025-11-01,Not Requested
INV-001741,CUST-00328,Starter,773.4,CAD,Paid,Credit Card,2025-11-26,2025-11-27,Not Requested
INV-001742,CUST-00328,Starter,773.4,CAD,Paid,Credit Card,2025-12-26,2025-12-26,Not Requested
INV-001743,CUST-00328,Starter,773.4,CAD,Paid,PayPal,2026-01-25,2026-01-26,Not Requested
INV-001744,CUST-00328,Starter,773.4,CAD,Paid,Credit Card,2026-02-24,2026-02-25,Not Requested
INV-001745,CUST-00328,Starter,773.4,CAD,Paid,Credit Card,2026-03-26,2026-03-29,Not Requested
INV-001746,CUST-00328,Starter,773.4,CAD,Paid,Credit Card,2026-04-25,2026-04-28,Not Requested
INV-001747,CUST-00328,Starter,773.4,CAD,Refunded,Credit Card,2026-05-25,2026-05-25,Approved - Refunded
INV-001748,CUST-00328,Starter,773.4,CAD,Paid,Credit Card,2026-06-24,2026-06-29,Not Requested
INV-001749,CUST-00328,Starter,773.4,CAD,Paid,Credit Card,2026-07-24,2026-07-27,Not Requested
INV-001750,CUST-00329,Enterprise,724909.78,USD,Paid,ACH Bank Transfer,2025-10-21,2025-10-23,Not Requested
INV-001751,CUST-00330,Starter,375.94,USD,Paid,Credit Card,2025-08-28,2025-08-30,Not Requested
INV-001752,CUST-00330,Starter,375.94,USD,Paid,Credit Card,2025-09-27,2025-09-30,Not Requested
INV-001753,CUST-00330,Starter,375.94,USD,Paid,Credit Card,2025-10-27,2025-10-30,Not Requested
INV-001754,CUST-00330,Starter,375.94,USD,Paid,Credit Card,2025-11-26,2025-12-04,Not Requested
INV-001755,CUST-00330,Starter,375.94,USD,Paid,Credit Card,2025-12-26,2025-12-30,Not Requested
INV-001756,CUST-00330,Starter,375.94,USD,Paid,Credit Card,2026-01-25,2026-01-26,Not Requested
INV-001757,CUST-00330,Starter,375.94,USD,Paid,Credit Card,2026-02-24,2026-03-01,Not Requested
INV-001758,CUST-00330,Starter,375.94,USD,Paid,Credit Card,2026-03-26,2026-03-27,Not Requested
INV-001759,CUST-00330,Starter,375.94,USD,Paid,Credit Card,2026-04-25,2026-04-28,Not Requested
INV-001760,CUST-00330,Starter,375.94,USD,Pending,Credit Card,2026-05-25,,Not Requested
INV-001761,CUST-00330,Starter,375.94,USD,Failed,Credit Card,2026-06-24,,Not Requested
INV-001762,CUST-00330,Starter,375.94,USD,Paid,PayPal,2026-07-24,2026-07-26,Not Requested
INV-001763,CUST-00331,Professional,5321.87,CAD,Paid,Credit Card,2025-08-28,2025-08-29,Not Requested
INV-001764,CUST-00331,Professional,5321.87,CAD,Paid,PayPal,2025-09-27,2025-09-27,Not Requested
INV-001765,CUST-00331,Professional,5321.87,CAD,Paid,Credit Card,2025-10-27,2025-10-28,Not Requested
INV-001766,CUST-00331,Professional,5321.87,CAD,Paid,Credit Card,2025-11-26,2025-11-27,Not Requested
INV-001767,CUST-00331,Professional,5321.87,CAD,Failed,Credit Card,2025-12-26,,Not Requested
INV-001768,CUST-00331,Professional,5321.87,CAD,Paid,ACH Bank Transfer,2026-01-25,2026-01-30,Not Requested
INV-001769,CUST-00331,Professional,5321.87,CAD,Paid,Credit Card,2026-02-24,2026-03-04,Not Requested
INV-001770,CUST-00331,Professional,5321.87,CAD,Paid,Credit Card,2026-03-26,2026-03-31,Not Requested
INV-001771,CUST-00331,Professional,5321.87,CAD,Paid,Credit Card,2026-04-25,2026-04-25,Not Requested
INV-001772,CUST-00331,Professional,5321.87,CAD,Paid,Credit Card,2026-05-25,2026-05-25,Not Requested
INV-001773,CUST-00331,Professional,5321.87,CAD,Paid,Credit Card,2026-06-24,2026-06-25,Not Requested
INV-001774,CUST-00331,Professional,5321.87,CAD,Failed,Credit Card,2026-07-24,,Not Requested
INV-001775,CUST-00334,Starter,293.28,USD,Paid,Credit Card,2025-08-28,2025-08-29,Not Requested
INV-001776,CUST-00334,Starter,293.28,USD,Paid,Credit Card,2025-09-27,2025-09-30,Not Requested
INV-001777,CUST-00334,Starter,293.28,USD,Paid,Credit Card,2025-10-27,2025-10-29,Not Requested
INV-001778,CUST-00334,Starter,293.28,USD,Paid,Credit Card,2025-11-26,2025-11-28,Not Requested
INV-001779,CUST-00334,Starter,293.28,USD,Paid,PayPal,2025-12-26,2025-12-27,Not Requested
INV-001780,CUST-00334,Starter,293.28,USD,Paid,Credit Card,2026-01-25,2026-01-30,Not Requested
INV-001781,CUST-00334,Starter,293.28,USD,Paid,Credit Card,2026-02-24,2026-02-26,Not Requested
INV-001782,CUST-00334,Starter,293.28,USD,Paid,Credit Card,2026-03-26,2026-04-01,Not Requested
INV-001783,CUST-00334,Starter,293.28,USD,Paid,Credit Card,2026-04-25,2026-04-29,Not Requested
INV-001784,CUST-00334,Starter,293.28,USD,Paid,Credit Card,2026-05-25,2026-05-28,Not Requested
INV-001785,CUST-00334,Starter,293.28,USD,Paid,Credit Card,2026-06-24,2026-06-26,Not Requested
INV-001786,CUST-00334,Starter,293.28,USD,Paid,PayPal,2026-07-24,2026-07-24,Not Requested
INV-001787,CUST-00335,Starter,2336.41,USD,Paid,Credit Card,2025-08-28,2025-09-03,Not Requested
INV-001788,CUST-00336,Starter,307.94,USD,Paid,PayPal,2025-08-28,2025-08-30,Not Requested
INV-001789,CUST-00336,Starter,307.94,USD,Paid,Credit Card,2025-09-27,2025-10-03,Not Requested
INV-001790,CUST-00336,Starter,307.94,USD,Paid,Credit Card,2025-10-27,2025-10-29,Not Requested
INV-001791,CUST-00336,Starter,307.94,USD,Paid,Credit Card,2025-11-26,2025-12-01,Not Requested
INV-001792,CUST-00336,Starter,307.94,USD,Paid,Credit Card,2025-12-26,2025-12-28,Not Requested
INV-001793,CUST-00336,Starter,307.94,USD,Failed,Credit Card,2026-01-25,,Not Requested
INV-001794,CUST-00336,Starter,307.94,USD,Paid,Credit Card,2026-02-24,2026-02-24,Not Requested
INV-001795,CUST-00336,Starter,307.94,USD,Paid,Credit Card,2026-03-26,2026-03-29,Not Requested
INV-001796,CUST-00336,Starter,307.94,USD,Paid,Credit Card,2026-04-25,2026-04-26,Not Requested
INV-001797,CUST-00336,Starter,307.94,USD,Paid,Credit Card,2026-05-25,2026-06-01,Not Requested
INV-001798,CUST-00336,Starter,307.94,USD,Paid,Credit Card,2026-06-24,2026-06-25,Not Requested
INV-001799,CUST-00336,Starter,307.94,USD,Failed,Credit Card,2026-07-24,,Not Requested
INV-001800,CUST-00337,Professional,7636.87,USD,Paid,Credit Card,2025-08-28,2025-09-04,Not Requested
INV-001801,CUST-00337,Professional,7636.87,USD,Paid,Credit Card,2025-09-27,2025-10-05,Not Requested
INV-001802,CUST-00337,Professional,7636.87,USD,Paid,PayPal,2025-10-27,2025-10-29,Not Requested
INV-001803,CUST-00337,Professional,7636.87,USD,Paid,Credit Card,2025-11-26,2025-11-26,Not Requested
INV-001804,CUST-00337,Professional,7636.87,USD,Paid,Credit Card,2025-12-26,2025-12-29,Not Requested
INV-001805,CUST-00337,Professional,7636.87,USD,Paid,Credit Card,2026-01-25,2026-01-27,Not Requested
INV-001806,CUST-00337,Professional,7636.87,USD,Paid,Credit Card,2026-02-24,2026-02-26,Not Requested
INV-001807,CUST-00337,Professional,7636.87,USD,Paid,PayPal,2026-03-26,2026-03-27,Not Requested
INV-001808,CUST-00337,Professional,7636.87,USD,Paid,Credit Card,2026-04-25,2026-04-25,Not Requested
INV-001809,CUST-00337,Professional,7636.87,USD,Paid,Credit Card,2026-05-25,2026-05-29,Not Requested
INV-001810,CUST-00337,Professional,7636.87,USD,Paid,Credit Card,2026-06-24,2026-06-29,Not Requested
INV-001811,CUST-00337,Professional,7636.87,USD,Paid,Credit Card,2026-07-24,2026-07-24,Not Requested
INV-001812,CUST-00338,Starter,2437.61,USD,Paid,PayPal,2025-08-28,2025-08-28,Not Requested
INV-001813,CUST-00340,Professional,87550.48,USD,Paid,Credit Card,2025-08-28,2025-08-29,Not Requested
INV-001814,CUST-00342,Professional,76793.41,USD,Pending,ACH Bank Transfer,2025-08-28,,Not Requested
INV-001815,CUST-00343,Professional,7455.58,USD,Paid,Credit Card,2025-08-28,2025-08-28,Not Requested
INV-001816,CUST-00343,Professional,7455.58,USD,Paid,ACH Bank Transfer,2025-09-27,2025-09-28,Not Requested
INV-001817,CUST-00343,Professional,7455.58,USD,Pending,ACH Bank Transfer,2025-10-27,,Not Requested
INV-001818,CUST-00343,Professional,7455.58,USD,Paid,Credit Card,2025-11-26,2025-11-26,Not Requested
INV-001819,CUST-00343,Professional,7455.58,USD,Paid,PayPal,2025-12-26,2025-12-27,Not Requested
INV-001820,CUST-00343,Professional,7455.58,USD,Refunded,Credit Card,2026-01-25,2026-01-27,Approved - Refunded
INV-001821,CUST-00343,Professional,7455.58,USD,Paid,ACH Bank Transfer,2026-02-24,2026-02-24,Not Requested
INV-001822,CUST-00343,Professional,7455.58,USD,Paid,Credit Card,2026-03-26,2026-03-29,Not Requested
INV-001823,CUST-00343,Professional,7455.58,USD,Paid,ACH Bank Transfer,2026-04-25,2026-04-27,Not Requested
INV-001824,CUST-00343,Professional,7455.58,USD,Paid,Credit Card,2026-05-25,2026-05-25,Not Requested
INV-001825,CUST-00343,Professional,7455.58,USD,Paid,Credit Card,2026-06-24,2026-06-24,Not Requested
INV-001826,CUST-00343,Professional,7455.58,USD,Paid,ACH Bank Transfer,2026-07-24,2026-07-30,Not Requested
INV-001827,CUST-00344,Professional,23216.53,EUR,Paid,Credit Card,2025-10-24,2025-10-28,Not Requested
INV-001828,CUST-00345,Enterprise,255137.76,USD,Paid,ACH Bank Transfer,2025-08-28,2025-08-30,Not Requested
INV-001829,CUST-00346,Starter,107.36,USD,Paid,Credit Card,2026-05-02,2026-05-04,Not Requested
INV-001830,CUST-00346,Starter,107.36,USD,Paid,Credit Card,2026-06-01,2026-06-03,Not Requested
INV-001831,CUST-00346,Starter,107.36,USD,Paid,Credit Card,2026-07-01,2026-07-10,Not Requested
INV-001832,CUST-00346,Starter,107.36,USD,Paid,Credit Card,2026-07-31,2026-08-04,Not Requested
INV-001833,CUST-00347,Starter,8288.64,USD,Paid,Credit Card,2025-08-28,2025-08-31,Not Requested
INV-001834,CUST-00348,Starter,305.35,USD,Paid,Credit Card,2025-08-28,2025-09-01,Not Requested
INV-001835,CUST-00348,Starter,305.35,USD,Paid,Credit Card,2025-09-27,2025-10-01,Not Requested
INV-001836,CUST-00348,Starter,305.35,USD,Paid,Credit Card,2025-10-27,2025-10-30,Not Requested
INV-001837,CUST-00348,Starter,305.35,USD,Paid,Credit Card,2025-11-26,2025-11-28,Not Requested
INV-001838,CUST-00348,Starter,305.35,USD,Paid,Credit Card,2025-12-26,2025-12-30,Not Requested
INV-001839,CUST-00348,Starter,305.35,USD,Paid,Credit Card,2026-01-25,2026-01-28,Not Requested
INV-001840,CUST-00348,Starter,305.35,USD,Paid,Credit Card,2026-02-24,2026-02-24,Not Requested
INV-001841,CUST-00348,Starter,305.35,USD,Paid,Credit Card,2026-03-26,2026-03-27,Not Requested
INV-001842,CUST-00348,Starter,305.35,USD,Paid,Credit Card,2026-04-25,2026-04-29,Not Requested
INV-001843,CUST-00348,Starter,305.35,USD,Failed,Credit Card,2026-05-25,,Requested
INV-001844,CUST-00348,Starter,305.35,USD,Paid,Credit Card,2026-06-24,2026-06-25,Not Requested
INV-001845,CUST-00348,Starter,305.35,USD,Paid,Credit Card,2026-07-24,2026-07-26,Not Requested
INV-001846,CUST-00349,Professional,90101.16,USD,Paid,Credit Card,2025-08-28,2025-09-02,Not Requested
INV-001847,CUST-00350,Professional,4308.2,EUR,Refunded,Credit Card,2025-08-28,2025-08-30,Approved - Refunded
INV-001848,CUST-00350,Professional,4308.2,EUR,Paid,Credit Card,2025-09-27,2025-09-28,Not Requested
INV-001849,CUST-00350,Professional,4308.2,EUR,Paid,ACH Bank Transfer,2025-10-27,2025-10-27,Not Requested
INV-001850,CUST-00350,Professional,4308.2,EUR,Paid,Credit Card,2025-11-26,2025-11-29,Not Requested
INV-001851,CUST-00350,Professional,4308.2,EUR,Failed,Credit Card,2025-12-26,,Not Requested
INV-001852,CUST-00350,Professional,4308.2,EUR,Paid,Credit Card,2026-01-25,2026-01-26,Not Requested
INV-001853,CUST-00350,Professional,4308.2,EUR,Paid,Credit Card,2026-02-24,2026-02-27,Not Requested
INV-001854,CUST-00350,Professional,4308.2,EUR,Paid,Credit Card,2026-03-26,2026-03-29,Not Requested
INV-001855,CUST-00350,Professional,4308.2,EUR,Paid,Credit Card,2026-04-25,2026-04-29,Not Requested
INV-001856,CUST-00350,Professional,4308.2,EUR,Paid,Credit Card,2026-05-25,2026-05-25,Not Requested
INV-001857,CUST-00350,Professional,4308.2,EUR,Paid,Credit Card,2026-06-24,2026-06-25,Not Requested
INV-001858,CUST-00350,Professional,4308.2,EUR,Failed,Credit Card,2026-07-24,,Not Requested
INV-001859,CUST-00351,Starter,3268.52,CAD,Paid,Credit Card,2025-08-28,2025-08-29,Not Requested
INV-001860,CUST-00352,Starter,2058.15,EUR,Paid,Credit Card,2025-08-28,2025-09-01,Not Requested
INV-001861,CUST-00353,Enterprise,589029.83,EUR,Paid,Credit Card,2025-08-28,2025-08-28,Not Requested
INV-001862,CUST-00354,Professional,1213.68,USD,Paid,Credit Card,2025-08-28,2025-08-31,Not Requested
INV-001863,CUST-00354,Professional,1213.68,USD,Refunded,ACH Bank Transfer,2025-09-27,2025-10-02,Approved - Refunded
INV-001864,CUST-00354,Professional,1213.68,USD,Paid,Credit Card,2025-10-27,2025-10-28,Not Requested
INV-001865,CUST-00354,Professional,1213.68,USD,Refunded,ACH Bank Transfer,2025-11-26,2025-11-26,Denied
INV-001866,CUST-00354,Professional,1213.68,USD,Paid,Credit Card,2025-12-26,2025-12-27,Not Requested
INV-001867,CUST-00354,Professional,1213.68,USD,Paid,ACH Bank Transfer,2026-01-25,2026-01-25,Not Requested
INV-001868,CUST-00354,Professional,1213.68,USD,Paid,Credit Card,2026-02-24,2026-02-26,Not Requested
INV-001869,CUST-00354,Professional,1213.68,USD,Paid,Credit Card,2026-03-26,2026-03-29,Not Requested
INV-001870,CUST-00354,Professional,1213.68,USD,Paid,Credit Card,2026-04-25,2026-04-25,Not Requested
INV-001871,CUST-00354,Professional,1213.68,USD,Paid,Credit Card,2026-05-25,2026-05-25,Not Requested
INV-001872,CUST-00354,Professional,1213.68,USD,Paid,Credit Card,2026-06-24,2026-06-30,Not Requested
INV-001873,CUST-00354,Professional,1213.68,USD,Paid,Credit Card,2026-07-24,2026-07-24,Not Requested
INV-001874,CUST-00355,Starter,165.24,USD,Paid,PayPal,2025-08-28,2025-08-28,Not Requested
INV-001875,CUST-00355,Starter,165.24,USD,Paid,PayPal,2025-09-27,2025-09-27,Not Requested
INV-001876,CUST-00355,Starter,165.24,USD,Paid,Credit Card,2025-10-27,2025-10-29,Not Requested
INV-001877,CUST-00355,Starter,165.24,USD,Paid,Credit Card,2025-11-26,2025-11-27,Not Requested
INV-001878,CUST-00355,Starter,165.24,USD,Paid,Credit Card,2025-12-26,2025-12-28,Not Requested
INV-001879,CUST-00355,Starter,165.24,USD,Paid,Credit Card,2026-01-25,2026-01-26,Not Requested
INV-001880,CUST-00355,Starter,165.24,USD,Paid,Credit Card,2026-02-24,2026-03-01,Not Requested
INV-001881,CUST-00355,Starter,165.24,USD,Paid,Credit Card,2026-03-26,2026-03-31,Not Requested
INV-001882,CUST-00355,Starter,165.24,USD,Paid,Credit Card,2026-04-25,2026-04-25,Not Requested
INV-001883,CUST-00355,Starter,165.24,USD,Paid,Credit Card,2026-05-25,2026-05-30,Not Requested
INV-001884,CUST-00355,Starter,165.24,USD,Paid,Credit Card,2026-06-24,2026-06-29,Not Requested
INV-001885,CUST-00355,Starter,165.24,USD,Paid,Credit Card,2026-07-24,2026-07-25,Not Requested
INV-001886,CUST-00356,Enterprise,2367482.81,USD,Paid,Credit Card,2025-08-28,2025-08-29,Not Requested
INV-001887,CUST-00357,Starter,223.98,EUR,Paid,Credit Card,2025-08-28,2025-08-29,Not Requested
INV-001888,CUST-00357,Starter,223.98,EUR,Paid,PayPal,2025-09-27,2025-09-30,Not Requested
INV-001889,CUST-00357,Starter,223.98,EUR,Paid,Credit Card,2025-10-27,2025-10-29,Not Requested
INV-001890,CUST-00357,Starter,223.98,EUR,Paid,PayPal,2025-11-26,2025-12-01,Not Requested
INV-001891,CUST-00357,Starter,223.98,EUR,Paid,Credit Card,2025-12-26,2025-12-28,Not Requested
INV-001892,CUST-00357,Starter,223.98,EUR,Paid,Credit Card,2026-01-25,2026-01-27,Not Requested
INV-001893,CUST-00357,Starter,223.98,EUR,Paid,Credit Card,2026-02-24,2026-03-04,Not Requested
INV-001894,CUST-00357,Starter,223.98,EUR,Paid,Credit Card,2026-03-26,2026-03-27,Not Requested
INV-001895,CUST-00357,Starter,223.98,EUR,Paid,Credit Card,2026-04-25,2026-04-29,Not Requested
INV-001896,CUST-00357,Starter,223.98,EUR,Paid,Credit Card,2026-05-25,2026-05-26,Not Requested
INV-001897,CUST-00357,Starter,223.98,EUR,Paid,Credit Card,2026-06-24,2026-06-28,Not Requested
INV-001898,CUST-00357,Starter,223.98,EUR,Paid,Credit Card,2026-07-24,2026-07-27,Not Requested
INV-001899,CUST-00358,Starter,129.88,AUD,Paid,Credit Card,2025-08-28,2025-08-30,Not Requested
INV-001900,CUST-00358,Starter,129.88,AUD,Paid,Credit Card,2025-09-27,2025-09-27,Not Requested
INV-001901,CUST-00358,Starter,129.88,AUD,Paid,Credit Card,2025-10-27,2025-10-27,Not Requested
INV-001902,CUST-00358,Starter,129.88,AUD,Paid,Credit Card,2025-11-26,2025-11-27,Not Requested
INV-001903,CUST-00358,Starter,129.88,AUD,Paid,Credit Card,2025-12-26,2025-12-26,Not Requested
INV-001904,CUST-00358,Starter,129.88,AUD,Paid,Credit Card,2026-01-25,2026-01-31,Not Requested
INV-001905,CUST-00358,Starter,129.88,AUD,Paid,PayPal,2026-02-24,2026-02-27,Not Requested
INV-001906,CUST-00358,Starter,129.88,AUD,Paid,Credit Card,2026-03-26,2026-04-02,Not Requested
INV-001907,CUST-00358,Starter,129.88,AUD,Paid,PayPal,2026-04-25,2026-04-25,Not Requested
INV-001908,CUST-00358,Starter,129.88,AUD,Refunded,Credit Card,2026-05-25,2026-05-27,Requested
INV-001909,CUST-00358,Starter,129.88,AUD,Paid,Credit Card,2026-06-24,2026-06-28,Not Requested
INV-001910,CUST-00358,Starter,129.88,AUD,Paid,Credit Card,2026-07-24,2026-07-28,Not Requested
INV-001911,CUST-00359,Starter,133.5,USD,Paid,Credit Card,2025-08-28,2025-08-28,Not Requested
INV-001912,CUST-00359,Starter,133.5,USD,Paid,PayPal,2025-09-27,2025-10-02,Not Requested
INV-001913,CUST-00359,Starter,133.5,USD,Paid,Credit Card,2025-10-27,2025-10-29,Not Requested
INV-001914,CUST-00359,Starter,133.5,USD,Paid,Credit Card,2025-11-26,2025-11-26,Not Requested
INV-001915,CUST-00359,Starter,133.5,USD,Paid,Credit Card,2025-12-26,2025-12-29,Not Requested
INV-001916,CUST-00359,Starter,133.5,USD,Paid,Credit Card,2026-01-25,2026-01-28,Not Requested
INV-001917,CUST-00359,Starter,133.5,USD,Paid,Credit Card,2026-02-24,2026-02-26,Not Requested
INV-001918,CUST-00359,Starter,133.5,USD,Paid,Credit Card,2026-03-26,2026-03-26,Not Requested
INV-001919,CUST-00359,Starter,133.5,USD,Paid,Credit Card,2026-04-25,2026-04-27,Not Requested
INV-001920,CUST-00359,Starter,133.5,USD,Paid,Credit Card,2026-05-25,2026-05-28,Not Requested
INV-001921,CUST-00359,Starter,133.5,USD,Failed,Credit Card,2026-06-24,,Not Requested
INV-001922,CUST-00359,Starter,133.5,USD,Paid,Credit Card,2026-07-24,2026-07-29,Not Requested
INV-001923,CUST-00360,Enterprise,731435.3,USD,Paid,Wire Transfer,2025-08-28,2025-08-28,Not Requested
INV-001924,CUST-00361,Starter,2760.04,CAD,Paid,Credit Card,2025-08-28,2025-08-28,Not Requested
INV-001925,CUST-00362,Professional,10913.55,USD,Paid,Credit Card,2026-05-15,2026-05-20,Not Requested
INV-001926,CUST-00363,Enterprise,1028251.76,USD,Paid,ACH Bank Transfer,2025-08-28,2025-08-28,Not Requested
INV-001927,CUST-00364,Starter,624.24,USD,Paid,Credit Card,2025-08-28,2025-08-29,Not Requested
INV-001928,CUST-00364,Starter,624.24,USD,Paid,Credit Card,2025-09-27,2025-09-28,Not Requested
INV-001929,CUST-00364,Starter,624.24,USD,Paid,Credit Card,2025-10-27,2025-10-28,Not Requested
INV-001930,CUST-00364,Starter,624.24,USD,Paid,Credit Card,2025-11-26,2025-11-28,Not Requested
INV-001931,CUST-00364,Starter,624.24,USD,Paid,Credit Card,2025-12-26,2025-12-26,Not Requested
INV-001932,CUST-00364,Starter,624.24,USD,Paid,Credit Card,2026-01-25,2026-01-26,Not Requested
INV-001933,CUST-00364,Starter,624.24,USD,Paid,Credit Card,2026-02-24,2026-02-27,Not Requested
INV-001934,CUST-00364,Starter,624.24,USD,Paid,Credit Card,2026-03-26,2026-04-02,Not Requested
INV-001935,CUST-00364,Starter,624.24,USD,Paid,ACH Bank Transfer,2026-04-25,2026-04-28,Not Requested
INV-001936,CUST-00364,Starter,624.24,USD,Paid,Credit Card,2026-05-25,2026-06-01,Not Requested
INV-001937,CUST-00364,Starter,624.24,USD,Paid,Credit Card,2026-06-24,2026-06-24,Not Requested
INV-001938,CUST-00364,Starter,624.24,USD,Paid,PayPal,2026-07-24,2026-07-25,Not Requested
INV-001939,CUST-00367,Professional,1722.08,USD,Paid,Credit Card,2025-08-28,2025-08-30,Not Requested
INV-001940,CUST-00367,Professional,1722.08,USD,Paid,ACH Bank Transfer,2025-09-27,2025-09-27,Not Requested
INV-001941,CUST-00367,Professional,1722.08,USD,Paid,ACH Bank Transfer,2025-10-27,2025-10-30,Not Requested
INV-001942,CUST-00367,Professional,1722.08,USD,Paid,Credit Card,2025-11-26,2025-11-27,Not Requested
INV-001943,CUST-00367,Professional,1722.08,USD,Paid,Credit Card,2025-12-26,2025-12-28,Not Requested
INV-001944,CUST-00367,Professional,1722.08,USD,Paid,Credit Card,2026-01-25,2026-01-25,Not Requested
INV-001945,CUST-00367,Professional,1722.08,USD,Paid,Credit Card,2026-02-24,2026-02-28,Not Requested
INV-001946,CUST-00367,Professional,1722.08,USD,Paid,ACH Bank Transfer,2026-03-26,2026-03-27,Not Requested
INV-001947,CUST-00367,Professional,1722.08,USD,Paid,Credit Card,2026-04-25,2026-04-29,Not Requested
INV-001948,CUST-00367,Professional,1722.08,USD,Paid,Credit Card,2026-05-25,2026-05-25,Not Requested
INV-001949,CUST-00367,Professional,1722.08,USD,Paid,PayPal,2026-06-24,2026-06-27,Not Requested
INV-001950,CUST-00367,Professional,1722.08,USD,Paid,ACH Bank Transfer,2026-07-24,2026-07-26,Not Requested
INV-001951,CUST-00369,Enterprise,383101.42,AUD,Paid,Credit Card,2025-08-28,2025-09-02,Not Requested
INV-001952,CUST-00370,Starter,153.78,USD,Paid,PayPal,2025-08-28,2025-08-31,Not Requested
INV-001953,CUST-00370,Starter,153.78,USD,Paid,Credit Card,2025-09-27,2025-10-04,Not Requested
INV-001954,CUST-00370,Starter,153.78,USD,Paid,Credit Card,2025-10-27,2025-10-28,Not Requested
INV-001955,CUST-00370,Starter,153.78,USD,Paid,Credit Card,2025-11-26,2025-11-29,Not Requested
INV-001956,CUST-00370,Starter,153.78,USD,Paid,Credit Card,2025-12-26,2025-12-29,Not Requested
INV-001957,CUST-00370,Starter,153.78,USD,Paid,Credit Card,2026-01-25,2026-01-26,Not Requested
INV-001958,CUST-00370,Starter,153.78,USD,Paid,PayPal,2026-02-24,2026-03-03,Not Requested
INV-001959,CUST-00370,Starter,153.78,USD,Paid,Credit Card,2026-03-26,2026-03-26,Not Requested
INV-001960,CUST-00370,Starter,153.78,USD,Paid,Credit Card,2026-04-25,2026-04-25,Not Requested
INV-001961,CUST-00370,Starter,153.78,USD,Paid,Credit Card,2026-05-25,2026-05-25,Not Requested
INV-001962,CUST-00370,Starter,153.78,USD,Paid,Credit Card,2026-06-24,2026-06-25,Not Requested
INV-001963,CUST-00370,Starter,153.78,USD,Paid,Credit Card,2026-07-24,2026-07-26,Not Requested
INV-001964,CUST-00371,Starter,184.02,USD,Paid,Credit Card,2026-01-10,2026-01-11,Not Requested
INV-001965,CUST-00371,Starter,184.02,USD,Paid,Credit Card,2026-02-09,2026-02-14,Not Requested
INV-001966,CUST-00371,Starter,184.02,USD,Paid,Credit Card,2026-03-11,2026-03-12,Not Requested
INV-001967,CUST-00371,Starter,184.02,USD,Paid,PayPal,2026-04-10,2026-04-11,Not Requested
INV-001968,CUST-00371,Starter,184.02,USD,Failed,Credit Card,2026-05-10,,Requested
INV-001969,CUST-00371,Starter,184.02,USD,Paid,Credit Card,2026-06-09,2026-06-11,Not Requested
INV-001970,CUST-00371,Starter,184.02,USD,Paid,Credit Card,2026-07-09,2026-07-09,Not Requested
INV-001971,CUST-00372,Starter,324.22,USD,Paid,Credit Card,2025-08-28,2025-08-31,Not Requested
INV-001972,CUST-00372,Starter,324.22,USD,Paid,Credit Card,2025-09-27,2025-10-01,Not Requested
INV-001973,CUST-00372,Starter,324.22,USD,Paid,Credit Card,2025-10-27,2025-10-28,Not Requested
INV-001974,CUST-00372,Starter,324.22,USD,Paid,PayPal,2025-11-26,2025-11-26,Not Requested
INV-001975,CUST-00372,Starter,324.22,USD,Paid,Credit Card,2025-12-26,2025-12-26,Not Requested
INV-001976,CUST-00372,Starter,324.22,USD,Paid,Credit Card,2026-01-25,2026-01-28,Not Requested
INV-001977,CUST-00372,Starter,324.22,USD,Paid,Credit Card,2026-02-24,2026-02-24,Not Requested
INV-001978,CUST-00372,Starter,324.22,USD,Paid,PayPal,2026-03-26,2026-03-27,Not Requested
INV-001979,CUST-00372,Starter,324.22,USD,Paid,Credit Card,2026-04-25,2026-04-29,Not Requested
INV-001980,CUST-00372,Starter,324.22,USD,Paid,Credit Card,2026-05-25,2026-05-27,Not Requested
INV-001981,CUST-00372,Starter,324.22,USD,Paid,Credit Card,2026-06-24,2026-06-26,Not Requested
INV-001982,CUST-00372,Starter,324.22,USD,Paid,Credit Card,2026-07-24,2026-07-25,Not Requested
INV-001983,CUST-00373,Professional,89270.8,USD,Paid,Credit Card,2025-08-28,2025-08-28,Not Requested
INV-001984,CUST-00375,Professional,28256.5,GBP,Paid,Credit Card,2025-08-28,2025-09-01,Not Requested
INV-001985,CUST-00376,Professional,6953.33,USD,Paid,ACH Bank Transfer,2025-08-28,2025-08-28,Not Requested
INV-001986,CUST-00376,Professional,6953.33,USD,Paid,Credit Card,2025-09-27,2025-10-04,Not Requested
INV-001987,CUST-00376,Professional,6953.33,USD,Paid,Credit Card,2025-10-27,2025-10-31,Not Requested
INV-001988,CUST-00376,Professional,6953.33,USD,Paid,Credit Card,2025-11-26,2025-11-26,Not Requested
INV-001989,CUST-00376,Professional,6953.33,USD,Failed,Credit Card,2025-12-26,,Not Requested
INV-001990,CUST-00376,Professional,6953.33,USD,Paid,Credit Card,2026-01-25,2026-01-27,Not Requested
INV-001991,CUST-00376,Professional,6953.33,USD,Pending,Credit Card,2026-02-24,,Not Requested
INV-001992,CUST-00376,Professional,6953.33,USD,Paid,Credit Card,2026-03-26,2026-03-28,Not Requested
INV-001993,CUST-00376,Professional,6953.33,USD,Paid,Credit Card,2026-04-25,2026-04-25,Not Requested
INV-001994,CUST-00376,Professional,6953.33,USD,Paid,ACH Bank Transfer,2026-05-25,2026-05-26,Not Requested
INV-001995,CUST-00376,Professional,6953.33,USD,Failed,ACH Bank Transfer,2026-06-24,,Not Requested
INV-001996,CUST-00376,Professional,6953.33,USD,Paid,Credit Card,2026-07-24,2026-07-25,Not Requested
INV-001997,CUST-00377,Professional,79238.93,USD,Paid,ACH Bank Transfer,2025-08-28,2025-08-28,Not Requested
INV-001998,CUST-00378,Starter,6568.95,EUR,Failed,Credit Card,2025-08-28,,Not Requested
INV-001999,CUST-00379,Starter,6568.92,USD,Paid,Credit Card,2025-08-28,2025-08-29,Not Requested
INV-002000,CUST-00380,Professional,16268.52,USD,Paid,ACH Bank Transfer,2025-08-28,2025-08-29,Not Requested
INV-002001,CUST-00382,Starter,199.44,USD,Paid,Credit Card,2025-08-28,2025-08-30,Not Requested
INV-002002,CUST-00382,Starter,199.44,USD,Paid,Credit Card,2025-09-27,2025-09-28,Not Requested
INV-002003,CUST-00382,Starter,199.44,USD,Paid,Credit Card,2025-10-27,2025-11-07,Not Requested
INV-002004,CUST-00382,Starter,199.44,USD,Paid,Credit Card,2025-11-26,2025-11-27,Not Requested
INV-002005,CUST-00382,Starter,199.44,USD,Paid,Credit Card,2025-12-26,2025-12-28,Not Requested
INV-002006,CUST-00382,Starter,199.44,USD,Refunded,Credit Card,2026-01-25,2026-01-26,Requested
INV-002007,CUST-00382,Starter,199.44,USD,Paid,Credit Card,2026-02-24,2026-02-28,Not Requested
INV-002008,CUST-00382,Starter,199.44,USD,Paid,Credit Card,2026-03-26,2026-03-27,Not Requested
INV-002009,CUST-00382,Starter,199.44,USD,Failed,Credit Card,2026-04-25,,Not Requested
INV-002010,CUST-00382,Starter,199.44,USD,Paid,Credit Card,2026-05-25,2026-05-28,Not Requested
INV-002011,CUST-00382,Starter,199.44,USD,Paid,Credit Card,2026-06-24,2026-06-26,Not Requested
INV-002012,CUST-00382,Starter,199.44,USD,Paid,Credit Card,2026-07-24,2026-07-26,Not Requested
INV-002013,CUST-00383,Enterprise,314946.32,USD,Paid,ACH Bank Transfer,2025-08-28,2025-09-02,Not Requested
INV-002014,CUST-00384,Starter,346.36,USD,Paid,Credit Card,2025-08-28,2025-09-01,Not Requested
INV-002015,CUST-00384,Starter,346.36,USD,Paid,Credit Card,2025-09-27,2025-09-27,Not Requested
INV-002016,CUST-00384,Starter,346.36,USD,Paid,Credit Card,2025-10-27,2025-10-29,Not Requested
INV-002017,CUST-00384,Starter,346.36,USD,Paid,Credit Card,2025-11-26,2025-11-30,Not Requested
INV-002018,CUST-00384,Starter,346.36,USD,Paid,Credit Card,2025-12-26,2025-12-26,Not Requested
INV-002019,CUST-00384,Starter,346.36,USD,Paid,Credit Card,2026-01-25,2026-01-27,Not Requested
INV-002020,CUST-00384,Starter,346.36,USD,Paid,Credit Card,2026-02-24,2026-02-26,Not Requested
INV-002021,CUST-00384,Starter,346.36,USD,Refunded,Credit Card,2026-03-26,2026-03-29,Approved - Refunded
INV-002022,CUST-00384,Starter,346.36,USD,Paid,PayPal,2026-04-25,2026-04-26,Not Requested
INV-002023,CUST-00384,Starter,346.36,USD,Paid,Credit Card,2026-05-25,2026-05-26,Not Requested
INV-002024,CUST-00384,Starter,346.36,USD,Paid,Credit Card,2026-06-24,2026-06-28,Not Requested
INV-002025,CUST-00384,Starter,346.36,USD,Paid,Credit Card,2026-07-24,2026-07-29,Not Requested
INV-002026,CUST-00386,Enterprise,591947.14,USD,Refunded,Wire Transfer,2025-08-28,2025-08-28,Requested
INV-002027,CUST-00387,Professional,3340.79,USD,Pending,ACH Bank Transfer,2025-08-28,,Not Requested
INV-002028,CUST-00387,Professional,3340.79,USD,Paid,Credit Card,2025-09-27,2025-09-27,Not Requested
INV-002029,CUST-00387,Professional,3340.79,USD,Paid,ACH Bank Transfer,2025-10-27,2025-10-28,Not Requested
INV-002030,CUST-00387,Professional,3340.79,USD,Paid,Credit Card,2025-11-26,2025-11-29,Not Requested
INV-002031,CUST-00387,Professional,3340.79,USD,Paid,Credit Card,2025-12-26,2025-12-30,Not Requested
INV-002032,CUST-00387,Professional,3340.79,USD,Failed,Credit Card,2026-01-25,,Not Requested
INV-002033,CUST-00387,Professional,3340.79,USD,Paid,Credit Card,2026-02-24,2026-02-28,Not Requested
INV-002034,CUST-00387,Professional,3340.79,USD,Paid,Credit Card,2026-03-26,2026-04-06,Not Requested
INV-002035,CUST-00387,Professional,3340.79,USD,Paid,ACH Bank Transfer,2026-04-25,2026-04-26,Not Requested
INV-002036,CUST-00387,Professional,3340.79,USD,Paid,Credit Card,2026-05-25,2026-05-26,Not Requested
INV-002037,CUST-00387,Professional,3340.79,USD,Paid,Credit Card,2026-06-24,2026-06-26,Not Requested
INV-002038,CUST-00387,Professional,3340.79,USD,Pending,Credit Card,2026-07-24,,Not Requested
INV-002039,CUST-00388,Professional,11726.8,AUD,Paid,PayPal,2025-08-28,2025-08-28,Not Requested
INV-002040,CUST-00388,Professional,11726.8,AUD,Failed,Credit Card,2025-09-27,,Not Requested
INV-002041,CUST-00388,Professional,11726.8,AUD,Paid,ACH Bank Transfer,2025-10-27,2025-10-29,Not Requested
INV-002042,CUST-00388,Professional,11726.8,AUD,Pending,Credit Card,2025-11-26,,Not Requested
INV-002043,CUST-00388,Professional,11726.8,AUD,Paid,PayPal,2025-12-26,2025-12-26,Not Requested
INV-002044,CUST-00388,Professional,11726.8,AUD,Paid,Credit Card,2026-01-25,2026-01-26,Not Requested
INV-002045,CUST-00388,Professional,11726.8,AUD,Paid,ACH Bank Transfer,2026-02-24,2026-03-02,Not Requested
INV-002046,CUST-00388,Professional,11726.8,AUD,Paid,Credit Card,2026-03-26,2026-03-29,Not Requested
INV-002047,CUST-00388,Professional,11726.8,AUD,Paid,Credit Card,2026-04-25,2026-04-28,Not Requested
INV-002048,CUST-00388,Professional,11726.8,AUD,Paid,ACH Bank Transfer,2026-05-25,2026-05-25,Not Requested
INV-002049,CUST-00388,Professional,11726.8,AUD,Paid,Credit Card,2026-06-24,2026-06-24,Not Requested
INV-002050,CUST-00388,Professional,11726.8,AUD,Paid,Credit Card,2026-07-24,2026-07-26,Not Requested
INV-002051,CUST-00389,Enterprise,987915.19,USD,Paid,Wire Transfer,2025-08-28,2025-08-30,Not Requested
INV-002052,CUST-00390,Professional,86655.84,USD,Paid,ACH Bank Transfer,2025-08-28,2025-08-28,Not Requested
INV-002053,CUST-00391,Professional,4745.54,USD,Paid,ACH Bank Transfer,2025-08-28,2025-08-28,Not Requested
INV-002054,CUST-00391,Professional,4745.54,USD,Paid,Credit Card,2025-09-27,2025-09-29,Not Requested
INV-002055,CUST-00391,Professional,4745.54,USD,Paid,Credit Card,2025-10-27,2025-10-30,Not Requested
INV-002056,CUST-00391,Professional,4745.54,USD,Paid,Credit Card,2025-11-26,2025-11-28,Not Requested
INV-002057,CUST-00391,Professional,4745.54,USD,Paid,Credit Card,2025-12-26,2025-12-28,Not Requested
INV-002058,CUST-00391,Professional,4745.54,USD,Paid,Credit Card,2026-01-25,2026-01-27,Not Requested
INV-002059,CUST-00391,Professional,4745.54,USD,Paid,Credit Card,2026-02-24,2026-03-01,Not Requested
INV-002060,CUST-00391,Professional,4745.54,USD,Paid,ACH Bank Transfer,2026-03-26,2026-03-28,Not Requested
INV-002061,CUST-00391,Professional,4745.54,USD,Paid,Credit Card,2026-04-25,2026-04-30,Not Requested
INV-002062,CUST-00391,Professional,4745.54,USD,Paid,PayPal,2026-05-25,2026-05-25,Not Requested
INV-002063,CUST-00391,Professional,4745.54,USD,Paid,Credit Card,2026-06-24,2026-06-24,Not Requested
INV-002064,CUST-00391,Professional,4745.54,USD,Paid,Credit Card,2026-07-24,2026-07-27,Not Requested
INV-002065,CUST-00393,Starter,319.78,USD,Paid,Credit Card,2025-08-28,2025-09-04,Not Requested
INV-002066,CUST-00393,Starter,319.78,USD,Paid,Credit Card,2025-09-27,2025-09-28,Not Requested
INV-002067,CUST-00393,Starter,319.78,USD,Paid,Credit Card,2025-10-27,2025-10-27,Not Requested
INV-002068,CUST-00393,Starter,319.78,USD,Paid,Credit Card,2025-11-26,2025-11-27,Not Requested
INV-002069,CUST-00393,Starter,319.78,USD,Failed,ACH Bank Transfer,2025-12-26,,Not Requested
INV-002070,CUST-00393,Starter,319.78,USD,Failed,Credit Card,2026-01-25,,Not Requested
INV-002071,CUST-00393,Starter,319.78,USD,Paid,Credit Card,2026-02-24,2026-02-27,Not Requested
INV-002072,CUST-00393,Starter,319.78,USD,Paid,Credit Card,2026-03-26,2026-03-26,Not Requested
INV-002073,CUST-00393,Starter,319.78,USD,Paid,ACH Bank Transfer,2026-04-25,2026-05-01,Not Requested
INV-002074,CUST-00393,Starter,319.78,USD,Paid,PayPal,2026-05-25,2026-06-01,Not Requested
INV-002075,CUST-00393,Starter,319.78,USD,Paid,Credit Card,2026-06-24,2026-06-30,Not Requested
INV-002076,CUST-00393,Starter,319.78,USD,Failed,Credit Card,2026-07-24,,Not Requested
INV-002077,CUST-00394,Professional,75781.99,USD,Paid,Credit Card,2025-08-28,2025-08-30,Not Requested
INV-002078,CUST-00397,Professional,46006.43,USD,Paid,Credit Card,2026-01-09,2026-01-12,Not Requested
INV-002079,CUST-00398,Starter,6357.28,USD,Failed,PayPal,2025-08-28,,Not Requested
INV-002080,CUST-00399,Professional,11516.19,AUD,Paid,Credit Card,2025-08-28,2025-08-30,Not Requested
INV-002081,CUST-00399,Professional,11516.19,AUD,Paid,Credit Card,2025-09-27,2025-09-27,Not Requested
INV-002082,CUST-00399,Professional,11516.19,AUD,Paid,Credit Card,2025-10-27,2025-11-02,Not Requested
INV-002083,CUST-00399,Professional,11516.19,AUD,Paid,Credit Card,2025-11-26,2025-11-28,Not Requested
INV-002084,CUST-00399,Professional,11516.19,AUD,Paid,Credit Card,2025-12-26,2025-12-28,Not Requested
INV-002085,CUST-00399,Professional,11516.19,AUD,Paid,Credit Card,2026-01-25,2026-01-27,Not Requested
INV-002086,CUST-00399,Professional,11516.19,AUD,Paid,Credit Card,2026-02-24,2026-03-03,Not Requested
INV-002087,CUST-00399,Professional,11516.19,AUD,Paid,Credit Card,2026-03-26,2026-04-01,Not Requested
INV-002088,CUST-00399,Professional,11516.19,AUD,Paid,Credit Card,2026-04-25,2026-04-26,Not Requested
INV-002089,CUST-00399,Professional,11516.19,AUD,Failed,Credit Card,2026-05-25,,Not Requested
INV-002090,CUST-00399,Professional,11516.19,AUD,Pending,Credit Card,2026-06-24,,Not Requested
INV-002091,CUST-00399,Professional,11516.19,AUD,Paid,Credit Card,2026-07-24,2026-07-29,Not Requested
INV-002092,CUST-00400,Enterprise,1127530.57,USD,Paid,Wire Transfer,2025-08-28,2025-09-06,Not Requested
INV-002093,CUST-00401,Starter,1707.13,USD,Paid,Credit Card,2025-08-28,2025-08-29,Not Requested
INV-002094,CUST-00402,Professional,24302.72,USD,Paid,Credit Card,2025-08-28,2025-08-30,Not Requested
INV-002095,CUST-00403,Starter,898.24,CAD,Paid,Credit Card,2025-08-28,2025-08-31,Not Requested
INV-002096,CUST-00403,Starter,898.24,CAD,Paid,Credit Card,2025-09-27,2025-09-29,Not Requested
INV-002097,CUST-00403,Starter,898.24,CAD,Paid,Credit Card,2025-10-27,2025-11-01,Not Requested
INV-002098,CUST-00403,Starter,898.24,CAD,Paid,Credit Card,2025-11-26,2025-11-28,Not Requested
INV-002099,CUST-00403,Starter,898.24,CAD,Paid,Credit Card,2025-12-26,2025-12-28,Not Requested
INV-002100,CUST-00403,Starter,898.24,CAD,Paid,Credit Card,2026-01-25,2026-01-31,Not Requested
INV-002101,CUST-00403,Starter,898.24,CAD,Paid,Credit Card,2026-02-24,2026-03-02,Not Requested
INV-002102,CUST-00403,Starter,898.24,CAD,Paid,Credit Card,2026-03-26,2026-03-27,Not Requested
INV-002103,CUST-00403,Starter,898.24,CAD,Paid,Credit Card,2026-04-25,2026-04-30,Not Requested
INV-002104,CUST-00403,Starter,898.24,CAD,Paid,Credit Card,2026-05-25,2026-05-26,Not Requested
INV-002105,CUST-00403,Starter,898.24,CAD,Paid,Credit Card,2026-06-24,2026-06-25,Not Requested
INV-002106,CUST-00403,Starter,898.24,CAD,Paid,Credit Card,2026-07-24,2026-07-29,Not Requested
INV-002107,CUST-00404,Professional,14379.85,USD,Paid,ACH Bank Transfer,2025-08-28,2025-08-30,Not Requested
INV-002108,CUST-00405,Starter,5724.77,USD,Paid,Credit Card,2025-08-28,2025-08-28,Not Requested
INV-002109,CUST-00407,Professional,6162.18,USD,Paid,Credit Card,2026-03-01,2026-03-02,Not Requested
INV-002110,CUST-00407,Professional,6162.18,USD,Paid,Credit Card,2026-03-31,2026-04-05,Not Requested
INV-002111,CUST-00407,Professional,6162.18,USD,Refunded,PayPal,2026-04-30,2026-05-02,Approved - Refunded
INV-002112,CUST-00407,Professional,6162.18,USD,Paid,Credit Card,2026-05-30,2026-06-01,Not Requested
INV-002113,CUST-00407,Professional,6162.18,USD,Paid,Credit Card,2026-06-29,2026-06-29,Not Requested
INV-002114,CUST-00407,Professional,6162.18,USD,Paid,Credit Card,2026-07-29,2026-08-01,Not Requested
INV-002115,CUST-00408,Starter,411.61,USD,Paid,Credit Card,2025-08-28,2025-08-28,Not Requested
INV-002116,CUST-00408,Starter,411.61,USD,Paid,Credit Card,2025-09-27,2025-10-01,Not Requested
INV-002117,CUST-00408,Starter,411.61,USD,Paid,Credit Card,2025-10-27,2025-10-27,Not Requested
INV-002118,CUST-00408,Starter,411.61,USD,Paid,Credit Card,2025-11-26,2025-12-01,Not Requested
INV-002119,CUST-00408,Starter,411.61,USD,Paid,Credit Card,2025-12-26,2025-12-28,Not Requested
INV-002120,CUST-00408,Starter,411.61,USD,Paid,Credit Card,2026-01-25,2026-01-29,Not Requested
INV-002121,CUST-00408,Starter,411.61,USD,Paid,Credit Card,2026-02-24,2026-02-26,Not Requested
INV-002122,CUST-00408,Starter,411.61,USD,Paid,Credit Card,2026-03-26,2026-03-27,Not Requested
INV-002123,CUST-00408,Starter,411.61,USD,Paid,Credit Card,2026-04-25,2026-04-26,Not Requested
INV-002124,CUST-00408,Starter,411.61,USD,Paid,Credit Card,2026-05-25,2026-05-31,Not Requested
INV-002125,CUST-00408,Starter,411.61,USD,Paid,Credit Card,2026-06-24,2026-06-25,Not Requested
INV-002126,CUST-00408,Starter,411.61,USD,Paid,Credit Card,2026-07-24,2026-07-26,Not Requested
INV-002127,CUST-00409,Professional,7113.65,USD,Paid,Credit Card,2025-08-28,2025-08-31,Not Requested
INV-002128,CUST-00409,Professional,7113.65,USD,Refunded,Credit Card,2025-09-27,2025-09-29,Approved - Refunded
INV-002129,CUST-00409,Professional,7113.65,USD,Paid,Credit Card,2025-10-27,2025-10-30,Not Requested
INV-002130,CUST-00409,Professional,7113.65,USD,Paid,Credit Card,2025-11-26,2025-11-26,Not Requested
INV-002131,CUST-00409,Professional,7113.65,USD,Paid,Credit Card,2025-12-26,2025-12-29,Not Requested
INV-002132,CUST-00409,Professional,7113.65,USD,Paid,ACH Bank Transfer,2026-01-25,2026-01-27,Not Requested
INV-002133,CUST-00409,Professional,7113.65,USD,Paid,Credit Card,2026-02-24,2026-02-25,Not Requested
INV-002134,CUST-00409,Professional,7113.65,USD,Paid,PayPal,2026-03-26,2026-04-01,Not Requested
INV-002135,CUST-00409,Professional,7113.65,USD,Paid,ACH Bank Transfer,2026-04-25,2026-05-01,Not Requested
INV-002136,CUST-00409,Professional,7113.65,USD,Paid,Credit Card,2026-05-25,2026-05-26,Not Requested
INV-002137,CUST-00409,Professional,7113.65,USD,Paid,ACH Bank Transfer,2026-06-24,2026-06-24,Not Requested
INV-002138,CUST-00409,Professional,7113.65,USD,Paid,Credit Card,2026-07-24,2026-07-27,Not Requested
INV-002139,CUST-00410,Enterprise,1344607.48,USD,Paid,Wire Transfer,2025-08-28,2025-08-29,Not Requested
INV-002140,CUST-00411,Enterprise,2373741.07,EUR,Paid,ACH Bank Transfer,2025-08-28,2025-08-31,Not Requested
INV-002141,CUST-00413,Professional,80366.3,EUR,Paid,Credit Card,2025-08-28,2025-09-01,Not Requested
INV-002142,CUST-00414,Professional,6540.73,USD,Paid,Credit Card,2025-08-28,2025-09-01,Not Requested
INV-002143,CUST-00414,Professional,6540.73,USD,Paid,Credit Card,2025-09-27,2025-10-01,Not Requested
INV-002144,CUST-00414,Professional,6540.73,USD,Paid,Credit Card,2025-10-27,2025-10-30,Not Requested
INV-002145,CUST-00414,Professional,6540.73,USD,Paid,Credit Card,2025-11-26,2025-11-29,Not Requested
INV-002146,CUST-00414,Professional,6540.73,USD,Paid,ACH Bank Transfer,2025-12-26,2025-12-27,Not Requested
INV-002147,CUST-00414,Professional,6540.73,USD,Paid,PayPal,2026-01-25,2026-01-26,Not Requested
INV-002148,CUST-00414,Professional,6540.73,USD,Paid,ACH Bank Transfer,2026-02-24,2026-02-24,Not Requested
INV-002149,CUST-00414,Professional,6540.73,USD,Paid,ACH Bank Transfer,2026-03-26,2026-03-27,Not Requested
INV-002150,CUST-00414,Professional,6540.73,USD,Paid,Credit Card,2026-04-25,2026-04-26,Not Requested
INV-002151,CUST-00414,Professional,6540.73,USD,Paid,PayPal,2026-05-25,2026-05-29,Not Requested
INV-002152,CUST-00414,Professional,6540.73,USD,Paid,Credit Card,2026-06-24,2026-06-25,Not Requested
INV-002153,CUST-00414,Professional,6540.73,USD,Paid,Credit Card,2026-07-24,2026-07-27,Not Requested
INV-002154,CUST-00415,Starter,579.13,USD,Paid,Credit Card,2025-08-28,2025-09-02,Not Requested
INV-002155,CUST-00415,Starter,579.13,USD,Paid,PayPal,2025-09-27,2025-10-05,Not Requested
INV-002156,CUST-00415,Starter,579.13,USD,Paid,Credit Card,2025-10-27,2025-10-31,Not Requested
INV-002157,CUST-00415,Starter,579.13,USD,Paid,Credit Card,2025-11-26,2025-11-27,Not Requested
INV-002158,CUST-00415,Starter,579.13,USD,Paid,Credit Card,2025-12-26,2025-12-29,Not Requested
INV-002159,CUST-00415,Starter,579.13,USD,Paid,Credit Card,2026-01-25,2026-01-28,Not Requested
INV-002160,CUST-00415,Starter,579.13,USD,Paid,Credit Card,2026-02-24,2026-02-25,Not Requested
INV-002161,CUST-00415,Starter,579.13,USD,Paid,Credit Card,2026-03-26,2026-03-29,Not Requested
INV-002162,CUST-00415,Starter,579.13,USD,Paid,Credit Card,2026-04-25,2026-04-27,Not Requested
INV-002163,CUST-00415,Starter,579.13,USD,Paid,Credit Card,2026-05-25,2026-05-30,Not Requested
INV-002164,CUST-00415,Starter,579.13,USD,Paid,Credit Card,2026-06-24,2026-06-26,Not Requested
INV-002165,CUST-00415,Starter,579.13,USD,Paid,Credit Card,2026-07-24,2026-08-01,Not Requested
INV-002166,CUST-00417,Professional,97545.41,USD,Failed,PayPal,2025-08-28,,Not Requested
INV-002167,CUST-00420,Starter,280.55,USD,Paid,Credit Card,2025-08-28,2025-09-01,Not Requested
INV-002168,CUST-00420,Starter,280.55,USD,Paid,Credit Card,2025-09-27,2025-09-27,Not Requested
INV-002169,CUST-00420,Starter,280.55,USD,Paid,Credit Card,2025-10-27,2025-10-28,Not Requested
INV-002170,CUST-00420,Starter,280.55,USD,Pending,Credit Card,2025-11-26,,Not Requested
INV-002171,CUST-00420,Starter,280.55,USD,Paid,Credit Card,2025-12-26,2025-12-27,Not Requested
INV-002172,CUST-00420,Starter,280.55,USD,Paid,Credit Card,2026-01-25,2026-01-27,Not Requested
INV-002173,CUST-00420,Starter,280.55,USD,Paid,Credit Card,2026-02-24,2026-02-24,Not Requested
INV-002174,CUST-00420,Starter,280.55,USD,Paid,Credit Card,2026-03-26,2026-03-26,Not Requested
INV-002175,CUST-00420,Starter,280.55,USD,Paid,Credit Card,2026-04-25,2026-04-27,Not Requested
INV-002176,CUST-00420,Starter,280.55,USD,Refunded,Credit Card,2026-05-25,2026-06-02,Approved - Refunded
INV-002177,CUST-00420,Starter,280.55,USD,Paid,Credit Card,2026-06-24,2026-06-28,Not Requested
INV-002178,CUST-00420,Starter,280.55,USD,Paid,Credit Card,2026-07-24,2026-07-26,Not Requested
INV-002179,CUST-00422,Starter,567.65,USD,Paid,Credit Card,2025-08-28,2025-08-31,Not Requested
INV-002180,CUST-00422,Starter,567.65,USD,Failed,Credit Card,2025-09-27,,Not Requested
INV-002181,CUST-00422,Starter,567.65,USD,Paid,Credit Card,2025-10-27,2025-10-28,Not Requested
INV-002182,CUST-00422,Starter,567.65,USD,Paid,PayPal,2025-11-26,2025-11-28,Not Requested
INV-002183,CUST-00422,Starter,567.65,USD,Paid,Credit Card,2025-12-26,2025-12-31,Not Requested
INV-002184,CUST-00422,Starter,567.65,USD,Paid,Credit Card,2026-01-25,2026-01-31,Not Requested
INV-002185,CUST-00422,Starter,567.65,USD,Paid,Credit Card,2026-02-24,2026-02-26,Not Requested
INV-002186,CUST-00422,Starter,567.65,USD,Paid,Credit Card,2026-03-26,2026-03-29,Not Requested
INV-002187,CUST-00422,Starter,567.65,USD,Paid,Credit Card,2026-04-25,2026-04-27,Not Requested
INV-002188,CUST-00422,Starter,567.65,USD,Paid,Credit Card,2026-05-25,2026-05-27,Not Requested
INV-002189,CUST-00422,Starter,567.65,USD,Paid,Credit Card,2026-06-24,2026-07-01,Not Requested
INV-002190,CUST-00422,Starter,567.65,USD,Paid,Credit Card,2026-07-24,2026-07-28,Not Requested
INV-002191,CUST-00423,Starter,647.16,USD,Paid,Credit Card,2025-08-28,2025-08-31,Not Requested
INV-002192,CUST-00423,Starter,647.16,USD,Paid,Credit Card,2025-09-27,2025-09-29,Not Requested
INV-002193,CUST-00423,Starter,647.16,USD,Paid,Credit Card,2025-10-27,2025-10-31,Not Requested
INV-002194,CUST-00423,Starter,647.16,USD,Paid,Credit Card,2025-11-26,2025-11-26,Not Requested
INV-002195,CUST-00423,Starter,647.16,USD,Paid,Credit Card,2025-12-26,2025-12-26,Not Requested
INV-002196,CUST-00423,Starter,647.16,USD,Paid,Credit Card,2026-01-25,2026-01-26,Not Requested
INV-002197,CUST-00423,Starter,647.16,USD,Paid,Credit Card,2026-02-24,2026-03-02,Not Requested
INV-002198,CUST-00423,Starter,647.16,USD,Paid,Credit Card,2026-03-26,2026-04-01,Not Requested
INV-002199,CUST-00423,Starter,647.16,USD,Paid,Credit Card,2026-04-25,2026-04-26,Not Requested
INV-002200,CUST-00423,Starter,647.16,USD,Paid,Credit Card,2026-05-25,2026-05-28,Not Requested
INV-002201,CUST-00423,Starter,647.16,USD,Paid,Credit Card,2026-06-24,2026-06-24,Not Requested
INV-002202,CUST-00423,Starter,647.16,USD,Paid,Credit Card,2026-07-24,2026-07-25,Not Requested
INV-002203,CUST-00424,Starter,209.56,EUR,Paid,Credit Card,2025-08-28,2025-08-28,Not Requested
INV-002204,CUST-00424,Starter,209.56,EUR,Paid,Credit Card,2025-09-27,2025-09-28,Not Requested
INV-002205,CUST-00424,Starter,209.56,EUR,Failed,Credit Card,2025-10-27,,Not Requested
INV-002206,CUST-00424,Starter,209.56,EUR,Paid,Credit Card,2025-11-26,2025-11-30,Not Requested
INV-002207,CUST-00424,Starter,209.56,EUR,Paid,Credit Card,2025-12-26,2025-12-27,Not Requested
INV-002208,CUST-00424,Starter,209.56,EUR,Paid,Credit Card,2026-01-25,2026-01-27,Not Requested
INV-002209,CUST-00424,Starter,209.56,EUR,Failed,Credit Card,2026-02-24,,Not Requested
INV-002210,CUST-00424,Starter,209.56,EUR,Paid,Credit Card,2026-03-26,2026-03-30,Not Requested
INV-002211,CUST-00424,Starter,209.56,EUR,Paid,Credit Card,2026-04-25,2026-04-25,Not Requested
INV-002212,CUST-00424,Starter,209.56,EUR,Paid,Credit Card,2026-05-25,2026-05-27,Not Requested
INV-002213,CUST-00424,Starter,209.56,EUR,Paid,Credit Card,2026-06-24,2026-06-27,Not Requested
INV-002214,CUST-00424,Starter,209.56,EUR,Failed,Credit Card,2026-07-24,,Not Requested
INV-002215,CUST-00425,Starter,442.67,USD,Paid,Credit Card,2025-08-28,2025-08-28,Not Requested
INV-002216,CUST-00425,Starter,442.67,USD,Paid,Credit Card,2025-09-27,2025-09-27,Not Requested
INV-002217,CUST-00425,Starter,442.67,USD,Paid,Credit Card,2025-10-27,2025-10-27,Not Requested
INV-002218,CUST-00425,Starter,442.67,USD,Failed,Credit Card,2025-11-26,,Not Requested
INV-002219,CUST-00425,Starter,442.67,USD,Paid,Credit Card,2025-12-26,2025-12-29,Not Requested
INV-002220,CUST-00425,Starter,442.67,USD,Paid,Credit Card,2026-01-25,2026-01-27,Not Requested
INV-002221,CUST-00425,Starter,442.67,USD,Paid,Credit Card,2026-02-24,2026-02-28,Not Requested
INV-002222,CUST-00425,Starter,442.67,USD,Paid,Credit Card,2026-03-26,2026-03-30,Not Requested
INV-002223,CUST-00425,Starter,442.67,USD,Paid,Credit Card,2026-04-25,2026-04-27,Not Requested
INV-002224,CUST-00425,Starter,442.67,USD,Paid,Credit Card,2026-05-25,2026-06-02,Not Requested
INV-002225,CUST-00425,Starter,442.67,USD,Paid,Credit Card,2026-06-24,2026-06-27,Not Requested
INV-002226,CUST-00425,Starter,442.67,USD,Paid,PayPal,2026-07-24,2026-07-25,Not Requested
INV-002227,CUST-00426,Starter,447.4,USD,Paid,Credit Card,2025-08-28,2025-08-29,Not Requested
INV-002228,CUST-00426,Starter,447.4,USD,Paid,Credit Card,2025-09-27,2025-09-29,Not Requested
INV-002229,CUST-00426,Starter,447.4,USD,Paid,Credit Card,2025-10-27,2025-10-30,Not Requested
INV-002230,CUST-00426,Starter,447.4,USD,Paid,Credit Card,2025-11-26,2025-12-06,Not Requested
INV-002231,CUST-00426,Starter,447.4,USD,Paid,Credit Card,2025-12-26,2025-12-28,Not Requested
INV-002232,CUST-00426,Starter,447.4,USD,Paid,Credit Card,2026-01-25,2026-01-28,Not Requested
INV-002233,CUST-00426,Starter,447.4,USD,Paid,Credit Card,2026-02-24,2026-02-27,Not Requested
INV-002234,CUST-00426,Starter,447.4,USD,Pending,Credit Card,2026-03-26,,Not Requested
INV-002235,CUST-00426,Starter,447.4,USD,Paid,Credit Card,2026-04-25,2026-04-25,Not Requested
INV-002236,CUST-00426,Starter,447.4,USD,Paid,Credit Card,2026-05-25,2026-05-25,Not Requested
INV-002237,CUST-00426,Starter,447.4,USD,Failed,Credit Card,2026-06-24,,Not Requested
INV-002238,CUST-00426,Starter,447.4,USD,Paid,Credit Card,2026-07-24,2026-07-25,Not Requested
INV-002239,CUST-00427,Starter,7828.91,USD,Paid,PayPal,2025-08-28,2025-09-01,Not Requested
INV-002240,CUST-00428,Starter,514.87,USD,Paid,Credit Card,2025-08-28,2025-08-31,Not Requested
INV-002241,CUST-00428,Starter,514.87,USD,Paid,Credit Card,2025-09-27,2025-09-27,Not Requested
INV-002242,CUST-00428,Starter,514.87,USD,Paid,Credit Card,2025-10-27,2025-10-30,Not Requested
INV-002243,CUST-00428,Starter,514.87,USD,Failed,Credit Card,2025-11-26,,Not Requested
INV-002244,CUST-00428,Starter,514.87,USD,Paid,Credit Card,2025-12-26,2025-12-27,Not Requested
INV-002245,CUST-00428,Starter,514.87,USD,Paid,Credit Card,2026-01-25,2026-01-25,Not Requested
INV-002246,CUST-00428,Starter,514.87,USD,Paid,Credit Card,2026-02-24,2026-02-28,Not Requested
INV-002247,CUST-00428,Starter,514.87,USD,Paid,ACH Bank Transfer,2026-03-26,2026-03-31,Not Requested
INV-002248,CUST-00428,Starter,514.87,USD,Paid,Credit Card,2026-04-25,2026-04-26,Not Requested
INV-002249,CUST-00428,Starter,514.87,USD,Paid,Credit Card,2026-05-25,2026-05-25,Not Requested
INV-002250,CUST-00428,Starter,514.87,USD,Paid,Credit Card,2026-06-24,2026-06-25,Not Requested
INV-002251,CUST-00428,Starter,514.87,USD,Paid,Credit Card,2026-07-24,2026-07-30,Not Requested
INV-002252,CUST-00429,Professional,94303.54,EUR,Refunded,Credit Card,2025-08-28,2025-08-29,Requested
INV-002253,CUST-00430,Enterprise,196063.3,EUR,Paid,ACH Bank Transfer,2025-08-28,2025-08-28,Not Requested
INV-002254,CUST-00432,Professional,6733.22,AUD,Paid,Credit Card,2026-03-21,2026-03-26,Not Requested
INV-002255,CUST-00432,Professional,6733.22,AUD,Failed,ACH Bank Transfer,2026-04-20,,Not Requested
INV-002256,CUST-00432,Professional,6733.22,AUD,Paid,Credit Card,2026-05-20,2026-05-26,Not Requested
INV-002257,CUST-00432,Professional,6733.22,AUD,Paid,Credit Card,2026-06-19,2026-06-21,Not Requested
INV-002258,CUST-00432,Professional,6733.22,AUD,Paid,Credit Card,2026-07-19,2026-07-19,Not Requested
INV-002259,CUST-00433,Professional,89805.98,AUD,Pending,Credit Card,2025-08-28,,Not Requested
INV-002260,CUST-00434,Enterprise,589271.76,USD,Paid,Wire Transfer,2025-08-28,2025-08-28,Not Requested
INV-002261,CUST-00435,Professional,118797.19,USD,Paid,Credit Card,2025-08-28,2025-09-02,Not Requested
INV-002262,CUST-00436,Professional,8608.0,USD,Failed,Credit Card,2025-08-28,,Not Requested
INV-002263,CUST-00436,Professional,8608.0,USD,Paid,Credit Card,2025-09-27,2025-09-29,Not Requested
INV-002264,CUST-00436,Professional,8608.0,USD,Pending,Credit Card,2025-10-27,,Not Requested
INV-002265,CUST-00436,Professional,8608.0,USD,Paid,Credit Card,2025-11-26,2025-12-01,Not Requested
INV-002266,CUST-00436,Professional,8608.0,USD,Paid,PayPal,2025-12-26,2025-12-30,Not Requested
INV-002267,CUST-00436,Professional,8608.0,USD,Paid,ACH Bank Transfer,2026-01-25,2026-01-26,Not Requested
INV-002268,CUST-00436,Professional,8608.0,USD,Paid,Credit Card,2026-02-24,2026-03-01,Not Requested
INV-002269,CUST-00436,Professional,8608.0,USD,Paid,Credit Card,2026-03-26,2026-03-27,Not Requested
INV-002270,CUST-00436,Professional,8608.0,USD,Paid,Credit Card,2026-04-25,2026-04-26,Not Requested
INV-002271,CUST-00436,Professional,8608.0,USD,Paid,Credit Card,2026-05-25,2026-05-29,Not Requested
INV-002272,CUST-00436,Professional,8608.0,USD,Paid,PayPal,2026-06-24,2026-06-27,Not Requested
INV-002273,CUST-00436,Professional,8608.0,USD,Paid,ACH Bank Transfer,2026-07-24,2026-07-30,Not Requested
INV-002274,CUST-00437,Starter,412.97,EUR,Paid,Credit Card,2025-08-28,2025-09-01,Not Requested
INV-002275,CUST-00437,Starter,412.97,EUR,Paid,Credit Card,2025-09-27,2025-09-27,Not Requested
INV-002276,CUST-00437,Starter,412.97,EUR,Paid,PayPal,2025-10-27,2025-10-29,Not Requested
INV-002277,CUST-00437,Starter,412.97,EUR,Paid,Credit Card,2025-11-26,2025-11-26,Not Requested
INV-002278,CUST-00437,Starter,412.97,EUR,Paid,Credit Card,2025-12-26,2025-12-26,Not Requested
INV-002279,CUST-00437,Starter,412.97,EUR,Paid,Credit Card,2026-01-25,2026-01-28,Not Requested
INV-002280,CUST-00437,Starter,412.97,EUR,Paid,Credit Card,2026-02-24,2026-02-24,Not Requested
INV-002281,CUST-00437,Starter,412.97,EUR,Paid,Credit Card,2026-03-26,2026-03-30,Not Requested
INV-002282,CUST-00437,Starter,412.97,EUR,Paid,Credit Card,2026-04-25,2026-04-29,Not Requested
INV-002283,CUST-00437,Starter,412.97,EUR,Paid,Credit Card,2026-05-25,2026-05-27,Not Requested
INV-002284,CUST-00437,Starter,412.97,EUR,Paid,Credit Card,2026-06-24,2026-06-28,Not Requested
INV-002285,CUST-00437,Starter,412.97,EUR,Paid,Credit Card,2026-07-24,2026-07-28,Not Requested
INV-002286,CUST-00438,Starter,4680.37,USD,Paid,Credit Card,2025-08-28,2025-08-31,Not Requested
INV-002287,CUST-00439,Starter,4319.51,EUR,Paid,Credit Card,2025-08-28,2025-08-29,Not Requested
INV-002288,CUST-00440,Starter,637.21,USD,Paid,Credit Card,2025-08-28,2025-09-01,Not Requested
INV-002289,CUST-00440,Starter,637.21,USD,Paid,Credit Card,2025-09-27,2025-10-01,Not Requested
INV-002290,CUST-00440,Starter,637.21,USD,Paid,Credit Card,2025-10-27,2025-11-01,Not Requested
INV-002291,CUST-00440,Starter,637.21,USD,Paid,Credit Card,2025-11-26,2025-11-26,Not Requested
INV-002292,CUST-00440,Starter,637.21,USD,Paid,Credit Card,2025-12-26,2025-12-29,Not Requested
INV-002293,CUST-00440,Starter,637.21,USD,Paid,Credit Card,2026-01-25,2026-01-30,Not Requested
INV-002294,CUST-00440,Starter,637.21,USD,Paid,Credit Card,2026-02-24,2026-02-27,Not Requested
INV-002295,CUST-00440,Starter,637.21,USD,Paid,PayPal,2026-03-26,2026-03-29,Not Requested
INV-002296,CUST-00440,Starter,637.21,USD,Pending,PayPal,2026-04-25,,Not Requested
INV-002297,CUST-00440,Starter,637.21,USD,Paid,Credit Card,2026-05-25,2026-05-28,Not Requested
INV-002298,CUST-00440,Starter,637.21,USD,Paid,Credit Card,2026-06-24,2026-06-25,Not Requested
INV-002299,CUST-00440,Starter,637.21,USD,Paid,Credit Card,2026-07-24,2026-07-31,Not Requested
INV-002300,CUST-00443,Professional,6249.51,USD,Paid,Credit Card,2025-08-28,2025-09-02,Not Requested
INV-002301,CUST-00443,Professional,6249.51,USD,Paid,Credit Card,2025-09-27,2025-10-01,Not Requested
INV-002302,CUST-00443,Professional,6249.51,USD,Paid,Credit Card,2025-10-27,2025-10-29,Not Requested
INV-002303,CUST-00443,Professional,6249.51,USD,Paid,Credit Card,2025-11-26,2025-11-30,Not Requested
INV-002304,CUST-00443,Professional,6249.51,USD,Paid,Credit Card,2025-12-26,2025-12-30,Not Requested
INV-002305,CUST-00443,Professional,6249.51,USD,Paid,ACH Bank Transfer,2026-01-25,2026-01-28,Not Requested
INV-002306,CUST-00443,Professional,6249.51,USD,Paid,Credit Card,2026-02-24,2026-02-27,Not Requested
INV-002307,CUST-00443,Professional,6249.51,USD,Paid,Credit Card,2026-03-26,2026-03-29,Not Requested
INV-002308,CUST-00443,Professional,6249.51,USD,Pending,Credit Card,2026-04-25,,Not Requested
INV-002309,CUST-00443,Professional,6249.51,USD,Paid,Credit Card,2026-05-25,2026-05-26,Not Requested
INV-002310,CUST-00443,Professional,6249.51,USD,Paid,Credit Card,2026-06-24,2026-07-01,Not Requested
INV-002311,CUST-00443,Professional,6249.51,USD,Paid,ACH Bank Transfer,2026-07-24,2026-07-25,Not Requested
INV-002312,CUST-00444,Professional,94750.95,USD,Paid,Credit Card,2025-08-28,2025-08-28,Not Requested
INV-002313,CUST-00445,Enterprise,105033.91,USD,Paid,ACH Bank Transfer,2025-08-28,2025-08-30,Not Requested
INV-002314,CUST-00446,Starter,5128.83,USD,Paid,Credit Card,2025-08-28,2025-09-01,Not Requested
INV-002315,CUST-00447,Professional,2930.47,USD,Pending,ACH Bank Transfer,2025-08-28,,Not Requested
INV-002316,CUST-00447,Professional,2930.47,USD,Paid,ACH Bank Transfer,2025-09-27,2025-09-27,Not Requested
INV-002317,CUST-00447,Professional,2930.47,USD,Paid,PayPal,2025-10-27,2025-10-30,Not Requested
INV-002318,CUST-00447,Professional,2930.47,USD,Paid,Credit Card,2025-11-26,2025-11-29,Not Requested
INV-002319,CUST-00447,Professional,2930.47,USD,Paid,Credit Card,2025-12-26,2025-12-27,Not Requested
INV-002320,CUST-00447,Professional,2930.47,USD,Paid,ACH Bank Transfer,2026-01-25,2026-01-26,Not Requested
INV-002321,CUST-00447,Professional,2930.47,USD,Paid,Credit Card,2026-02-24,2026-02-25,Not Requested
INV-002322,CUST-00447,Professional,2930.47,USD,Paid,ACH Bank Transfer,2026-03-26,2026-03-27,Not Requested
INV-002323,CUST-00447,Professional,2930.47,USD,Paid,Credit Card,2026-04-25,2026-05-02,Not Requested
INV-002324,CUST-00447,Professional,2930.47,USD,Paid,ACH Bank Transfer,2026-05-25,2026-05-28,Not Requested
INV-002325,CUST-00447,Professional,2930.47,USD,Paid,PayPal,2026-06-24,2026-06-28,Not Requested
INV-002326,CUST-00447,Professional,2930.47,USD,Paid,Credit Card,2026-07-24,2026-07-28,Not Requested
INV-002327,CUST-00448,Starter,283.64,USD,Paid,Credit Card,2025-08-28,2025-09-01,Not Requested
INV-002328,CUST-00448,Starter,283.64,USD,Failed,PayPal,2025-09-27,,Not Requested
INV-002329,CUST-00448,Starter,283.64,USD,Paid,Credit Card,2025-10-27,2025-10-27,Not Requested
INV-002330,CUST-00448,Starter,283.64,USD,Paid,Credit Card,2025-11-26,2025-11-30,Not Requested
INV-002331,CUST-00448,Starter,283.64,USD,Paid,Credit Card,2025-12-26,2025-12-31,Not Requested
INV-002332,CUST-00448,Starter,283.64,USD,Paid,Credit Card,2026-01-25,2026-01-26,Not Requested
INV-002333,CUST-00448,Starter,283.64,USD,Paid,Credit Card,2026-02-24,2026-02-25,Not Requested
INV-002334,CUST-00448,Starter,283.64,USD,Paid,Credit Card,2026-03-26,2026-03-26,Not Requested
INV-002335,CUST-00448,Starter,283.64,USD,Paid,Credit Card,2026-04-25,2026-04-25,Not Requested
INV-002336,CUST-00448,Starter,283.64,USD,Paid,Credit Card,2026-05-25,2026-05-26,Not Requested
INV-002337,CUST-00448,Starter,283.64,USD,Paid,Credit Card,2026-06-24,2026-06-27,Not Requested
INV-002338,CUST-00448,Starter,283.64,USD,Paid,ACH Bank Transfer,2026-07-24,2026-07-28,Not Requested
INV-002339,CUST-00449,Starter,513.41,USD,Paid,Credit Card,2025-08-28,2025-08-28,Not Requested
INV-002340,CUST-00449,Starter,513.41,USD,Paid,ACH Bank Transfer,2025-09-27,2025-09-29,Not Requested
INV-002341,CUST-00449,Starter,513.41,USD,Paid,PayPal,2025-10-27,2025-10-30,Not Requested
INV-002342,CUST-00449,Starter,513.41,USD,Paid,Credit Card,2025-11-26,2025-11-30,Not Requested
INV-002343,CUST-00449,Starter,513.41,USD,Paid,Credit Card,2025-12-26,2025-12-26,Not Requested
INV-002344,CUST-00449,Starter,513.41,USD,Paid,Credit Card,2026-01-25,2026-01-27,Not Requested
INV-002345,CUST-00449,Starter,513.41,USD,Paid,Credit Card,2026-02-24,2026-03-01,Not Requested
INV-002346,CUST-00449,Starter,513.41,USD,Pending,Credit Card,2026-03-26,,Not Requested
INV-002347,CUST-00449,Starter,513.41,USD,Pending,Credit Card,2026-04-25,,Not Requested
INV-002348,CUST-00449,Starter,513.41,USD,Paid,PayPal,2026-05-25,2026-05-25,Not Requested
INV-002349,CUST-00449,Starter,513.41,USD,Paid,PayPal,2026-06-24,2026-06-24,Not Requested
INV-002350,CUST-00449,Starter,513.41,USD,Paid,Credit Card,2026-07-24,2026-07-28,Not Requested
INV-002351,CUST-00451,Starter,8607.61,AUD,Paid,Credit Card,2025-08-28,2025-08-31,Not Requested
INV-002352,CUST-00452,Starter,7427.22,USD,Paid,Credit Card,2025-08-28,2025-08-30,Not Requested
INV-002353,CUST-00453,Starter,664.71,USD,Paid,Credit Card,2025-08-28,2025-08-29,Not Requested
INV-002354,CUST-00453,Starter,664.71,USD,Paid,Credit Card,2025-09-27,2025-09-28,Not Requested
INV-002355,CUST-00453,Starter,664.71,USD,Paid,Credit Card,2025-10-27,2025-10-31,Not Requested
INV-002356,CUST-00453,Starter,664.71,USD,Pending,Credit Card,2025-11-26,,Not Requested
INV-002357,CUST-00453,Starter,664.71,USD,Paid,Credit Card,2025-12-26,2025-12-27,Not Requested
INV-002358,CUST-00453,Starter,664.71,USD,Paid,Credit Card,2026-01-25,2026-02-01,Not Requested
INV-002359,CUST-00453,Starter,664.71,USD,Paid,Credit Card,2026-02-24,2026-02-26,Not Requested
INV-002360,CUST-00453,Starter,664.71,USD,Paid,Credit Card,2026-03-26,2026-03-27,Not Requested
INV-002361,CUST-00453,Starter,664.71,USD,Paid,Credit Card,2026-04-25,2026-04-26,Not Requested
INV-002362,CUST-00453,Starter,664.71,USD,Paid,Credit Card,2026-05-25,2026-05-31,Not Requested
INV-002363,CUST-00453,Starter,664.71,USD,Paid,PayPal,2026-06-24,2026-06-27,Not Requested
INV-002364,CUST-00453,Starter,664.71,USD,Paid,PayPal,2026-07-24,2026-07-26,Not Requested
INV-002365,CUST-00454,Professional,2721.77,USD,Paid,Credit Card,2025-08-28,2025-08-29,Not Requested
INV-002366,CUST-00454,Professional,2721.77,USD,Paid,ACH Bank Transfer,2025-09-27,2025-09-29,Not Requested
INV-002367,CUST-00454,Professional,2721.77,USD,Paid,Credit Card,2025-10-27,2025-10-27,Not Requested
INV-002368,CUST-00454,Professional,2721.77,USD,Paid,Credit Card,2025-11-26,2025-11-28,Not Requested
INV-002369,CUST-00454,Professional,2721.77,USD,Paid,Credit Card,2025-12-26,2026-01-01,Not Requested
INV-002370,CUST-00454,Professional,2721.77,USD,Paid,Credit Card,2026-01-25,2026-01-25,Not Requested
INV-002371,CUST-00454,Professional,2721.77,USD,Paid,Credit Card,2026-02-24,2026-02-26,Not Requested
INV-002372,CUST-00454,Professional,2721.77,USD,Paid,PayPal,2026-03-26,2026-04-01,Not Requested
INV-002373,CUST-00454,Professional,2721.77,USD,Paid,ACH Bank Transfer,2026-04-25,2026-04-28,Not Requested
INV-002374,CUST-00454,Professional,2721.77,USD,Paid,ACH Bank Transfer,2026-05-25,2026-05-26,Not Requested
INV-002375,CUST-00454,Professional,2721.77,USD,Paid,Credit Card,2026-06-24,2026-06-28,Not Requested
INV-002376,CUST-00454,Professional,2721.77,USD,Paid,ACH Bank Transfer,2026-07-24,2026-07-26,Not Requested
INV-002377,CUST-00455,Professional,37582.24,CAD,Paid,Credit Card,2025-08-28,2025-08-28,Not Requested
INV-002378,CUST-00456,Professional,87147.71,CAD,Paid,Credit Card,2025-08-28,2025-08-31,Not Requested
INV-002379,CUST-00457,Professional,116139.91,USD,Paid,Credit Card,2025-08-28,2025-09-01,Not Requested
INV-002380,CUST-00458,Starter,367.8,USD,Paid,Credit Card,2025-08-28,2025-09-01,Not Requested
INV-002381,CUST-00458,Starter,367.8,USD,Paid,Credit Card,2025-09-27,2025-09-29,Not Requested
INV-002382,CUST-00458,Starter,367.8,USD,Pending,Credit Card,2025-10-27,,Not Requested
INV-002383,CUST-00458,Starter,367.8,USD,Paid,Credit Card,2025-11-26,2025-11-29,Not Requested
INV-002384,CUST-00458,Starter,367.8,USD,Pending,Credit Card,2025-12-26,,Not Requested
INV-002385,CUST-00458,Starter,367.8,USD,Paid,Credit Card,2026-01-25,2026-01-29,Not Requested
INV-002386,CUST-00458,Starter,367.8,USD,Paid,Credit Card,2026-02-24,2026-03-02,Not Requested
INV-002387,CUST-00458,Starter,367.8,USD,Paid,Credit Card,2026-03-26,2026-03-29,Not Requested
INV-002388,CUST-00458,Starter,367.8,USD,Paid,Credit Card,2026-04-25,2026-04-29,Not Requested
INV-002389,CUST-00458,Starter,367.8,USD,Paid,Credit Card,2026-05-25,2026-05-25,Not Requested
INV-002390,CUST-00458,Starter,367.8,USD,Paid,Credit Card,2026-06-24,2026-06-26,Not Requested
INV-002391,CUST-00458,Starter,367.8,USD,Refunded,Credit Card,2026-07-24,2026-07-24,Requested
INV-002392,CUST-00459,Starter,450.14,EUR,Paid,Credit Card,2025-08-28,2025-09-01,Not Requested
INV-002393,CUST-00459,Starter,450.14,EUR,Paid,Credit Card,2025-09-27,2025-09-28,Not Requested
INV-002394,CUST-00459,Starter,450.14,EUR,Paid,Credit Card,2025-10-27,2025-11-01,Not Requested
INV-002395,CUST-00459,Starter,450.14,EUR,Paid,Credit Card,2025-11-26,2025-12-02,Not Requested
INV-002396,CUST-00459,Starter,450.14,EUR,Paid,Credit Card,2025-12-26,2025-12-26,Not Requested
INV-002397,CUST-00459,Starter,450.14,EUR,Paid,PayPal,2026-01-25,2026-01-26,Not Requested
INV-002398,CUST-00459,Starter,450.14,EUR,Paid,Credit Card,2026-02-24,2026-03-01,Not Requested
INV-002399,CUST-00459,Starter,450.14,EUR,Pending,Credit Card,2026-03-26,,Not Requested
INV-002400,CUST-00459,Starter,450.14,EUR,Paid,Credit Card,2026-04-25,2026-04-26,Not Requested
INV-002401,CUST-00459,Starter,450.14,EUR,Paid,Credit Card,2026-05-25,2026-05-27,Not Requested
INV-002402,CUST-00459,Starter,450.14,EUR,Paid,Credit Card,2026-06-24,2026-07-01,Not Requested
INV-002403,CUST-00459,Starter,450.14,EUR,Paid,Credit Card,2026-07-24,2026-07-29,Not Requested
INV-002404,CUST-00460,Starter,110.93,USD,Paid,Credit Card,2025-08-28,2025-08-30,Not Requested
INV-002405,CUST-00460,Starter,110.93,USD,Paid,Credit Card,2025-09-27,2025-09-29,Not Requested
INV-002406,CUST-00460,Starter,110.93,USD,Paid,Credit Card,2025-10-27,2025-11-01,Not Requested
INV-002407,CUST-00460,Starter,110.93,USD,Paid,Credit Card,2025-11-26,2025-11-27,Not Requested
INV-002408,CUST-00460,Starter,110.93,USD,Paid,Credit Card,2025-12-26,2025-12-30,Not Requested
INV-002409,CUST-00460,Starter,110.93,USD,Paid,Credit Card,2026-01-25,2026-02-01,Not Requested
INV-002410,CUST-00460,Starter,110.93,USD,Paid,Credit Card,2026-02-24,2026-02-28,Not Requested
INV-002411,CUST-00460,Starter,110.93,USD,Paid,Credit Card,2026-03-26,2026-03-26,Not Requested
INV-002412,CUST-00460,Starter,110.93,USD,Paid,Credit Card,2026-04-25,2026-05-01,Not Requested
INV-002413,CUST-00460,Starter,110.93,USD,Paid,Credit Card,2026-05-25,2026-05-28,Not Requested
INV-002414,CUST-00460,Starter,110.93,USD,Paid,Credit Card,2026-06-24,2026-06-25,Not Requested
INV-002415,CUST-00460,Starter,110.93,USD,Failed,Credit Card,2026-07-24,,Not Requested
INV-002416,CUST-00461,Starter,1005.67,USD,Paid,Credit Card,2025-08-28,2025-09-02,Not Requested
INV-002417,CUST-00462,Starter,536.52,USD,Paid,PayPal,2025-08-28,2025-09-01,Not Requested
INV-002418,CUST-00462,Starter,536.52,USD,Paid,Credit Card,2025-09-27,2025-09-27,Not Requested
INV-002419,CUST-00462,Starter,536.52,USD,Failed,Credit Card,2025-10-27,,Not Requested
INV-002420,CUST-00462,Starter,536.52,USD,Paid,Credit Card,2025-11-26,2025-12-01,Not Requested
INV-002421,CUST-00462,Starter,536.52,USD,Paid,Credit Card,2025-12-26,2026-01-06,Not Requested
INV-002422,CUST-00462,Starter,536.52,USD,Paid,Credit Card,2026-01-25,2026-01-26,Not Requested
INV-002423,CUST-00462,Starter,536.52,USD,Failed,Credit Card,2026-02-24,,Not Requested
INV-002424,CUST-00462,Starter,536.52,USD,Paid,PayPal,2026-03-26,2026-03-26,Not Requested
INV-002425,CUST-00462,Starter,536.52,USD,Paid,Credit Card,2026-04-25,2026-04-28,Not Requested
INV-002426,CUST-00462,Starter,536.52,USD,Paid,Credit Card,2026-05-25,2026-05-25,Not Requested
INV-002427,CUST-00462,Starter,536.52,USD,Paid,Credit Card,2026-06-24,2026-06-24,Not Requested
INV-002428,CUST-00462,Starter,536.52,USD,Paid,Credit Card,2026-07-24,2026-07-24,Not Requested
INV-002429,CUST-00463,Professional,1787.33,USD,Paid,ACH Bank Transfer,2025-08-28,2025-09-01,Not Requested
INV-002430,CUST-00463,Professional,1787.33,USD,Paid,Credit Card,2025-09-27,2025-09-27,Not Requested
INV-002431,CUST-00463,Professional,1787.33,USD,Paid,ACH Bank Transfer,2025-10-27,2025-11-01,Not Requested
INV-002432,CUST-00463,Professional,1787.33,USD,Paid,ACH Bank Transfer,2025-11-26,2025-11-29,Not Requested
INV-002433,CUST-00463,Professional,1787.33,USD,Paid,Credit Card,2025-12-26,2025-12-30,Not Requested
INV-002434,CUST-00463,Professional,1787.33,USD,Failed,Credit Card,2026-01-25,,Not Requested
INV-002435,CUST-00463,Professional,1787.33,USD,Paid,Credit Card,2026-02-24,2026-02-27,Not Requested
INV-002436,CUST-00463,Professional,1787.33,USD,Paid,Credit Card,2026-03-26,2026-03-30,Not Requested
INV-002437,CUST-00463,Professional,1787.33,USD,Paid,Credit Card,2026-04-25,2026-04-27,Not Requested
INV-002438,CUST-00463,Professional,1787.33,USD,Paid,Credit Card,2026-05-25,2026-05-28,Not Requested
INV-002439,CUST-00463,Professional,1787.33,USD,Paid,Credit Card,2026-06-24,2026-06-27,Not Requested
INV-002440,CUST-00463,Professional,1787.33,USD,Paid,Credit Card,2026-07-24,2026-07-29,Not Requested
INV-002441,CUST-00464,Starter,163.32,USD,Paid,Credit Card,2025-08-28,2025-09-04,Not Requested
INV-002442,CUST-00464,Starter,163.32,USD,Paid,Credit Card,2025-09-27,2025-10-01,Not Requested
INV-002443,CUST-00464,Starter,163.32,USD,Paid,Credit Card,2025-10-27,2025-10-31,Not Requested
INV-002444,CUST-00464,Starter,163.32,USD,Paid,Credit Card,2025-11-26,2025-11-26,Not Requested
INV-002445,CUST-00464,Starter,163.32,USD,Paid,Credit Card,2025-12-26,2025-12-27,Not Requested
INV-002446,CUST-00464,Starter,163.32,USD,Paid,Credit Card,2026-01-25,2026-01-27,Not Requested
INV-002447,CUST-00464,Starter,163.32,USD,Paid,Credit Card,2026-02-24,2026-03-01,Not Requested
INV-002448,CUST-00464,Starter,163.32,USD,Paid,Credit Card,2026-03-26,2026-03-28,Not Requested
INV-002449,CUST-00464,Starter,163.32,USD,Paid,Credit Card,2026-04-25,2026-04-25,Not Requested
INV-002450,CUST-00464,Starter,163.32,USD,Paid,Credit Card,2026-05-25,2026-05-25,Not Requested
INV-002451,CUST-00464,Starter,163.32,USD,Paid,Credit Card,2026-06-24,2026-06-29,Not Requested
INV-002452,CUST-00464,Starter,163.32,USD,Paid,PayPal,2026-07-24,2026-07-27,Not Requested
INV-002453,CUST-00465,Enterprise,847740.56,USD,Paid,ACH Bank Transfer,2025-11-01,2025-11-01,Not Requested
INV-002454,CUST-00466,Professional,99788.29,USD,Paid,ACH Bank Transfer,2025-08-28,2025-09-03,Not Requested
INV-002455,CUST-00467,Starter,607.31,USD,Paid,Credit Card,2025-08-28,2025-09-01,Not Requested
INV-002456,CUST-00467,Starter,607.31,USD,Failed,Credit Card,2025-09-27,,Requested
INV-002457,CUST-00467,Starter,607.31,USD,Paid,Credit Card,2025-10-27,2025-11-01,Not Requested
INV-002458,CUST-00467,Starter,607.31,USD,Paid,Credit Card,2025-11-26,2025-11-30,Not Requested
INV-002459,CUST-00467,Starter,607.31,USD,Paid,PayPal,2025-12-26,2025-12-28,Not Requested
INV-002460,CUST-00467,Starter,607.31,USD,Failed,Credit Card,2026-01-25,,Not Requested
INV-002461,CUST-00467,Starter,607.31,USD,Paid,Credit Card,2026-02-24,2026-02-27,Not Requested
INV-002462,CUST-00467,Starter,607.31,USD,Paid,Credit Card,2026-03-26,2026-03-30,Not Requested
INV-002463,CUST-00467,Starter,607.31,USD,Paid,Credit Card,2026-04-25,2026-04-27,Not Requested
INV-002464,CUST-00467,Starter,607.31,USD,Paid,Credit Card,2026-05-25,2026-05-28,Not Requested
INV-002465,CUST-00467,Starter,607.31,USD,Paid,Credit Card,2026-06-24,2026-06-26,Not Requested
INV-002466,CUST-00467,Starter,607.31,USD,Paid,Credit Card,2026-07-24,2026-07-25,Not Requested
INV-002467,CUST-00469,Starter,419.68,USD,Paid,Credit Card,2025-08-28,2025-08-30,Not Requested
INV-002468,CUST-00469,Starter,419.68,USD,Failed,Credit Card,2025-09-27,,Not Requested
INV-002469,CUST-00469,Starter,419.68,USD,Paid,Credit Card,2025-10-27,2025-10-27,Not Requested
INV-002470,CUST-00469,Starter,419.68,USD,Paid,Credit Card,2025-11-26,2025-11-29,Not Requested
INV-002471,CUST-00469,Starter,419.68,USD,Paid,Credit Card,2025-12-26,2026-01-01,Not Requested
INV-002472,CUST-00469,Starter,419.68,USD,Paid,Credit Card,2026-01-25,2026-01-27,Not Requested
INV-002473,CUST-00469,Starter,419.68,USD,Paid,Credit Card,2026-02-24,2026-02-24,Not Requested
INV-002474,CUST-00469,Starter,419.68,USD,Paid,Credit Card,2026-03-26,2026-03-29,Not Requested
INV-002475,CUST-00469,Starter,419.68,USD,Paid,Credit Card,2026-04-25,2026-04-27,Not Requested
INV-002476,CUST-00469,Starter,419.68,USD,Paid,Credit Card,2026-05-25,2026-05-30,Not Requested
INV-002477,CUST-00469,Starter,419.68,USD,Paid,Credit Card,2026-06-24,2026-06-24,Not Requested
INV-002478,CUST-00469,Starter,419.68,USD,Failed,ACH Bank Transfer,2026-07-24,,Not Requested
INV-002479,CUST-00472,Starter,334.21,USD,Paid,Credit Card,2025-08-28,2025-08-30,Not Requested
INV-002480,CUST-00472,Starter,334.21,USD,Paid,Credit Card,2025-09-27,2025-09-28,Not Requested
INV-002481,CUST-00472,Starter,334.21,USD,Paid,Credit Card,2025-10-27,2025-11-01,Not Requested
INV-002482,CUST-00472,Starter,334.21,USD,Paid,Credit Card,2025-11-26,2025-12-02,Not Requested
INV-002483,CUST-00472,Starter,334.21,USD,Paid,Credit Card,2025-12-26,2025-12-31,Not Requested
INV-002484,CUST-00472,Starter,334.21,USD,Paid,PayPal,2026-01-25,2026-01-25,Not Requested
INV-002485,CUST-00472,Starter,334.21,USD,Paid,Credit Card,2026-02-24,2026-02-25,Not Requested
INV-002486,CUST-00472,Starter,334.21,USD,Paid,PayPal,2026-03-26,2026-03-27,Not Requested
INV-002487,CUST-00472,Starter,334.21,USD,Paid,Credit Card,2026-04-25,2026-04-25,Not Requested
INV-002488,CUST-00472,Starter,334.21,USD,Paid,Credit Card,2026-05-25,2026-05-28,Not Requested
INV-002489,CUST-00472,Starter,334.21,USD,Paid,ACH Bank Transfer,2026-06-24,2026-06-24,Not Requested
INV-002490,CUST-00472,Starter,334.21,USD,Paid,Credit Card,2026-07-24,2026-07-29,Not Requested
INV-002491,CUST-00473,Starter,488.11,USD,Paid,Credit Card,2025-11-06,2025-11-08,Not Requested
INV-002492,CUST-00473,Starter,488.11,USD,Paid,Credit Card,2025-12-06,2025-12-06,Not Requested
INV-002493,CUST-00473,Starter,488.11,USD,Paid,Credit Card,2026-01-05,2026-01-07,Not Requested
INV-002494,CUST-00473,Starter,488.11,USD,Refunded,PayPal,2026-02-04,2026-02-06,Approved - Refunded
INV-002495,CUST-00474,Professional,4763.11,USD,Paid,Credit Card,2025-08-28,2025-08-28,Not Requested
INV-002496,CUST-00475,Starter,519.06,USD,Paid,ACH Bank Transfer,2025-08-28,2025-08-28,Not Requested
INV-002497,CUST-00475,Starter,519.06,USD,Paid,Credit Card,2025-09-27,2025-09-27,Not Requested
INV-002498,CUST-00475,Starter,519.06,USD,Pending,PayPal,2025-10-27,,Not Requested
INV-002499,CUST-00475,Starter,519.06,USD,Paid,Credit Card,2025-11-26,2025-11-30,Not Requested
INV-002500,CUST-00475,Starter,519.06,USD,Paid,Credit Card,2025-12-26,2025-12-27,Not Requested
INV-002501,CUST-00475,Starter,519.06,USD,Paid,Credit Card,2026-01-25,2026-01-30,Not Requested
INV-002502,CUST-00475,Starter,519.06,USD,Paid,Credit Card,2026-02-24,2026-02-28,Not Requested
INV-002503,CUST-00475,Starter,519.06,USD,Paid,Credit Card,2026-03-26,2026-03-26,Not Requested
INV-002504,CUST-00475,Starter,519.06,USD,Paid,Credit Card,2026-04-25,2026-04-29,Not Requested
INV-002505,CUST-00475,Starter,519.06,USD,Paid,Credit Card,2026-05-25,2026-05-29,Not Requested
INV-002506,CUST-00475,Starter,519.06,USD,Paid,Credit Card,2026-06-24,2026-06-25,Not Requested
INV-002507,CUST-00475,Starter,519.06,USD,Refunded,Credit Card,2026-07-24,2026-07-28,Approved - Refunded
INV-002508,CUST-00476,Enterprise,1781307.8,USD,Paid,Wire Transfer,2025-08-28,2025-08-28,Not Requested
INV-002509,CUST-00477,Professional,80452.79,EUR,Paid,Credit Card,2025-08-28,2025-08-31,Not Requested
INV-002510,CUST-00478,Starter,426.59,USD,Paid,Credit Card,2025-08-28,2025-08-29,Not Requested
INV-002511,CUST-00478,Starter,426.59,USD,Paid,Credit Card,2025-09-27,2025-10-03,Not Requested
INV-002512,CUST-00478,Starter,426.59,USD,Failed,Credit Card,2025-10-27,,Not Requested
INV-002513,CUST-00478,Starter,426.59,USD,Paid,Credit Card,2025-11-26,2025-11-26,Not Requested
INV-002514,CUST-00478,Starter,426.59,USD,Paid,PayPal,2025-12-26,2025-12-27,Not Requested
INV-002515,CUST-00478,Starter,426.59,USD,Failed,Credit Card,2026-01-25,,Not Requested
INV-002516,CUST-00478,Starter,426.59,USD,Paid,Credit Card,2026-02-24,2026-02-28,Not Requested
INV-002517,CUST-00478,Starter,426.59,USD,Paid,PayPal,2026-03-26,2026-03-29,Not Requested
INV-002518,CUST-00478,Starter,426.59,USD,Refunded,Credit Card,2026-04-25,2026-04-28,Denied
INV-002519,CUST-00478,Starter,426.59,USD,Paid,Credit Card,2026-05-25,2026-05-28,Not Requested
INV-002520,CUST-00478,Starter,426.59,USD,Paid,Credit Card,2026-06-24,2026-06-24,Not Requested
INV-002521,CUST-00478,Starter,426.59,USD,Paid,Credit Card,2026-07-24,2026-07-24,Not Requested
INV-002522,CUST-00479,Professional,17720.18,EUR,Paid,PayPal,2025-08-28,2025-09-06,Not Requested
INV-002523,CUST-00480,Starter,603.34,USD,Paid,ACH Bank Transfer,2025-08-28,2025-08-30,Not Requested
INV-002524,CUST-00480,Starter,603.34,USD,Paid,Credit Card,2025-09-27,2025-09-28,Not Requested
INV-002525,CUST-00480,Starter,603.34,USD,Pending,Credit Card,2025-10-27,,Not Requested
INV-002526,CUST-00480,Starter,603.34,USD,Paid,Credit Card,2025-11-26,2025-11-27,Not Requested
INV-002527,CUST-00480,Starter,603.34,USD,Paid,Credit Card,2025-12-26,2025-12-29,Not Requested
INV-002528,CUST-00480,Starter,603.34,USD,Paid,Credit Card,2026-01-25,2026-01-25,Not Requested
INV-002529,CUST-00480,Starter,603.34,USD,Paid,ACH Bank Transfer,2026-02-24,2026-02-24,Not Requested
INV-002530,CUST-00480,Starter,603.34,USD,Paid,Credit Card,2026-03-26,2026-03-26,Not Requested
INV-002531,CUST-00480,Starter,603.34,USD,Paid,Credit Card,2026-04-25,2026-04-25,Not Requested
INV-002532,CUST-00480,Starter,603.34,USD,Paid,Credit Card,2026-05-25,2026-05-29,Not Requested
INV-002533,CUST-00480,Starter,603.34,USD,Paid,Credit Card,2026-06-24,2026-06-24,Not Requested
INV-002534,CUST-00480,Starter,603.34,USD,Paid,Credit Card,2026-07-24,2026-07-27,Not Requested
INV-002535,CUST-00481,Professional,14314.14,USD,Paid,ACH Bank Transfer,2025-08-28,2025-08-31,Not Requested
INV-002536,CUST-00482,Starter,669.95,USD,Paid,Credit Card,2025-08-28,2025-08-28,Not Requested
INV-002537,CUST-00482,Starter,669.95,USD,Paid,Credit Card,2025-09-27,2025-09-27,Not Requested
INV-002538,CUST-00482,Starter,669.95,USD,Paid,Credit Card,2025-10-27,2025-10-30,Not Requested
INV-002539,CUST-00482,Starter,669.95,USD,Paid,Credit Card,2025-11-26,2025-11-28,Not Requested
INV-002540,CUST-00482,Starter,669.95,USD,Paid,PayPal,2025-12-26,2025-12-27,Not Requested
INV-002541,CUST-00482,Starter,669.95,USD,Failed,Credit Card,2026-01-25,,Not Requested
INV-002542,CUST-00482,Starter,669.95,USD,Paid,Credit Card,2026-02-24,2026-02-24,Not Requested
INV-002543,CUST-00482,Starter,669.95,USD,Paid,Credit Card,2026-03-26,2026-03-28,Not Requested
INV-002544,CUST-00482,Starter,669.95,USD,Paid,Credit Card,2026-04-25,2026-04-28,Not Requested
INV-002545,CUST-00482,Starter,669.95,USD,Failed,Credit Card,2026-05-25,,Not Requested
INV-002546,CUST-00482,Starter,669.95,USD,Paid,Credit Card,2026-06-24,2026-06-24,Not Requested
INV-002547,CUST-00482,Starter,669.95,USD,Failed,Credit Card,2026-07-24,,Not Requested
INV-002548,CUST-00483,Starter,423.8,USD,Pending,Credit Card,2025-08-28,,Not Requested
INV-002549,CUST-00483,Starter,423.8,USD,Paid,Credit Card,2025-09-27,2025-09-28,Not Requested
INV-002550,CUST-00483,Starter,423.8,USD,Paid,Credit Card,2025-10-27,2025-10-31,Not Requested
INV-002551,CUST-00483,Starter,423.8,USD,Paid,Credit Card,2025-11-26,2025-11-27,Not Requested
INV-002552,CUST-00483,Starter,423.8,USD,Paid,Credit Card,2025-12-26,2025-12-27,Not Requested
INV-002553,CUST-00483,Starter,423.8,USD,Paid,Credit Card,2026-01-25,2026-01-27,Not Requested
INV-002554,CUST-00483,Starter,423.8,USD,Paid,Credit Card,2026-02-24,2026-02-24,Not Requested
INV-002555,CUST-00483,Starter,423.8,USD,Paid,Credit Card,2026-03-26,2026-03-29,Not Requested
INV-002556,CUST-00483,Starter,423.8,USD,Paid,Credit Card,2026-04-25,2026-05-02,Not Requested
INV-002557,CUST-00483,Starter,423.8,USD,Refunded,Credit Card,2026-05-25,2026-05-29,Requested
INV-002558,CUST-00483,Starter,423.8,USD,Refunded,Credit Card,2026-06-24,2026-06-24,Requested
INV-002559,CUST-00483,Starter,423.8,USD,Paid,Credit Card,2026-07-24,2026-07-25,Not Requested
INV-002560,CUST-00486,Professional,3566.37,EUR,Paid,Credit Card,2025-08-28,2025-08-30,Not Requested
INV-002561,CUST-00486,Professional,3566.37,EUR,Paid,Credit Card,2025-09-27,2025-09-27,Not Requested
INV-002562,CUST-00486,Professional,3566.37,EUR,Paid,Credit Card,2025-10-27,2025-10-28,Not Requested
INV-002563,CUST-00486,Professional,3566.37,EUR,Paid,ACH Bank Transfer,2025-11-26,2025-12-01,Not Requested
INV-002564,CUST-00486,Professional,3566.37,EUR,Paid,PayPal,2025-12-26,2026-01-03,Not Requested
INV-002565,CUST-00486,Professional,3566.37,EUR,Paid,PayPal,2026-01-25,2026-01-28,Not Requested
INV-002566,CUST-00486,Professional,3566.37,EUR,Paid,Credit Card,2026-02-24,2026-03-01,Not Requested
INV-002567,CUST-00486,Professional,3566.37,EUR,Paid,Credit Card,2026-03-26,2026-03-26,Not Requested
INV-002568,CUST-00486,Professional,3566.37,EUR,Paid,ACH Bank Transfer,2026-04-25,2026-04-25,Not Requested
INV-002569,CUST-00486,Professional,3566.37,EUR,Paid,Credit Card,2026-05-25,2026-05-28,Not Requested
INV-002570,CUST-00486,Professional,3566.37,EUR,Paid,ACH Bank Transfer,2026-06-24,2026-06-28,Not Requested
INV-002571,CUST-00486,Professional,3566.37,EUR,Paid,Credit Card,2026-07-24,2026-07-31,Not Requested
INV-002572,CUST-00488,Starter,154.15,USD,Paid,Credit Card,2025-08-28,2025-08-31,Not Requested
INV-002573,CUST-00488,Starter,154.15,USD,Paid,Credit Card,2025-09-27,2025-09-27,Not Requested
INV-002574,CUST-00488,Starter,154.15,USD,Paid,Credit Card,2025-10-27,2025-10-30,Not Requested
INV-002575,CUST-00488,Starter,154.15,USD,Paid,Credit Card,2025-11-26,2025-11-27,Not Requested
INV-002576,CUST-00488,Starter,154.15,USD,Paid,Credit Card,2025-12-26,2025-12-30,Not Requested
INV-002577,CUST-00488,Starter,154.15,USD,Paid,Credit Card,2026-01-25,2026-01-26,Not Requested
INV-002578,CUST-00488,Starter,154.15,USD,Paid,Credit Card,2026-02-24,2026-02-25,Not Requested
INV-002579,CUST-00488,Starter,154.15,USD,Paid,PayPal,2026-03-26,2026-03-29,Not Requested
INV-002580,CUST-00488,Starter,154.15,USD,Refunded,Credit Card,2026-04-25,2026-04-28,Requested
INV-002581,CUST-00488,Starter,154.15,USD,Paid,Credit Card,2026-05-25,2026-05-25,Not Requested
INV-002582,CUST-00488,Starter,154.15,USD,Paid,Credit Card,2026-06-24,2026-06-24,Not Requested
INV-002583,CUST-00488,Starter,154.15,USD,Paid,Credit Card,2026-07-24,2026-07-24,Not Requested
INV-002584,CUST-00491,Starter,721.45,AUD,Paid,Credit Card,2025-08-28,2025-09-02,Not Requested
INV-002585,CUST-00491,Starter,721.45,AUD,Paid,Credit Card,2025-09-27,2025-09-28,Not Requested
INV-002586,CUST-00491,Starter,721.45,AUD,Refunded,Credit Card,2025-10-27,2025-11-01,Approved - Refunded
INV-002587,CUST-00491,Starter,721.45,AUD,Paid,PayPal,2025-11-26,2025-11-29,Not Requested
INV-002588,CUST-00491,Starter,721.45,AUD,Paid,PayPal,2025-12-26,2025-12-27,Not Requested
INV-002589,CUST-00491,Starter,721.45,AUD,Paid,Credit Card,2026-01-25,2026-01-28,Not Requested
INV-002590,CUST-00491,Starter,721.45,AUD,Paid,Credit Card,2026-02-24,2026-03-02,Not Requested
INV-002591,CUST-00491,Starter,721.45,AUD,Paid,Credit Card,2026-03-26,2026-04-01,Not Requested
INV-002592,CUST-00491,Starter,721.45,AUD,Paid,Credit Card,2026-04-25,2026-04-28,Not Requested
INV-002593,CUST-00491,Starter,721.45,AUD,Paid,Credit Card,2026-05-25,2026-05-25,Not Requested
INV-002594,CUST-00491,Starter,721.45,AUD,Failed,Credit Card,2026-06-24,,Not Requested
INV-002595,CUST-00491,Starter,721.45,AUD,Failed,PayPal,2026-07-24,,Requested
INV-002596,CUST-00492,Enterprise,535373.46,USD,Failed,Credit Card,2025-08-28,,Not Requested
INV-002597,CUST-00493,Professional,5645.3,USD,Paid,Credit Card,2025-08-28,2025-09-01,Not Requested
INV-002598,CUST-00493,Professional,5645.3,USD,Paid,Credit Card,2025-09-27,2025-09-28,Not Requested
INV-002599,CUST-00493,Professional,5645.3,USD,Paid,PayPal,2025-10-27,2025-10-31,Not Requested
INV-002600,CUST-00493,Professional,5645.3,USD,Failed,Credit Card,2025-11-26,,Not Requested
INV-002601,CUST-00493,Professional,5645.3,USD,Paid,ACH Bank Transfer,2025-12-26,2025-12-28,Not Requested
INV-002602,CUST-00493,Professional,5645.3,USD,Paid,Credit Card,2026-01-25,2026-01-30,Not Requested
INV-002603,CUST-00493,Professional,5645.3,USD,Paid,Credit Card,2026-02-24,2026-02-24,Not Requested
INV-002604,CUST-00493,Professional,5645.3,USD,Paid,Credit Card,2026-03-26,2026-03-27,Not Requested
INV-002605,CUST-00493,Professional,5645.3,USD,Paid,ACH Bank Transfer,2026-04-25,2026-04-27,Not Requested
INV-002606,CUST-00493,Professional,5645.3,USD,Paid,ACH Bank Transfer,2026-05-25,2026-05-29,Not Requested
INV-002607,CUST-00493,Professional,5645.3,USD,Paid,Credit Card,2026-06-24,2026-06-27,Not Requested
INV-002608,CUST-00493,Professional,5645.3,USD,Paid,Credit Card,2026-07-24,2026-07-30,Not Requested
INV-002609,CUST-00494,Starter,3582.82,EUR,Paid,Credit Card,2025-08-28,2025-08-28,Not Requested
INV-002610,CUST-00496,Professional,6430.69,USD,Paid,Credit Card,2025-09-03,2025-09-08,Not Requested
INV-002611,CUST-00496,Professional,6430.69,USD,Paid,Credit Card,2025-10-03,2025-10-04,Not Requested
INV-002612,CUST-00496,Professional,6430.69,USD,Paid,Credit Card,2025-11-02,2025-11-02,Not Requested
INV-002613,CUST-00496,Professional,6430.69,USD,Paid,Credit Card,2025-12-02,2025-12-04,Not Requested
INV-002614,CUST-00496,Professional,6430.69,USD,Paid,Credit Card,2026-01-01,2026-01-01,Not Requested
INV-002615,CUST-00496,Professional,6430.69,USD,Paid,Credit Card,2026-01-31,2026-02-01,Not Requested
INV-002616,CUST-00496,Professional,6430.69,USD,Paid,Credit Card,2026-03-02,2026-03-08,Not Requested
INV-002617,CUST-00496,Professional,6430.69,USD,Paid,Credit Card,2026-04-01,2026-04-07,Not Requested
INV-002618,CUST-00496,Professional,6430.69,USD,Paid,Credit Card,2026-05-01,2026-05-01,Not Requested
INV-002619,CUST-00496,Professional,6430.69,USD,Paid,Credit Card,2026-05-31,2026-06-02,Not Requested
INV-002620,CUST-00496,Professional,6430.69,USD,Paid,Credit Card,2026-06-30,2026-07-03,Not Requested
INV-002621,CUST-00496,Professional,6430.69,USD,Paid,ACH Bank Transfer,2026-07-30,2026-08-06,Not Requested
INV-002622,CUST-00497,Enterprise,936451.27,USD,Paid,ACH Bank Transfer,2025-08-28,2025-08-28,Not Requested
INV-002623,CUST-00498,Professional,5868.65,USD,Failed,ACH Bank Transfer,2025-08-28,,Not Requested
INV-002624,CUST-00498,Professional,5868.65,USD,Paid,PayPal,2025-09-27,2025-09-28,Not Requested
INV-002625,CUST-00498,Professional,5868.65,USD,Paid,Credit Card,2025-10-27,2025-10-30,Not Requested
INV-002626,CUST-00498,Professional,5868.65,USD,Paid,ACH Bank Transfer,2025-11-26,2025-11-26,Not Requested
INV-002627,CUST-00498,Professional,5868.65,USD,Paid,Credit Card,2025-12-26,2025-12-29,Not Requested
INV-002628,CUST-00498,Professional,5868.65,USD,Paid,Credit Card,2026-01-25,2026-01-26,Not Requested
INV-002629,CUST-00498,Professional,5868.65,USD,Paid,ACH Bank Transfer,2026-02-24,2026-02-24,Not Requested
INV-002630,CUST-00498,Professional,5868.65,USD,Paid,Credit Card,2026-03-26,2026-03-30,Not Requested
INV-002631,CUST-00498,Professional,5868.65,USD,Paid,Credit Card,2026-04-25,2026-04-28,Not Requested
INV-002632,CUST-00498,Professional,5868.65,USD,Paid,Credit Card,2026-05-25,2026-05-26,Not Requested
INV-002633,CUST-00498,Professional,5868.65,USD,Paid,Credit Card,2026-06-24,2026-06-27,Not Requested
INV-002634,CUST-00498,Professional,5868.65,USD,Paid,Credit Card,2026-07-24,2026-07-26,Not Requested
INV-002635,CUST-00499,Professional,36913.8,USD,Failed,Credit Card,2025-08-28,,Not Requested
INV-002636,CUST-00500,Professional,76226.82,EUR,Failed,Credit Card,2025-08-28,,Not Requested
INV-002637,CUST-00501,Professional,6739.07,CAD,Paid,ACH Bank Transfer,2025-08-28,2025-08-29,Not Requested
INV-002638,CUST-00502,Enterprise,1055791.94,EUR,Failed,ACH Bank Transfer,2025-08-28,,Not Requested
INV-002639,CUST-00503,Starter,1208.55,USD,Paid,Credit Card,2025-08-28,2025-08-30,Not Requested
INV-002640,CUST-00504,Starter,486.51,EUR,Paid,Credit Card,2025-08-28,2025-09-02,Not Requested
INV-002641,CUST-00504,Starter,486.51,EUR,Paid,PayPal,2025-09-27,2025-09-28,Not Requested
INV-002642,CUST-00504,Starter,486.51,EUR,Paid,Credit Card,2025-10-27,2025-10-27,Not Requested
INV-002643,CUST-00504,Starter,486.51,EUR,Paid,Credit Card,2025-11-26,2025-11-26,Not Requested
INV-002644,CUST-00504,Starter,486.51,EUR,Paid,Credit Card,2025-12-26,2025-12-28,Not Requested
INV-002645,CUST-00504,Starter,486.51,EUR,Paid,Credit Card,2026-01-25,2026-01-28,Not Requested
INV-002646,CUST-00504,Starter,486.51,EUR,Paid,Credit Card,2026-02-24,2026-02-28,Not Requested
INV-002647,CUST-00504,Starter,486.51,EUR,Paid,Credit Card,2026-03-26,2026-03-26,Not Requested
INV-002648,CUST-00504,Starter,486.51,EUR,Paid,Credit Card,2026-04-25,2026-04-25,Not Requested
INV-002649,CUST-00504,Starter,486.51,EUR,Paid,Credit Card,2026-05-25,2026-05-31,Not Requested
INV-002650,CUST-00504,Starter,486.51,EUR,Paid,Credit Card,2026-06-24,2026-06-29,Not Requested
INV-002651,CUST-00504,Starter,486.51,EUR,Paid,Credit Card,2026-07-24,2026-07-28,Not Requested
INV-002652,CUST-00505,Starter,8569.11,USD,Paid,Credit Card,2025-08-28,2025-08-31,Not Requested
INV-002653,CUST-00506,Starter,203.77,USD,Paid,Credit Card,2025-08-28,2025-09-03,Not Requested
INV-002654,CUST-00506,Starter,203.77,USD,Paid,Credit Card,2025-09-27,2025-09-29,Not Requested
INV-002655,CUST-00506,Starter,203.77,USD,Paid,Credit Card,2025-10-27,2025-10-28,Not Requested
INV-002656,CUST-00506,Starter,203.77,USD,Paid,Credit Card,2025-11-26,2025-11-26,Not Requested
INV-002657,CUST-00506,Starter,203.77,USD,Paid,Credit Card,2025-12-26,2025-12-26,Not Requested
INV-002658,CUST-00506,Starter,203.77,USD,Paid,Credit Card,2026-01-25,2026-01-27,Not Requested
INV-002659,CUST-00506,Starter,203.77,USD,Paid,PayPal,2026-02-24,2026-02-24,Not Requested
INV-002660,CUST-00506,Starter,203.77,USD,Paid,Credit Card,2026-03-26,2026-03-26,Not Requested
INV-002661,CUST-00506,Starter,203.77,USD,Paid,Credit Card,2026-04-25,2026-04-28,Not Requested
INV-002662,CUST-00506,Starter,203.77,USD,Paid,Credit Card,2026-05-25,2026-05-29,Not Requested
INV-002663,CUST-00506,Starter,203.77,USD,Paid,Credit Card,2026-06-24,2026-06-25,Not Requested
INV-002664,CUST-00506,Starter,203.77,USD,Paid,ACH Bank Transfer,2026-07-24,2026-07-25,Not Requested
INV-002665,CUST-00507,Starter,1351.72,USD,Paid,Credit Card,2025-08-28,2025-08-29,Not Requested
INV-002666,CUST-00508,Starter,78.33,USD,Paid,Credit Card,2025-08-28,2025-08-29,Not Requested
INV-002667,CUST-00508,Starter,78.33,USD,Paid,PayPal,2025-09-27,2025-09-28,Not Requested
INV-002668,CUST-00508,Starter,78.33,USD,Paid,Credit Card,2025-10-27,2025-10-30,Not Requested
INV-002669,CUST-00508,Starter,78.33,USD,Paid,Credit Card,2025-11-26,2025-11-28,Not Requested
INV-002670,CUST-00508,Starter,78.33,USD,Paid,Credit Card,2025-12-26,2025-12-27,Not Requested
INV-002671,CUST-00508,Starter,78.33,USD,Paid,Credit Card,2026-01-25,2026-01-29,Not Requested
INV-002672,CUST-00508,Starter,78.33,USD,Pending,Credit Card,2026-02-24,,Not Requested
INV-002673,CUST-00508,Starter,78.33,USD,Paid,Credit Card,2026-03-26,2026-03-28,Not Requested
INV-002674,CUST-00508,Starter,78.33,USD,Paid,Credit Card,2026-04-25,2026-04-28,Not Requested
INV-002675,CUST-00508,Starter,78.33,USD,Paid,Credit Card,2026-05-25,2026-05-25,Not Requested
INV-002676,CUST-00508,Starter,78.33,USD,Paid,Credit Card,2026-06-24,2026-06-25,Not Requested
INV-002677,CUST-00508,Starter,78.33,USD,Paid,Credit Card,2026-07-24,2026-07-27,Not Requested
INV-002678,CUST-00510,Starter,3306.7,EUR,Paid,Credit Card,2025-08-28,2025-08-31,Not Requested
INV-002679,CUST-00512,Professional,466.05,USD,Paid,ACH Bank Transfer,2025-12-22,2025-12-24,Not Requested
INV-002680,CUST-00512,Professional,466.05,USD,Paid,Credit Card,2026-01-21,2026-01-25,Not Requested
INV-002681,CUST-00512,Professional,466.05,USD,Paid,Credit Card,2026-02-20,2026-02-21,Not Requested
INV-002682,CUST-00512,Professional,466.05,USD,Paid,Credit Card,2026-03-22,2026-04-01,Not Requested
INV-002683,CUST-00512,Professional,466.05,USD,Pending,ACH Bank Transfer,2026-04-21,,Not Requested
INV-002684,CUST-00512,Professional,466.05,USD,Paid,ACH Bank Transfer,2026-05-21,2026-05-21,Not Requested
INV-002685,CUST-00512,Professional,466.05,USD,Paid,ACH Bank Transfer,2026-06-20,2026-06-22,Not Requested
INV-002686,CUST-00512,Professional,466.05,USD,Paid,ACH Bank Transfer,2026-07-20,2026-07-26,Not Requested
INV-002687,CUST-00513,Professional,52942.99,USD,Paid,Credit Card,2025-08-28,2025-08-30,Not Requested
INV-002688,CUST-00514,Professional,42751.64,USD,Paid,Credit Card,2025-08-28,2025-08-31,Not Requested
INV-002689,CUST-00515,Starter,200.84,USD,Paid,Credit Card,2025-08-28,2025-08-30,Not Requested
INV-002690,CUST-00515,Starter,200.84,USD,Failed,ACH Bank Transfer,2025-09-27,,Not Requested
INV-002691,CUST-00515,Starter,200.84,USD,Paid,Credit Card,2025-10-27,2025-10-30,Not Requested
INV-002692,CUST-00515,Starter,200.84,USD,Paid,Credit Card,2025-11-26,2025-11-29,Not Requested
INV-002693,CUST-00515,Starter,200.84,USD,Paid,Credit Card,2025-12-26,2025-12-27,Not Requested
INV-002694,CUST-00515,Starter,200.84,USD,Paid,Credit Card,2026-01-25,2026-01-28,Not Requested
INV-002695,CUST-00515,Starter,200.84,USD,Paid,PayPal,2026-02-24,2026-02-27,Not Requested
INV-002696,CUST-00515,Starter,200.84,USD,Paid,Credit Card,2026-03-26,2026-03-29,Not Requested
INV-002697,CUST-00515,Starter,200.84,USD,Paid,PayPal,2026-04-25,2026-04-25,Not Requested
INV-002698,CUST-00515,Starter,200.84,USD,Paid,Credit Card,2026-05-25,2026-05-27,Not Requested
INV-002699,CUST-00515,Starter,200.84,USD,Paid,Credit Card,2026-06-24,2026-06-27,Not Requested
INV-002700,CUST-00515,Starter,200.84,USD,Paid,PayPal,2026-07-24,2026-07-24,Not Requested
INV-002701,CUST-00516,Enterprise,305160.62,USD,Paid,ACH Bank Transfer,2025-08-28,2025-08-28,Not Requested
INV-002702,CUST-00518,Professional,30400.52,USD,Failed,Credit Card,2025-08-28,,Not Requested
INV-002703,CUST-00519,Professional,22775.53,CAD,Refunded,Credit Card,2025-08-28,2025-08-28,Approved - Refunded
INV-002704,CUST-00521,Professional,6238.44,USD,Paid,Credit Card,2025-08-28,2025-08-31,Not Requested
INV-002705,CUST-00521,Professional,6238.44,USD,Paid,ACH Bank Transfer,2025-09-27,2025-10-03,Not Requested
INV-002706,CUST-00521,Professional,6238.44,USD,Paid,Credit Card,2025-10-27,2025-10-29,Not Requested
INV-002707,CUST-00521,Professional,6238.44,USD,Failed,Credit Card,2025-11-26,,Not Requested
INV-002708,CUST-00521,Professional,6238.44,USD,Paid,Credit Card,2025-12-26,2025-12-29,Not Requested
INV-002709,CUST-00521,Professional,6238.44,USD,Paid,Credit Card,2026-01-25,2026-01-27,Not Requested
INV-002710,CUST-00521,Professional,6238.44,USD,Paid,Credit Card,2026-02-24,2026-02-25,Not Requested
INV-002711,CUST-00521,Professional,6238.44,USD,Paid,Credit Card,2026-03-26,2026-03-27,Not Requested
INV-002712,CUST-00521,Professional,6238.44,USD,Paid,Credit Card,2026-04-25,2026-04-29,Not Requested
INV-002713,CUST-00521,Professional,6238.44,USD,Paid,PayPal,2026-05-25,2026-05-25,Not Requested
INV-002714,CUST-00521,Professional,6238.44,USD,Paid,Credit Card,2026-06-24,2026-06-24,Not Requested
INV-002715,CUST-00521,Professional,6238.44,USD,Paid,Credit Card,2026-07-24,2026-07-31,Not Requested
INV-002716,CUST-00522,Starter,1471.63,USD,Paid,Credit Card,2025-08-28,2025-08-29,Not Requested
INV-002717,CUST-00523,Starter,10665.14,AUD,Failed,Credit Card,2025-08-28,,Not Requested
INV-002718,CUST-00524,Starter,3712.73,CAD,Paid,Credit Card,2025-08-28,2025-09-02,Not Requested
INV-002719,CUST-00525,Professional,1521.67,EUR,Paid,PayPal,2025-08-28,2025-08-28,Not Requested
INV-002720,CUST-00525,Professional,1521.67,EUR,Paid,ACH Bank Transfer,2025-09-27,2025-09-30,Not Requested
INV-002721,CUST-00525,Professional,1521.67,EUR,Paid,Credit Card,2025-10-27,2025-11-02,Not Requested
INV-002722,CUST-00525,Professional,1521.67,EUR,Paid,Credit Card,2025-11-26,2025-11-26,Not Requested
INV-002723,CUST-00525,Professional,1521.67,EUR,Paid,Credit Card,2025-12-26,2025-12-28,Not Requested
INV-002724,CUST-00525,Professional,1521.67,EUR,Paid,Credit Card,2026-01-25,2026-01-25,Not Requested
INV-002725,CUST-00525,Professional,1521.67,EUR,Failed,Credit Card,2026-02-24,,Not Requested
INV-002726,CUST-00525,Professional,1521.67,EUR,Paid,Credit Card,2026-03-26,2026-03-29,Not Requested
INV-002727,CUST-00525,Professional,1521.67,EUR,Paid,Credit Card,2026-04-25,2026-04-25,Not Requested
INV-002728,CUST-00525,Professional,1521.67,EUR,Paid,ACH Bank Transfer,2026-05-25,2026-05-27,Not Requested
INV-002729,CUST-00525,Professional,1521.67,EUR,Paid,PayPal,2026-06-24,2026-06-25,Not Requested
INV-002730,CUST-00525,Professional,1521.67,EUR,Paid,Credit Card,2026-07-24,2026-07-29,Not Requested
INV-002731,CUST-00526,Professional,76109.09,USD,Paid,Credit Card,2025-08-28,2025-08-30,Not Requested
INV-002732,CUST-00527,Enterprise,937120.72,EUR,Failed,ACH Bank Transfer,2025-08-28,,Not Requested
INV-002733,CUST-00528,Professional,5675.21,USD,Pending,PayPal,2025-08-28,,Not Requested
INV-002734,CUST-00528,Professional,5675.21,USD,Paid,Credit Card,2025-09-27,2025-09-29,Not Requested
INV-002735,CUST-00528,Professional,5675.21,USD,Refunded,Credit Card,2025-10-27,2025-10-31,Denied
INV-002736,CUST-00528,Professional,5675.21,USD,Paid,Credit Card,2025-11-26,2025-11-26,Not Requested
INV-002737,CUST-00528,Professional,5675.21,USD,Paid,Credit Card,2025-12-26,2025-12-28,Not Requested
INV-002738,CUST-00528,Professional,5675.21,USD,Refunded,Credit Card,2026-01-25,2026-01-28,Approved - Refunded
INV-002739,CUST-00528,Professional,5675.21,USD,Paid,Credit Card,2026-02-24,2026-02-24,Not Requested
INV-002740,CUST-00528,Professional,5675.21,USD,Paid,Credit Card,2026-03-26,2026-03-30,Not Requested
INV-002741,CUST-00528,Professional,5675.21,USD,Paid,Credit Card,2026-04-25,2026-04-25,Not Requested
INV-002742,CUST-00528,Professional,5675.21,USD,Paid,Credit Card,2026-05-25,2026-05-29,Not Requested
INV-002743,CUST-00528,Professional,5675.21,USD,Paid,Credit Card,2026-06-24,2026-06-28,Not Requested
INV-002744,CUST-00528,Professional,5675.21,USD,Paid,Credit Card,2026-07-24,2026-07-26,Not Requested
INV-002745,CUST-00529,Starter,1007.88,AUD,Paid,Credit Card,2025-11-03,2025-11-04,Not Requested
INV-002746,CUST-00529,Starter,1007.88,AUD,Paid,Credit Card,2025-12-03,2025-12-06,Not Requested
INV-002747,CUST-00529,Starter,1007.88,AUD,Paid,Credit Card,2026-01-02,2026-01-07,Not Requested
INV-002748,CUST-00529,Starter,1007.88,AUD,Failed,PayPal,2026-02-01,,Not Requested
INV-002749,CUST-00530,Enterprise,1298979.96,USD,Failed,ACH Bank Transfer,2025-08-28,,Not Requested
INV-002750,CUST-00531,Enterprise,2923990.66,USD,Failed,ACH Bank Transfer,2025-08-28,,Not Requested
INV-002751,CUST-00532,Professional,43585.24,USD,Paid,ACH Bank Transfer,2025-08-28,2025-08-30,Not Requested
INV-002752,CUST-00533,Enterprise,234894.29,USD,Paid,Credit Card,2025-08-28,2025-08-30,Not Requested
INV-002753,CUST-00537,Starter,519.38,USD,Paid,Credit Card,2025-08-28,2025-08-28,Not Requested
INV-002754,CUST-00537,Starter,519.38,USD,Paid,Credit Card,2025-09-27,2025-10-06,Not Requested
INV-002755,CUST-00537,Starter,519.38,USD,Paid,Credit Card,2025-10-27,2025-10-30,Not Requested
INV-002756,CUST-00537,Starter,519.38,USD,Pending,Credit Card,2025-11-26,,Not Requested
INV-002757,CUST-00537,Starter,519.38,USD,Paid,PayPal,2025-12-26,2025-12-26,Not Requested
INV-002758,CUST-00537,Starter,519.38,USD,Paid,PayPal,2026-01-25,2026-01-28,Not Requested
INV-002759,CUST-00537,Starter,519.38,USD,Paid,Credit Card,2026-02-24,2026-02-25,Not Requested
INV-002760,CUST-00537,Starter,519.38,USD,Paid,Credit Card,2026-03-26,2026-03-27,Not Requested
INV-002761,CUST-00537,Starter,519.38,USD,Failed,Credit Card,2026-04-25,,Not Requested
INV-002762,CUST-00537,Starter,519.38,USD,Paid,Credit Card,2026-05-25,2026-05-27,Not Requested
INV-002763,CUST-00537,Starter,519.38,USD,Paid,Credit Card,2026-06-24,2026-06-28,Not Requested
INV-002764,CUST-00537,Starter,519.38,USD,Paid,Credit Card,2026-07-24,2026-07-25,Not Requested
INV-002765,CUST-00538,Professional,3591.2,USD,Paid,Credit Card,2025-08-28,2025-08-30,Not Requested
INV-002766,CUST-00538,Professional,3591.2,USD,Paid,PayPal,2025-09-27,2025-09-28,Not Requested
INV-002767,CUST-00538,Professional,3591.2,USD,Paid,Credit Card,2025-10-27,2025-10-27,Not Requested
INV-002768,CUST-00538,Professional,3591.2,USD,Paid,Credit Card,2025-11-26,2025-11-28,Not Requested
INV-002769,CUST-00538,Professional,3591.2,USD,Refunded,Credit Card,2025-12-26,2025-12-29,Approved - Refunded
INV-002770,CUST-00538,Professional,3591.2,USD,Paid,Credit Card,2026-01-25,2026-02-01,Not Requested
INV-002771,CUST-00538,Professional,3591.2,USD,Paid,Credit Card,2026-02-24,2026-02-28,Not Requested
INV-002772,CUST-00538,Professional,3591.2,USD,Paid,Credit Card,2026-03-26,2026-03-30,Not Requested
INV-002773,CUST-00538,Professional,3591.2,USD,Paid,Credit Card,2026-04-25,2026-04-26,Not Requested
INV-002774,CUST-00538,Professional,3591.2,USD,Paid,Credit Card,2026-05-25,2026-05-29,Not Requested
INV-002775,CUST-00538,Professional,3591.2,USD,Paid,Credit Card,2026-06-24,2026-06-27,Not Requested
INV-002776,CUST-00538,Professional,3591.2,USD,Paid,ACH Bank Transfer,2026-07-24,2026-07-25,Not Requested
INV-002777,CUST-00539,Enterprise,241012.83,USD,Paid,Wire Transfer,2025-08-28,2025-08-28,Not Requested
INV-002778,CUST-00540,Starter,655.02,USD,Paid,Credit Card,2025-08-28,2025-08-29,Not Requested
INV-002779,CUST-00540,Starter,655.02,USD,Paid,Credit Card,2025-09-27,2025-09-28,Not Requested
INV-002780,CUST-00540,Starter,655.02,USD,Paid,Credit Card,2025-10-27,2025-10-27,Not Requested
INV-002781,CUST-00540,Starter,655.02,USD,Paid,Credit Card,2025-11-26,2025-11-30,Not Requested
INV-002782,CUST-00540,Starter,655.02,USD,Paid,Credit Card,2025-12-26,2025-12-29,Not Requested
INV-002783,CUST-00540,Starter,655.02,USD,Paid,Credit Card,2026-01-25,2026-01-29,Not Requested
INV-002784,CUST-00540,Starter,655.02,USD,Paid,PayPal,2026-02-24,2026-02-24,Not Requested
INV-002785,CUST-00540,Starter,655.02,USD,Pending,PayPal,2026-03-26,,Not Requested
INV-002786,CUST-00540,Starter,655.02,USD,Paid,Credit Card,2026-04-25,2026-04-29,Not Requested
INV-002787,CUST-00540,Starter,655.02,USD,Paid,Credit Card,2026-05-25,2026-05-26,Not Requested
INV-002788,CUST-00540,Starter,655.02,USD,Paid,Credit Card,2026-06-24,2026-06-27,Not Requested
INV-002789,CUST-00540,Starter,655.02,USD,Paid,Credit Card,2026-07-24,2026-07-26,Not Requested
INV-002790,CUST-00541,Starter,6647.1,USD,Paid,Credit Card,2025-08-28,2025-08-31,Not Requested
INV-002791,CUST-00542,Enterprise,52645.13,USD,Paid,ACH Bank Transfer,2025-08-28,2025-08-31,Not Requested
INV-002792,CUST-00543,Professional,7878.65,USD,Pending,Credit Card,2025-08-28,,Not Requested
INV-002793,CUST-00543,Professional,7878.65,USD,Paid,Credit Card,2025-09-27,2025-09-28,Not Requested
INV-002794,CUST-00543,Professional,7878.65,USD,Paid,Credit Card,2025-10-27,2025-10-29,Not Requested
INV-002795,CUST-00543,Professional,7878.65,USD,Paid,PayPal,2025-11-26,2025-11-26,Not Requested
INV-002796,CUST-00543,Professional,7878.65,USD,Paid,ACH Bank Transfer,2025-12-26,2026-01-01,Not Requested
INV-002797,CUST-00543,Professional,7878.65,USD,Paid,Credit Card,2026-01-25,2026-01-30,Not Requested
INV-002798,CUST-00543,Professional,7878.65,USD,Paid,ACH Bank Transfer,2026-02-24,2026-02-26,Not Requested
INV-002799,CUST-00543,Professional,7878.65,USD,Paid,Credit Card,2026-03-26,2026-03-27,Not Requested
INV-002800,CUST-00543,Professional,7878.65,USD,Paid,ACH Bank Transfer,2026-04-25,2026-04-27,Not Requested
INV-002801,CUST-00543,Professional,7878.65,USD,Paid,ACH Bank Transfer,2026-05-25,2026-05-29,Not Requested
INV-002802,CUST-00543,Professional,7878.65,USD,Paid,Credit Card,2026-06-24,2026-06-29,Not Requested
INV-002803,CUST-00543,Professional,7878.65,USD,Pending,ACH Bank Transfer,2026-07-24,,Not Requested
INV-002804,CUST-00544,Starter,75.73,USD,Paid,Credit Card,2025-08-28,2025-08-29,Not Requested
INV-002805,CUST-00544,Starter,75.73,USD,Paid,Credit Card,2025-09-27,2025-09-29,Not Requested
INV-002806,CUST-00544,Starter,75.73,USD,Paid,Credit Card,2025-10-27,2025-10-27,Not Requested
INV-002807,CUST-00544,Starter,75.73,USD,Paid,Credit Card,2025-11-26,2025-11-30,Not Requested
INV-002808,CUST-00544,Starter,75.73,USD,Paid,Credit Card,2025-12-26,2025-12-29,Not Requested
INV-002809,CUST-00544,Starter,75.73,USD,Paid,Credit Card,2026-01-25,2026-01-25,Not Requested
INV-002810,CUST-00544,Starter,75.73,USD,Pending,Credit Card,2026-02-24,,Not Requested
INV-002811,CUST-00544,Starter,75.73,USD,Paid,Credit Card,2026-03-26,2026-03-29,Not Requested
INV-002812,CUST-00544,Starter,75.73,USD,Paid,Credit Card,2026-04-25,2026-04-28,Not Requested
INV-002813,CUST-00544,Starter,75.73,USD,Paid,Credit Card,2026-05-25,2026-05-26,Not Requested
INV-002814,CUST-00544,Starter,75.73,USD,Paid,Credit Card,2026-06-24,2026-06-25,Not Requested
INV-002815,CUST-00544,Starter,75.73,USD,Refunded,Credit Card,2026-07-24,2026-07-27,Approved - Refunded
INV-002816,CUST-00545,Professional,4590.58,AUD,Paid,Credit Card,2025-08-28,2025-09-01,Not Requested
INV-002817,CUST-00545,Professional,4590.58,AUD,Paid,Credit Card,2025-09-27,2025-09-27,Not Requested
INV-002818,CUST-00545,Professional,4590.58,AUD,Failed,Credit Card,2025-10-27,,Not Requested
INV-002819,CUST-00545,Professional,4590.58,AUD,Paid,Credit Card,2025-11-26,2025-11-28,Not Requested
INV-002820,CUST-00545,Professional,4590.58,AUD,Paid,Credit Card,2025-12-26,2025-12-29,Not Requested
INV-002821,CUST-00545,Professional,4590.58,AUD,Paid,Credit Card,2026-01-25,2026-01-28,Not Requested
INV-002822,CUST-00545,Professional,4590.58,AUD,Paid,Credit Card,2026-02-24,2026-03-01,Not Requested
INV-002823,CUST-00545,Professional,4590.58,AUD,Paid,Credit Card,2026-03-26,2026-03-30,Not Requested
INV-002824,CUST-00545,Professional,4590.58,AUD,Paid,Credit Card,2026-04-25,2026-04-29,Not Requested
INV-002825,CUST-00545,Professional,4590.58,AUD,Paid,Credit Card,2026-05-25,2026-05-27,Not Requested
INV-002826,CUST-00545,Professional,4590.58,AUD,Paid,Credit Card,2026-06-24,2026-06-27,Not Requested
INV-002827,CUST-00545,Professional,4590.58,AUD,Paid,Credit Card,2026-07-24,2026-07-29,Not Requested
INV-002828,CUST-00546,Professional,28927.69,CAD,Paid,Credit Card,2025-08-28,2025-09-01,Not Requested
INV-002829,CUST-00547,Professional,2614.88,USD,Pending,Credit Card,2025-08-28,,Not Requested
INV-002830,CUST-00547,Professional,2614.88,USD,Paid,Credit Card,2025-09-27,2025-09-28,Not Requested
INV-002831,CUST-00547,Professional,2614.88,USD,Paid,ACH Bank Transfer,2025-10-27,2025-10-28,Not Requested
INV-002832,CUST-00547,Professional,2614.88,USD,Paid,Credit Card,2025-11-26,2025-11-30,Not Requested
INV-002833,CUST-00547,Professional,2614.88,USD,Paid,ACH Bank Transfer,2025-12-26,2025-12-26,Not Requested
INV-002834,CUST-00547,Professional,2614.88,USD,Paid,ACH Bank Transfer,2026-01-25,2026-01-25,Not Requested
INV-002835,CUST-00547,Professional,2614.88,USD,Paid,ACH Bank Transfer,2026-02-24,2026-02-25,Not Requested
INV-002836,CUST-00547,Professional,2614.88,USD,Paid,Credit Card,2026-03-26,2026-03-29,Not Requested
INV-002837,CUST-00547,Professional,2614.88,USD,Paid,Credit Card,2026-04-25,2026-04-26,Not Requested
INV-002838,CUST-00547,Professional,2614.88,USD,Paid,Credit Card,2026-05-25,2026-05-27,Not Requested
INV-002839,CUST-00547,Professional,2614.88,USD,Paid,Credit Card,2026-06-24,2026-06-24,Not Requested
INV-002840,CUST-00547,Professional,2614.88,USD,Paid,Credit Card,2026-07-24,2026-07-27,Not Requested
INV-002841,CUST-00548,Starter,233.39,EUR,Paid,Credit Card,2025-08-28,2025-09-02,Not Requested
INV-002842,CUST-00548,Starter,233.39,EUR,Paid,Credit Card,2025-09-27,2025-10-01,Not Requested
INV-002843,CUST-00548,Starter,233.39,EUR,Paid,PayPal,2025-10-27,2025-10-27,Not Requested
INV-002844,CUST-00548,Starter,233.39,EUR,Paid,Credit Card,2025-11-26,2025-11-30,Not Requested
INV-002845,CUST-00548,Starter,233.39,EUR,Paid,Credit Card,2025-12-26,2026-01-01,Not Requested
INV-002846,CUST-00548,Starter,233.39,EUR,Paid,Credit Card,2026-01-25,2026-01-28,Not Requested
INV-002847,CUST-00548,Starter,233.39,EUR,Paid,Credit Card,2026-02-24,2026-03-02,Not Requested
INV-002848,CUST-00548,Starter,233.39,EUR,Paid,Credit Card,2026-03-26,2026-03-28,Not Requested
INV-002849,CUST-00548,Starter,233.39,EUR,Paid,Credit Card,2026-04-25,2026-04-26,Not Requested
INV-002850,CUST-00548,Starter,233.39,EUR,Paid,Credit Card,2026-05-25,2026-05-29,Not Requested
INV-002851,CUST-00548,Starter,233.39,EUR,Paid,Credit Card,2026-06-24,2026-06-29,Not Requested
INV-002852,CUST-00548,Starter,233.39,EUR,Paid,Credit Card,2026-07-24,2026-07-24,Not Requested
INV-002853,CUST-00549,Starter,538.9,USD,Paid,Credit Card,2025-08-28,2025-08-29,Not Requested
INV-002854,CUST-00549,Starter,538.9,USD,Paid,Credit Card,2025-09-27,2025-09-28,Not Requested
INV-002855,CUST-00549,Starter,538.9,USD,Paid,Credit Card,2025-10-27,2025-10-29,Not Requested
INV-002856,CUST-00549,Starter,538.9,USD,Failed,Credit Card,2025-11-26,,Not Requested
INV-002857,CUST-00549,Starter,538.9,USD,Paid,Credit Card,2025-12-26,2025-12-27,Not Requested
INV-002858,CUST-00549,Starter,538.9,USD,Paid,Credit Card,2026-01-25,2026-01-29,Not Requested
INV-002859,CUST-00549,Starter,538.9,USD,Paid,ACH Bank Transfer,2026-02-24,2026-02-25,Not Requested
INV-002860,CUST-00549,Starter,538.9,USD,Paid,Credit Card,2026-03-26,2026-03-30,Not Requested
INV-002861,CUST-00549,Starter,538.9,USD,Paid,Credit Card,2026-04-25,2026-04-26,Not Requested
INV-002862,CUST-00549,Starter,538.9,USD,Paid,Credit Card,2026-05-25,2026-05-26,Not Requested
INV-002863,CUST-00549,Starter,538.9,USD,Paid,Credit Card,2026-06-24,2026-06-25,Not Requested
INV-002864,CUST-00549,Starter,538.9,USD,Paid,Credit Card,2026-07-24,2026-07-25,Not Requested
INV-002865,CUST-00551,Starter,1722.96,USD,Paid,Credit Card,2025-08-28,2025-09-01,Not Requested
INV-002866,CUST-00552,Starter,5748.43,EUR,Paid,PayPal,2025-08-28,2025-08-29,Not Requested
INV-002867,CUST-00554,Starter,6775.76,USD,Paid,Credit Card,2025-08-28,2025-08-30,Not Requested
INV-002868,CUST-00555,Starter,5242.02,USD,Paid,Credit Card,2025-08-28,2025-08-30,Not Requested
INV-002869,CUST-00556,Starter,182.38,USD,Paid,Credit Card,2025-08-28,2025-09-02,Not Requested
INV-002870,CUST-00556,Starter,182.38,USD,Paid,Credit Card,2025-09-27,2025-10-01,Not Requested
INV-002871,CUST-00556,Starter,182.38,USD,Paid,Credit Card,2025-10-27,2025-10-29,Not Requested
INV-002872,CUST-00556,Starter,182.38,USD,Paid,Credit Card,2025-11-26,2025-11-29,Not Requested
INV-002873,CUST-00556,Starter,182.38,USD,Refunded,Credit Card,2025-12-26,2025-12-26,Approved - Refunded
INV-002874,CUST-00556,Starter,182.38,USD,Paid,Credit Card,2026-01-25,2026-01-30,Not Requested
INV-002875,CUST-00556,Starter,182.38,USD,Paid,PayPal,2026-02-24,2026-02-25,Not Requested
INV-002876,CUST-00556,Starter,182.38,USD,Paid,Credit Card,2026-03-26,2026-03-30,Not Requested
INV-002877,CUST-00556,Starter,182.38,USD,Paid,Credit Card,2026-04-25,2026-04-30,Not Requested
INV-002878,CUST-00556,Starter,182.38,USD,Failed,PayPal,2026-05-25,,Not Requested
INV-002879,CUST-00556,Starter,182.38,USD,Paid,Credit Card,2026-06-24,2026-06-24,Not Requested
INV-002880,CUST-00556,Starter,182.38,USD,Failed,ACH Bank Transfer,2026-07-24,,Not Requested
INV-002881,CUST-00557,Starter,388.3,USD,Paid,PayPal,2025-08-28,2025-09-02,Not Requested
INV-002882,CUST-00557,Starter,388.3,USD,Paid,Credit Card,2025-09-27,2025-10-09,Not Requested
INV-002883,CUST-00557,Starter,388.3,USD,Paid,Credit Card,2025-10-27,2025-10-27,Not Requested
INV-002884,CUST-00557,Starter,388.3,USD,Paid,Credit Card,2025-11-26,2025-11-26,Not Requested
INV-002885,CUST-00557,Starter,388.3,USD,Paid,PayPal,2025-12-26,2026-01-03,Not Requested
INV-002886,CUST-00557,Starter,388.3,USD,Paid,Credit Card,2026-01-25,2026-01-29,Not Requested
INV-002887,CUST-00557,Starter,388.3,USD,Paid,Credit Card,2026-02-24,2026-02-28,Not Requested
INV-002888,CUST-00557,Starter,388.3,USD,Failed,Credit Card,2026-03-26,,Not Requested
INV-002889,CUST-00557,Starter,388.3,USD,Paid,Credit Card,2026-04-25,2026-05-03,Not Requested
INV-002890,CUST-00557,Starter,388.3,USD,Paid,Credit Card,2026-05-25,2026-05-27,Not Requested
INV-002891,CUST-00557,Starter,388.3,USD,Paid,Credit Card,2026-06-24,2026-06-29,Not Requested
INV-002892,CUST-00557,Starter,388.3,USD,Paid,Credit Card,2026-07-24,2026-07-26,Not Requested
INV-002893,CUST-00558,Starter,6349.85,USD,Pending,Credit Card,2025-08-28,,Not Requested
INV-002894,CUST-00560,Starter,169.93,USD,Paid,Credit Card,2026-01-22,2026-01-24,Not Requested
INV-002895,CUST-00560,Starter,169.93,USD,Pending,Credit Card,2026-02-21,,Not Requested
INV-002896,CUST-00560,Starter,169.93,USD,Paid,Credit Card,2026-03-23,2026-03-25,Not Requested
INV-002897,CUST-00560,Starter,169.93,USD,Paid,Credit Card,2026-04-22,2026-04-22,Not Requested
INV-002898,CUST-00560,Starter,169.93,USD,Paid,Credit Card,2026-05-22,2026-05-25,Not Requested
INV-002899,CUST-00560,Starter,169.93,USD,Paid,Credit Card,2026-06-21,2026-06-25,Not Requested
INV-002900,CUST-00560,Starter,169.93,USD,Paid,Credit Card,2026-07-21,2026-07-22,Not Requested
INV-002901,CUST-00561,Professional,21820.25,GBP,Paid,Credit Card,2026-06-06,2026-06-06,Not Requested
INV-002902,CUST-00562,Starter,144.43,CAD,Paid,Credit Card,2025-08-28,2025-08-31,Not Requested
INV-002903,CUST-00562,Starter,144.43,CAD,Paid,Credit Card,2025-09-27,2025-09-30,Not Requested
INV-002904,CUST-00562,Starter,144.43,CAD,Paid,Credit Card,2025-10-27,2025-11-01,Not Requested
INV-002905,CUST-00562,Starter,144.43,CAD,Paid,Credit Card,2025-11-26,2025-11-26,Not Requested
INV-002906,CUST-00562,Starter,144.43,CAD,Paid,Credit Card,2025-12-26,2026-01-02,Not Requested
INV-002907,CUST-00562,Starter,144.43,CAD,Paid,Credit Card,2026-01-25,2026-01-27,Not Requested
INV-002908,CUST-00562,Starter,144.43,CAD,Failed,Credit Card,2026-02-24,,Not Requested
INV-002909,CUST-00562,Starter,144.43,CAD,Paid,Credit Card,2026-03-26,2026-03-28,Not Requested
INV-002910,CUST-00562,Starter,144.43,CAD,Paid,Credit Card,2026-04-25,2026-04-25,Not Requested
INV-002911,CUST-00562,Starter,144.43,CAD,Paid,Credit Card,2026-05-25,2026-05-25,Not Requested
INV-002912,CUST-00562,Starter,144.43,CAD,Paid,Credit Card,2026-06-24,2026-06-29,Not Requested
INV-002913,CUST-00562,Starter,144.43,CAD,Failed,Credit Card,2026-07-24,,Requested
INV-002914,CUST-00563,Enterprise,1081034.52,EUR,Paid,Wire Transfer,2025-08-28,2025-08-29,Not Requested
INV-002915,CUST-00564,Professional,6343.9,USD,Paid,Credit Card,2025-08-28,2025-09-02,Not Requested
INV-002916,CUST-00564,Professional,6343.9,USD,Paid,Credit Card,2025-09-27,2025-09-30,Not Requested
INV-002917,CUST-00564,Professional,6343.9,USD,Paid,Credit Card,2025-10-27,2025-10-27,Not Requested
INV-002918,CUST-00564,Professional,6343.9,USD,Refunded,Credit Card,2025-11-26,2025-11-27,Requested
INV-002919,CUST-00564,Professional,6343.9,USD,Paid,ACH Bank Transfer,2025-12-26,2025-12-28,Not Requested
INV-002920,CUST-00564,Professional,6343.9,USD,Paid,Credit Card,2026-01-25,2026-01-28,Not Requested
INV-002921,CUST-00564,Professional,6343.9,USD,Paid,Credit Card,2026-02-24,2026-02-26,Not Requested
INV-002922,CUST-00564,Professional,6343.9,USD,Paid,ACH Bank Transfer,2026-03-26,2026-03-26,Not Requested
INV-002923,CUST-00564,Professional,6343.9,USD,Paid,ACH Bank Transfer,2026-04-25,2026-04-26,Not Requested
INV-002924,CUST-00564,Professional,6343.9,USD,Paid,Credit Card,2026-05-25,2026-05-30,Not Requested
INV-002925,CUST-00564,Professional,6343.9,USD,Paid,PayPal,2026-06-24,2026-06-29,Not Requested
INV-002926,CUST-00564,Professional,6343.9,USD,Paid,Credit Card,2026-07-24,2026-07-24,Not Requested
INV-002927,CUST-00565,Starter,486.67,USD,Paid,Credit Card,2025-08-28,2025-08-28,Not Requested
INV-002928,CUST-00565,Starter,486.67,USD,Paid,Credit Card,2025-09-27,2025-09-27,Not Requested
INV-002929,CUST-00565,Starter,486.67,USD,Paid,Credit Card,2025-10-27,2025-10-28,Not Requested
INV-002930,CUST-00565,Starter,486.67,USD,Paid,Credit Card,2025-11-26,2025-11-27,Not Requested
INV-002931,CUST-00565,Starter,486.67,USD,Paid,Credit Card,2025-12-26,2025-12-27,Not Requested
INV-002932,CUST-00565,Starter,486.67,USD,Paid,Credit Card,2026-01-25,2026-01-28,Not Requested
INV-002933,CUST-00565,Starter,486.67,USD,Paid,Credit Card,2026-02-24,2026-02-28,Not Requested
INV-002934,CUST-00565,Starter,486.67,USD,Paid,Credit Card,2026-03-26,2026-03-28,Not Requested
INV-002935,CUST-00565,Starter,486.67,USD,Paid,Credit Card,2026-04-25,2026-04-25,Not Requested
INV-002936,CUST-00565,Starter,486.67,USD,Paid,Credit Card,2026-05-25,2026-05-25,Not Requested
INV-002937,CUST-00565,Starter,486.67,USD,Paid,Credit Card,2026-06-24,2026-07-02,Not Requested
INV-002938,CUST-00565,Starter,486.67,USD,Paid,Credit Card,2026-07-24,2026-07-25,Not Requested
INV-002939,CUST-00566,Professional,2371.32,USD,Paid,Credit Card,2025-08-28,2025-09-03,Not Requested
INV-002940,CUST-00566,Professional,2371.32,USD,Paid,Credit Card,2025-09-27,2025-09-28,Not Requested
INV-002941,CUST-00566,Professional,2371.32,USD,Paid,Credit Card,2025-10-27,2025-10-29,Not Requested
INV-002942,CUST-00566,Professional,2371.32,USD,Paid,Credit Card,2025-11-26,2025-11-26,Not Requested
INV-002943,CUST-00566,Professional,2371.32,USD,Paid,Credit Card,2025-12-26,2025-12-28,Not Requested
INV-002944,CUST-00566,Professional,2371.32,USD,Paid,Credit Card,2026-01-25,2026-01-28,Not Requested
INV-002945,CUST-00566,Professional,2371.32,USD,Paid,Credit Card,2026-02-24,2026-03-01,Not Requested
INV-002946,CUST-00566,Professional,2371.32,USD,Paid,Credit Card,2026-03-26,2026-03-28,Not Requested
INV-002947,CUST-00566,Professional,2371.32,USD,Paid,Credit Card,2026-04-25,2026-05-01,Not Requested
INV-002948,CUST-00566,Professional,2371.32,USD,Paid,Credit Card,2026-05-25,2026-05-28,Not Requested
INV-002949,CUST-00566,Professional,2371.32,USD,Paid,ACH Bank Transfer,2026-06-24,2026-06-30,Not Requested
INV-002950,CUST-00566,Professional,2371.32,USD,Refunded,Credit Card,2026-07-24,2026-07-31,Denied
INV-002951,CUST-00567,Starter,6255.21,EUR,Pending,Credit Card,2025-08-28,,Not Requested
INV-002952,CUST-00568,Professional,90032.57,USD,Paid,Credit Card,2025-08-28,2025-08-28,Not Requested
INV-002953,CUST-00569,Starter,108.85,USD,Paid,Credit Card,2025-08-28,2025-08-31,Not Requested
INV-002954,CUST-00569,Starter,108.85,USD,Paid,Credit Card,2025-09-27,2025-09-28,Not Requested
INV-002955,CUST-00569,Starter,108.85,USD,Paid,PayPal,2025-10-27,2025-11-01,Not Requested
INV-002956,CUST-00569,Starter,108.85,USD,Paid,Credit Card,2025-11-26,2025-11-27,Not Requested
INV-002957,CUST-00569,Starter,108.85,USD,Paid,Credit Card,2025-12-26,2025-12-28,Not Requested
INV-002958,CUST-00569,Starter,108.85,USD,Paid,Credit Card,2026-01-25,2026-01-26,Not Requested
INV-002959,CUST-00569,Starter,108.85,USD,Failed,Credit Card,2026-02-24,,Not Requested
INV-002960,CUST-00569,Starter,108.85,USD,Paid,Credit Card,2026-03-26,2026-03-26,Not Requested
INV-002961,CUST-00569,Starter,108.85,USD,Paid,Credit Card,2026-04-25,2026-04-30,Not Requested
INV-002962,CUST-00569,Starter,108.85,USD,Paid,Credit Card,2026-05-25,2026-05-29,Not Requested
INV-002963,CUST-00569,Starter,108.85,USD,Paid,Credit Card,2026-06-24,2026-06-29,Not Requested
INV-002964,CUST-00569,Starter,108.85,USD,Paid,Credit Card,2026-07-24,2026-07-24,Not Requested
INV-002965,CUST-00570,Starter,560.44,USD,Paid,PayPal,2025-08-28,2025-08-28,Not Requested
INV-002966,CUST-00570,Starter,560.44,USD,Pending,Credit Card,2025-09-27,,Not Requested
INV-002967,CUST-00570,Starter,560.44,USD,Paid,PayPal,2025-10-27,2025-10-27,Not Requested
INV-002968,CUST-00570,Starter,560.44,USD,Paid,Credit Card,2025-11-26,2025-11-27,Not Requested
INV-002969,CUST-00570,Starter,560.44,USD,Paid,PayPal,2025-12-26,2025-12-29,Not Requested
INV-002970,CUST-00570,Starter,560.44,USD,Paid,Credit Card,2026-01-25,2026-01-25,Not Requested
INV-002971,CUST-00570,Starter,560.44,USD,Paid,Credit Card,2026-02-24,2026-02-27,Not Requested
INV-002972,CUST-00570,Starter,560.44,USD,Paid,Credit Card,2026-03-26,2026-03-29,Not Requested
INV-002973,CUST-00570,Starter,560.44,USD,Paid,Credit Card,2026-04-25,2026-04-25,Not Requested
INV-002974,CUST-00570,Starter,560.44,USD,Paid,Credit Card,2026-05-25,2026-05-25,Not Requested
INV-002975,CUST-00570,Starter,560.44,USD,Paid,Credit Card,2026-06-24,2026-06-24,Not Requested
INV-002976,CUST-00570,Starter,560.44,USD,Paid,Credit Card,2026-07-24,2026-07-24,Not Requested
INV-002977,CUST-00571,Enterprise,904099.72,USD,Paid,Credit Card,2025-08-28,2025-08-28,Not Requested
INV-002978,CUST-00572,Starter,210.38,USD,Paid,Credit Card,2025-08-28,2025-09-04,Not Requested
INV-002979,CUST-00572,Starter,210.38,USD,Paid,Credit Card,2025-09-27,2025-09-28,Not Requested
INV-002980,CUST-00572,Starter,210.38,USD,Paid,PayPal,2025-10-27,2025-10-28,Not Requested
INV-002981,CUST-00572,Starter,210.38,USD,Paid,Credit Card,2025-11-26,2025-11-26,Not Requested
INV-002982,CUST-00572,Starter,210.38,USD,Paid,PayPal,2025-12-26,2025-12-28,Not Requested
INV-002983,CUST-00572,Starter,210.38,USD,Paid,PayPal,2026-01-25,2026-01-29,Not Requested
INV-002984,CUST-00572,Starter,210.38,USD,Paid,Credit Card,2026-02-24,2026-03-03,Not Requested
INV-002985,CUST-00572,Starter,210.38,USD,Paid,Credit Card,2026-03-26,2026-03-29,Not Requested
INV-002986,CUST-00572,Starter,210.38,USD,Paid,Credit Card,2026-04-25,2026-04-26,Not Requested
INV-002987,CUST-00572,Starter,210.38,USD,Paid,Credit Card,2026-05-25,2026-05-25,Not Requested
INV-002988,CUST-00572,Starter,210.38,USD,Paid,Credit Card,2026-06-24,2026-06-28,Not Requested
INV-002989,CUST-00572,Starter,210.38,USD,Paid,Credit Card,2026-07-24,2026-07-28,Not Requested
INV-002990,CUST-00573,Professional,22867.99,CAD,Paid,Credit Card,2025-08-28,2025-09-01,Not Requested
INV-002991,CUST-00574,Starter,659.49,USD,Paid,PayPal,2025-08-28,2025-09-01,Not Requested
INV-002992,CUST-00574,Starter,659.49,USD,Paid,Credit Card,2025-09-27,2025-09-27,Not Requested
INV-002993,CUST-00574,Starter,659.49,USD,Paid,Credit Card,2025-10-27,2025-10-29,Not Requested
INV-002994,CUST-00574,Starter,659.49,USD,Paid,Credit Card,2025-11-26,2025-11-28,Not Requested
INV-002995,CUST-00574,Starter,659.49,USD,Paid,ACH Bank Transfer,2025-12-26,2025-12-26,Not Requested
INV-002996,CUST-00574,Starter,659.49,USD,Paid,Credit Card,2026-01-25,2026-01-25,Not Requested
INV-002997,CUST-00574,Starter,659.49,USD,Paid,Credit Card,2026-02-24,2026-02-25,Not Requested
INV-002998,CUST-00574,Starter,659.49,USD,Paid,Credit Card,2026-03-26,2026-03-30,Not Requested
INV-002999,CUST-00574,Starter,659.49,USD,Paid,Credit Card,2026-04-25,2026-04-25,Not Requested
INV-003000,CUST-00574,Starter,659.49,USD,Paid,Credit Card,2026-05-25,2026-05-28,Not Requested
INV-003001,CUST-00574,Starter,659.49,USD,Paid,Credit Card,2026-06-24,2026-06-24,Not Requested
INV-003002,CUST-00574,Starter,659.49,USD,Paid,Credit Card,2026-07-24,2026-07-25,Not Requested
INV-003003,CUST-00575,Professional,120585.86,USD,Failed,PayPal,2025-08-28,,Not Requested
INV-003004,CUST-00576,Starter,241.2,USD,Paid,Credit Card,2025-08-28,2025-08-31,Not Requested
INV-003005,CUST-00576,Starter,241.2,USD,Refunded,Credit Card,2025-09-27,2025-09-29,Denied
INV-003006,CUST-00576,Starter,241.2,USD,Paid,Credit Card,2025-10-27,2025-10-28,Not Requested
INV-003007,CUST-00576,Starter,241.2,USD,Paid,Credit Card,2025-11-26,2025-11-29,Not Requested
INV-003008,CUST-00576,Starter,241.2,USD,Paid,Credit Card,2025-12-26,2025-12-27,Not Requested
INV-003009,CUST-00576,Starter,241.2,USD,Paid,Credit Card,2026-01-25,2026-02-03,Not Requested
INV-003010,CUST-00576,Starter,241.2,USD,Paid,Credit Card,2026-02-24,2026-02-24,Not Requested
INV-003011,CUST-00576,Starter,241.2,USD,Paid,Credit Card,2026-03-26,2026-04-01,Not Requested
INV-003012,CUST-00576,Starter,241.2,USD,Paid,PayPal,2026-04-25,2026-04-30,Not Requested
INV-003013,CUST-00576,Starter,241.2,USD,Paid,Credit Card,2026-05-25,2026-06-01,Not Requested
INV-003014,CUST-00576,Starter,241.2,USD,Paid,PayPal,2026-06-24,2026-06-26,Not Requested
INV-003015,CUST-00576,Starter,241.2,USD,Paid,Credit Card,2026-07-24,2026-07-26,Not Requested
INV-003016,CUST-00577,Enterprise,343562.25,USD,Paid,Credit Card,2025-08-28,2025-08-29,Not Requested
INV-003017,CUST-00578,Starter,152.13,USD,Paid,ACH Bank Transfer,2025-08-28,2025-08-30,Not Requested
INV-003018,CUST-00578,Starter,152.13,USD,Paid,Credit Card,2025-09-27,2025-09-29,Not Requested
INV-003019,CUST-00578,Starter,152.13,USD,Paid,Credit Card,2025-10-27,2025-10-31,Not Requested
INV-003020,CUST-00578,Starter,152.13,USD,Paid,Credit Card,2025-11-26,2025-11-26,Not Requested
INV-003021,CUST-00578,Starter,152.13,USD,Paid,Credit Card,2025-12-26,2025-12-27,Not Requested
INV-003022,CUST-00578,Starter,152.13,USD,Paid,Credit Card,2026-01-25,2026-01-30,Not Requested
INV-003023,CUST-00578,Starter,152.13,USD,Paid,Credit Card,2026-02-24,2026-03-02,Not Requested
INV-003024,CUST-00578,Starter,152.13,USD,Paid,Credit Card,2026-03-26,2026-03-27,Not Requested
INV-003025,CUST-00578,Starter,152.13,USD,Paid,Credit Card,2026-04-25,2026-04-29,Not Requested
INV-003026,CUST-00578,Starter,152.13,USD,Paid,Credit Card,2026-05-25,2026-05-25,Not Requested
INV-003027,CUST-00578,Starter,152.13,USD,Paid,Credit Card,2026-06-24,2026-06-26,Not Requested
INV-003028,CUST-00578,Starter,152.13,USD,Paid,Credit Card,2026-07-24,2026-07-31,Not Requested
INV-003029,CUST-00580,Starter,529.71,USD,Paid,Credit Card,2025-08-28,2025-08-28,Not Requested
INV-003030,CUST-00580,Starter,529.71,USD,Refunded,PayPal,2025-09-27,2025-09-28,Approved - Refunded
INV-003031,CUST-00580,Starter,529.71,USD,Paid,Credit Card,2025-10-27,2025-10-28,Not Requested
INV-003032,CUST-00580,Starter,529.71,USD,Paid,Credit Card,2025-11-26,2025-11-30,Not Requested
INV-003033,CUST-00580,Starter,529.71,USD,Paid,Credit Card,2025-12-26,2025-12-27,Not Requested
INV-003034,CUST-00580,Starter,529.71,USD,Paid,PayPal,2026-01-25,2026-01-28,Not Requested
INV-003035,CUST-00580,Starter,529.71,USD,Paid,Credit Card,2026-02-24,2026-02-27,Not Requested
INV-003036,CUST-00580,Starter,529.71,USD,Failed,PayPal,2026-03-26,,Not Requested
INV-003037,CUST-00580,Starter,529.71,USD,Paid,Credit Card,2026-04-25,2026-04-28,Not Requested
INV-003038,CUST-00580,Starter,529.71,USD,Paid,Credit Card,2026-05-25,2026-05-26,Not Requested
INV-003039,CUST-00580,Starter,529.71,USD,Paid,Credit Card,2026-06-24,2026-06-29,Not Requested
INV-003040,CUST-00580,Starter,529.71,USD,Paid,Credit Card,2026-07-24,2026-07-28,Not Requested
INV-003041,CUST-00581,Professional,103351.48,USD,Paid,ACH Bank Transfer,2025-08-28,2025-08-31,Not Requested
INV-003042,CUST-00583,Professional,66954.6,USD,Paid,Credit Card,2025-08-28,2025-08-31,Not Requested
INV-003043,CUST-00584,Starter,170.1,USD,Paid,Credit Card,2025-08-28,2025-08-28,Not Requested
INV-003044,CUST-00584,Starter,170.1,USD,Paid,Credit Card,2025-09-27,2025-09-29,Not Requested
INV-003045,CUST-00584,Starter,170.1,USD,Paid,Credit Card,2025-10-27,2025-10-30,Not Requested
INV-003046,CUST-00584,Starter,170.1,USD,Paid,Credit Card,2025-11-26,2025-11-28,Not Requested
INV-003047,CUST-00584,Starter,170.1,USD,Paid,Credit Card,2025-12-26,2025-12-27,Not Requested
INV-003048,CUST-00584,Starter,170.1,USD,Paid,PayPal,2026-01-25,2026-01-29,Not Requested
INV-003049,CUST-00584,Starter,170.1,USD,Paid,Credit Card,2026-02-24,2026-02-24,Not Requested
INV-003050,CUST-00584,Starter,170.1,USD,Paid,Credit Card,2026-03-26,2026-03-31,Not Requested
INV-003051,CUST-00584,Starter,170.1,USD,Paid,Credit Card,2026-04-25,2026-04-28,Not Requested
INV-003052,CUST-00584,Starter,170.1,USD,Paid,Credit Card,2026-05-25,2026-05-26,Not Requested
INV-003053,CUST-00584,Starter,170.1,USD,Paid,Credit Card,2026-06-24,2026-06-26,Not Requested
INV-003054,CUST-00584,Starter,170.1,USD,Paid,Credit Card,2026-07-24,2026-07-29,Not Requested
INV-003055,CUST-00585,Starter,202.87,USD,Paid,Credit Card,2025-08-28,2025-08-31,Not Requested
INV-003056,CUST-00585,Starter,202.87,USD,Paid,Credit Card,2025-09-27,2025-09-27,Not Requested
INV-003057,CUST-00585,Starter,202.87,USD,Paid,Credit Card,2025-10-27,2025-10-29,Not Requested
INV-003058,CUST-00585,Starter,202.87,USD,Paid,Credit Card,2025-11-26,2025-11-27,Not Requested
INV-003059,CUST-00585,Starter,202.87,USD,Paid,Credit Card,2025-12-26,2025-12-28,Not Requested
INV-003060,CUST-00585,Starter,202.87,USD,Paid,Credit Card,2026-01-25,2026-01-26,Not Requested
INV-003061,CUST-00585,Starter,202.87,USD,Paid,Credit Card,2026-02-24,2026-02-24,Not Requested
INV-003062,CUST-00585,Starter,202.87,USD,Paid,Credit Card,2026-03-26,2026-03-26,Not Requested
INV-003063,CUST-00585,Starter,202.87,USD,Paid,Credit Card,2026-04-25,2026-04-27,Not Requested
INV-003064,CUST-00585,Starter,202.87,USD,Paid,Credit Card,2026-05-25,2026-05-26,Not Requested
INV-003065,CUST-00585,Starter,202.87,USD,Failed,Credit Card,2026-06-24,,Not Requested
INV-003066,CUST-00585,Starter,202.87,USD,Paid,Credit Card,2026-07-24,2026-07-30,Not Requested
INV-003067,CUST-00586,Starter,4205.99,EUR,Paid,Credit Card,2025-08-28,2025-08-29,Not Requested
INV-003068,CUST-00587,Professional,58044.95,USD,Pending,Credit Card,2025-08-28,,Not Requested
INV-003069,CUST-00588,Professional,3207.74,USD,Paid,ACH Bank Transfer,2026-01-05,2026-01-10,Not Requested
INV-003070,CUST-00588,Professional,3207.74,USD,Paid,Credit Card,2026-02-04,2026-02-06,Not Requested
INV-003071,CUST-00588,Professional,3207.74,USD,Paid,Credit Card,2026-03-06,2026-03-08,Not Requested
INV-003072,CUST-00588,Professional,3207.74,USD,Paid,Credit Card,2026-04-05,2026-04-06,Not Requested
INV-003073,CUST-00588,Professional,3207.74,USD,Paid,Credit Card,2026-05-05,2026-05-05,Not Requested
INV-003074,CUST-00588,Professional,3207.74,USD,Failed,PayPal,2026-06-04,,Not Requested
INV-003075,CUST-00588,Professional,3207.74,USD,Paid,Credit Card,2026-07-04,2026-07-04,Not Requested
INV-003076,CUST-00588,Professional,3207.74,USD,Paid,ACH Bank Transfer,2026-08-03,2026-08-07,Not Requested
INV-003077,CUST-00589,Enterprise,337905.92,EUR,Paid,ACH Bank Transfer,2026-06-04,2026-06-08,Not Requested
INV-003078,CUST-00590,Professional,27223.44,USD,Paid,PayPal,2025-08-28,2025-08-31,Not Requested
INV-003079,CUST-00591,Enterprise,395855.24,EUR,Paid,Wire Transfer,2025-08-28,2025-09-03,Not Requested
INV-003080,CUST-00592,Professional,3707.77,CAD,Paid,Credit Card,2025-08-28,2025-09-01,Not Requested
INV-003081,CUST-00592,Professional,3707.77,CAD,Paid,PayPal,2025-09-27,2025-09-27,Not Requested
INV-003082,CUST-00592,Professional,3707.77,CAD,Paid,Credit Card,2025-10-27,2025-10-30,Not Requested
INV-003083,CUST-00592,Professional,3707.77,CAD,Paid,ACH Bank Transfer,2025-11-26,2025-11-28,Not Requested
INV-003084,CUST-00592,Professional,3707.77,CAD,Paid,Credit Card,2025-12-26,2025-12-28,Not Requested
INV-003085,CUST-00592,Professional,3707.77,CAD,Paid,ACH Bank Transfer,2026-01-25,2026-01-27,Not Requested
INV-003086,CUST-00592,Professional,3707.77,CAD,Paid,Credit Card,2026-02-24,2026-02-25,Not Requested
INV-003087,CUST-00592,Professional,3707.77,CAD,Paid,PayPal,2026-03-26,2026-03-30,Not Requested
INV-003088,CUST-00592,Professional,3707.77,CAD,Pending,Credit Card,2026-04-25,,Not Requested
INV-003089,CUST-00592,Professional,3707.77,CAD,Paid,ACH Bank Transfer,2026-05-25,2026-05-27,Not Requested
INV-003090,CUST-00592,Professional,3707.77,CAD,Paid,Credit Card,2026-06-24,2026-06-24,Not Requested
INV-003091,CUST-00592,Professional,3707.77,CAD,Paid,Credit Card,2026-07-24,2026-07-27,Not Requested
INV-003092,CUST-00595,Enterprise,786486.51,USD,Paid,ACH Bank Transfer,2025-08-28,2025-08-28,Not Requested
INV-003093,CUST-00596,Starter,391.27,USD,Paid,Credit Card,2025-09-13,2025-09-16,Not Requested
INV-003094,CUST-00596,Starter,391.27,USD,Paid,Credit Card,2025-10-13,2025-10-14,Not Requested
INV-003095,CUST-00596,Starter,391.27,USD,Paid,Credit Card,2025-11-12,2025-11-13,Not Requested
INV-003096,CUST-00596,Starter,391.27,USD,Paid,Credit Card,2025-12-12,2025-12-13,Not Requested
INV-003097,CUST-00596,Starter,391.27,USD,Paid,Credit Card,2026-01-11,2026-01-13,Not Requested
INV-003098,CUST-00596,Starter,391.27,USD,Paid,Credit Card,2026-02-10,2026-02-12,Not Requested
INV-003099,CUST-00596,Starter,391.27,USD,Paid,Credit Card,2026-03-12,2026-03-16,Not Requested
INV-003100,CUST-00596,Starter,391.27,USD,Paid,Credit Card,2026-04-11,2026-04-16,Not Requested
INV-003101,CUST-00596,Starter,391.27,USD,Paid,Credit Card,2026-05-11,2026-05-14,Not Requested
INV-003102,CUST-00596,Starter,391.27,USD,Paid,Credit Card,2026-06-10,2026-06-11,Not Requested
INV-003103,CUST-00596,Starter,391.27,USD,Paid,Credit Card,2026-07-10,2026-07-15,Not Requested
INV-003104,CUST-00597,Enterprise,1249251.6,CAD,Paid,ACH Bank Transfer,2025-08-28,2025-08-28,Not Requested
INV-003105,CUST-00598,Starter,4794.88,USD,Failed,Credit Card,2025-08-28,,Not Requested
INV-003106,CUST-00599,Professional,58356.59,USD,Paid,PayPal,2025-08-28,2025-08-29,Not Requested
INV-003107,CUST-00601,Enterprise,2225510.88,USD,Paid,ACH Bank Transfer,2025-08-28,2025-09-02,Not Requested
INV-003108,CUST-00603,Enterprise,1565768.46,USD,Failed,ACH Bank Transfer,2025-08-28,,Not Requested
INV-003109,CUST-00604,Professional,77261.29,USD,Paid,Credit Card,2025-08-28,2025-08-29,Not Requested
INV-003110,CUST-00605,Professional,660.4,EUR,Paid,Credit Card,2025-08-28,2025-08-30,Not Requested
INV-003111,CUST-00605,Professional,660.4,EUR,Paid,PayPal,2025-09-27,2025-09-28,Not Requested
INV-003112,CUST-00605,Professional,660.4,EUR,Paid,Credit Card,2025-10-27,2025-10-28,Not Requested
INV-003113,CUST-00605,Professional,660.4,EUR,Paid,Credit Card,2025-11-26,2025-11-26,Not Requested
INV-003114,CUST-00605,Professional,660.4,EUR,Paid,Credit Card,2025-12-26,2025-12-31,Not Requested
INV-003115,CUST-00605,Professional,660.4,EUR,Paid,Credit Card,2026-01-25,2026-01-25,Not Requested
INV-003116,CUST-00605,Professional,660.4,EUR,Paid,PayPal,2026-02-24,2026-02-24,Not Requested
INV-003117,CUST-00605,Professional,660.4,EUR,Paid,Credit Card,2026-03-26,2026-03-28,Not Requested
INV-003118,CUST-00605,Professional,660.4,EUR,Paid,ACH Bank Transfer,2026-04-25,2026-04-27,Not Requested
INV-003119,CUST-00605,Professional,660.4,EUR,Paid,ACH Bank Transfer,2026-05-25,2026-05-30,Not Requested
INV-003120,CUST-00605,Professional,660.4,EUR,Refunded,Credit Card,2026-06-24,2026-06-27,Approved - Refunded
INV-003121,CUST-00605,Professional,660.4,EUR,Paid,Credit Card,2026-07-24,2026-07-26,Not Requested
INV-003122,CUST-00606,Starter,549.06,USD,Paid,Credit Card,2025-08-28,2025-08-28,Not Requested
INV-003123,CUST-00606,Starter,549.06,USD,Paid,Credit Card,2025-09-27,2025-09-28,Not Requested
INV-003124,CUST-00606,Starter,549.06,USD,Paid,Credit Card,2025-10-27,2025-10-31,Not Requested
INV-003125,CUST-00606,Starter,549.06,USD,Pending,Credit Card,2025-11-26,,Not Requested
INV-003126,CUST-00606,Starter,549.06,USD,Paid,Credit Card,2025-12-26,2025-12-26,Not Requested
INV-003127,CUST-00606,Starter,549.06,USD,Paid,Credit Card,2026-01-25,2026-01-27,Not Requested
INV-003128,CUST-00606,Starter,549.06,USD,Paid,Credit Card,2026-02-24,2026-02-25,Not Requested
INV-003129,CUST-00606,Starter,549.06,USD,Paid,Credit Card,2026-03-26,2026-03-31,Not Requested
INV-003130,CUST-00606,Starter,549.06,USD,Paid,Credit Card,2026-04-25,2026-04-29,Not Requested
INV-003131,CUST-00606,Starter,549.06,USD,Paid,Credit Card,2026-05-25,2026-05-26,Not Requested
INV-003132,CUST-00606,Starter,549.06,USD,Paid,Credit Card,2026-06-24,2026-06-27,Not Requested
INV-003133,CUST-00606,Starter,549.06,USD,Paid,Credit Card,2026-07-24,2026-07-24,Not Requested
INV-003134,CUST-00607,Professional,56804.14,USD,Paid,Credit Card,2025-08-28,2025-08-31,Not Requested
INV-003135,CUST-00608,Starter,2427.18,USD,Paid,PayPal,2025-08-28,2025-09-01,Not Requested
INV-003136,CUST-00609,Enterprise,704855.89,USD,Paid,Wire Transfer,2025-08-28,2025-08-29,Not Requested
INV-003137,CUST-00610,Professional,71021.4,USD,Paid,Credit Card,2025-08-28,2025-08-30,Not Requested
INV-003138,CUST-00611,Starter,570.28,USD,Paid,Credit Card,2025-08-28,2025-08-30,Not Requested
INV-003139,CUST-00611,Starter,570.28,USD,Paid,Credit Card,2025-09-27,2025-09-28,Not Requested
INV-003140,CUST-00611,Starter,570.28,USD,Paid,Credit Card,2025-10-27,2025-10-27,Not Requested
INV-003141,CUST-00611,Starter,570.28,USD,Paid,ACH Bank Transfer,2025-11-26,2025-11-27,Not Requested
INV-003142,CUST-00611,Starter,570.28,USD,Paid,Credit Card,2025-12-26,2025-12-28,Not Requested
INV-003143,CUST-00611,Starter,570.28,USD,Paid,Credit Card,2026-01-25,2026-01-29,Not Requested
INV-003144,CUST-00611,Starter,570.28,USD,Paid,Credit Card,2026-02-24,2026-02-24,Not Requested
INV-003145,CUST-00611,Starter,570.28,USD,Paid,ACH Bank Transfer,2026-03-26,2026-03-26,Not Requested
INV-003146,CUST-00611,Starter,570.28,USD,Paid,Credit Card,2026-04-25,2026-04-29,Not Requested
INV-003147,CUST-00611,Starter,570.28,USD,Paid,Credit Card,2026-05-25,2026-05-27,Not Requested
INV-003148,CUST-00611,Starter,570.28,USD,Paid,PayPal,2026-06-24,2026-06-24,Not Requested
INV-003149,CUST-00611,Starter,570.28,USD,Paid,Credit Card,2026-07-24,2026-07-26,Not Requested
INV-003150,CUST-00612,Professional,102120.02,USD,Paid,Credit Card,2025-08-28,2025-08-31,Not Requested
INV-003151,CUST-00613,Starter,5650.67,USD,Refunded,Credit Card,2025-08-28,2025-08-29,Approved - Refunded
INV-003152,CUST-00614,Professional,126324.35,CAD,Paid,Credit Card,2025-08-28,2025-08-30,Not Requested
INV-003153,CUST-00615,Professional,6442.84,USD,Paid,Credit Card,2025-08-28,2025-08-30,Not Requested
INV-003154,CUST-00615,Professional,6442.84,USD,Paid,Credit Card,2025-09-27,2025-09-27,Not Requested
INV-003155,CUST-00615,Professional,6442.84,USD,Paid,Credit Card,2025-10-27,2025-10-30,Not Requested
INV-003156,CUST-00615,Professional,6442.84,USD,Paid,ACH Bank Transfer,2025-11-26,2025-11-27,Not Requested
INV-003157,CUST-00615,Professional,6442.84,USD,Paid,Credit Card,2025-12-26,2025-12-27,Not Requested
INV-003158,CUST-00615,Professional,6442.84,USD,Paid,ACH Bank Transfer,2026-01-25,2026-02-01,Not Requested
INV-003159,CUST-00615,Professional,6442.84,USD,Paid,Credit Card,2026-02-24,2026-02-27,Not Requested
INV-003160,CUST-00615,Professional,6442.84,USD,Paid,ACH Bank Transfer,2026-03-26,2026-03-30,Not Requested
INV-003161,CUST-00615,Professional,6442.84,USD,Paid,ACH Bank Transfer,2026-04-25,2026-04-27,Not Requested
INV-003162,CUST-00615,Professional,6442.84,USD,Paid,Credit Card,2026-05-25,2026-05-25,Not Requested
INV-003163,CUST-00615,Professional,6442.84,USD,Paid,Credit Card,2026-06-24,2026-06-25,Not Requested
INV-003164,CUST-00615,Professional,6442.84,USD,Paid,ACH Bank Transfer,2026-07-24,2026-07-26,Not Requested
INV-003165,CUST-00617,Professional,18140.28,USD,Failed,Credit Card,2025-08-28,,Not Requested
INV-003166,CUST-00618,Starter,4201.94,USD,Paid,Credit Card,2026-03-29,2026-03-30,Not Requested
INV-003167,CUST-00620,Professional,28836.8,USD,Paid,Credit Card,2025-08-28,2025-08-31,Not Requested
INV-003168,CUST-00621,Starter,6942.19,USD,Paid,Credit Card,2025-08-28,2025-08-28,Not Requested
INV-003169,CUST-00622,Enterprise,466238.1,USD,Paid,Wire Transfer,2025-08-28,2025-08-30,Not Requested
INV-003170,CUST-00623,Professional,56744.43,USD,Paid,Credit Card,2025-08-28,2025-08-28,Not Requested
INV-003171,CUST-00624,Professional,36148.47,EUR,Paid,ACH Bank Transfer,2025-08-28,2025-08-28,Not Requested
INV-003172,CUST-00625,Professional,8058.0,USD,Paid,Credit Card,2025-08-28,2025-08-31,Not Requested
INV-003173,CUST-00625,Professional,8058.0,USD,Paid,ACH Bank Transfer,2025-09-27,2025-09-29,Not Requested
INV-003174,CUST-00625,Professional,8058.0,USD,Paid,Credit Card,2025-10-27,2025-10-31,Not Requested
INV-003175,CUST-00625,Professional,8058.0,USD,Pending,Credit Card,2025-11-26,,Not Requested
INV-003176,CUST-00625,Professional,8058.0,USD,Paid,Credit Card,2025-12-26,2025-12-30,Not Requested
INV-003177,CUST-00625,Professional,8058.0,USD,Paid,Credit Card,2026-01-25,2026-01-28,Not Requested
INV-003178,CUST-00625,Professional,8058.0,USD,Paid,Credit Card,2026-02-24,2026-02-25,Not Requested
INV-003179,CUST-00625,Professional,8058.0,USD,Paid,ACH Bank Transfer,2026-03-26,2026-03-29,Not Requested
INV-003180,CUST-00625,Professional,8058.0,USD,Paid,ACH Bank Transfer,2026-04-25,2026-04-26,Not Requested
INV-003181,CUST-00625,Professional,8058.0,USD,Paid,Credit Card,2026-05-25,2026-05-27,Not Requested
INV-003182,CUST-00625,Professional,8058.0,USD,Paid,ACH Bank Transfer,2026-06-24,2026-06-26,Not Requested
INV-003183,CUST-00625,Professional,8058.0,USD,Paid,Credit Card,2026-07-24,2026-07-24,Not Requested
INV-003184,CUST-00626,Starter,79.14,USD,Paid,PayPal,2025-08-28,2025-08-28,Not Requested
INV-003185,CUST-00626,Starter,79.14,USD,Paid,Credit Card,2025-09-27,2025-09-30,Not Requested
INV-003186,CUST-00626,Starter,79.14,USD,Paid,Credit Card,2025-10-27,2025-10-27,Not Requested
INV-003187,CUST-00626,Starter,79.14,USD,Failed,Credit Card,2025-11-26,,Not Requested
INV-003188,CUST-00626,Starter,79.14,USD,Paid,Credit Card,2025-12-26,2025-12-26,Not Requested
INV-003189,CUST-00626,Starter,79.14,USD,Paid,Credit Card,2026-01-25,2026-01-25,Not Requested
INV-003190,CUST-00626,Starter,79.14,USD,Paid,Credit Card,2026-02-24,2026-02-26,Not Requested
INV-003191,CUST-00626,Starter,79.14,USD,Paid,Credit Card,2026-03-26,2026-03-27,Not Requested
INV-003192,CUST-00626,Starter,79.14,USD,Paid,Credit Card,2026-04-25,2026-04-27,Not Requested
INV-003193,CUST-00626,Starter,79.14,USD,Paid,ACH Bank Transfer,2026-05-25,2026-05-27,Not Requested
INV-003194,CUST-00626,Starter,79.14,USD,Paid,Credit Card,2026-06-24,2026-06-27,Not Requested
INV-003195,CUST-00626,Starter,79.14,USD,Paid,Credit Card,2026-07-24,2026-07-28,Not Requested
INV-003196,CUST-00627,Starter,100.25,EUR,Failed,Credit Card,2025-08-28,,Not Requested
INV-003197,CUST-00627,Starter,100.25,EUR,Paid,Credit Card,2025-09-27,2025-09-27,Not Requested
INV-003198,CUST-00627,Starter,100.25,EUR,Failed,Credit Card,2025-10-27,,Not Requested
INV-003199,CUST-00627,Starter,100.25,EUR,Paid,Credit Card,2025-11-26,2025-11-29,Not Requested
INV-003200,CUST-00627,Starter,100.25,EUR,Paid,Credit Card,2025-12-26,2025-12-28,Not Requested
INV-003201,CUST-00627,Starter,100.25,EUR,Paid,Credit Card,2026-01-25,2026-01-26,Not Requested
INV-003202,CUST-00627,Starter,100.25,EUR,Paid,Credit Card,2026-02-24,2026-02-24,Not Requested
INV-003203,CUST-00627,Starter,100.25,EUR,Paid,Credit Card,2026-03-26,2026-03-29,Not Requested
INV-003204,CUST-00627,Starter,100.25,EUR,Paid,Credit Card,2026-04-25,2026-04-25,Not Requested
INV-003205,CUST-00627,Starter,100.25,EUR,Paid,Credit Card,2026-05-25,2026-05-25,Not Requested
INV-003206,CUST-00627,Starter,100.25,EUR,Paid,Credit Card,2026-06-24,2026-06-29,Not Requested
INV-003207,CUST-00627,Starter,100.25,EUR,Paid,Credit Card,2026-07-24,2026-07-30,Not Requested
INV-003208,CUST-00628,Starter,113.9,USD,Paid,Credit Card,2026-03-26,2026-03-29,Not Requested
INV-003209,CUST-00628,Starter,113.9,USD,Paid,PayPal,2026-04-25,2026-04-26,Not Requested
INV-003210,CUST-00628,Starter,113.9,USD,Paid,Credit Card,2026-05-25,2026-05-26,Not Requested
INV-003211,CUST-00628,Starter,113.9,USD,Paid,Credit Card,2026-06-24,2026-06-25,Not Requested
INV-003212,CUST-00628,Starter,113.9,USD,Paid,Credit Card,2026-07-24,2026-07-26,Not Requested
INV-003213,CUST-00629,Starter,231.64,USD,Paid,Credit Card,2025-08-28,2025-08-29,Not Requested
INV-003214,CUST-00629,Starter,231.64,USD,Paid,PayPal,2025-09-27,2025-09-30,Not Requested
INV-003215,CUST-00629,Starter,231.64,USD,Paid,Credit Card,2025-10-27,2025-10-27,Not Requested
INV-003216,CUST-00629,Starter,231.64,USD,Paid,Credit Card,2025-11-26,2025-11-26,Not Requested
INV-003217,CUST-00629,Starter,231.64,USD,Paid,Credit Card,2025-12-26,2026-01-01,Not Requested
INV-003218,CUST-00629,Starter,231.64,USD,Failed,Credit Card,2026-01-25,,Not Requested
INV-003219,CUST-00629,Starter,231.64,USD,Paid,PayPal,2026-02-24,2026-02-26,Not Requested
INV-003220,CUST-00629,Starter,231.64,USD,Paid,Credit Card,2026-03-26,2026-03-26,Not Requested
INV-003221,CUST-00629,Starter,231.64,USD,Paid,Credit Card,2026-04-25,2026-04-25,Not Requested
INV-003222,CUST-00629,Starter,231.64,USD,Paid,Credit Card,2026-05-25,2026-05-29,Not Requested
INV-003223,CUST-00629,Starter,231.64,USD,Paid,Credit Card,2026-06-24,2026-06-28,Not Requested
INV-003224,CUST-00629,Starter,231.64,USD,Paid,PayPal,2026-07-24,2026-07-27,Not Requested
INV-003225,CUST-00630,Professional,32474.33,USD,Failed,ACH Bank Transfer,2025-11-08,,Not Requested
INV-003226,CUST-00632,Professional,7552.89,USD,Paid,Credit Card,2025-08-28,2025-08-31,Not Requested
INV-003227,CUST-00632,Professional,7552.89,USD,Failed,Credit Card,2025-09-27,,Not Requested
INV-003228,CUST-00632,Professional,7552.89,USD,Pending,Credit Card,2025-10-27,,Not Requested
INV-003229,CUST-00632,Professional,7552.89,USD,Paid,Credit Card,2025-11-26,2025-11-26,Not Requested
INV-003230,CUST-00632,Professional,7552.89,USD,Paid,Credit Card,2025-12-26,2025-12-27,Not Requested
INV-003231,CUST-00632,Professional,7552.89,USD,Paid,Credit Card,2026-01-25,2026-01-31,Not Requested
INV-003232,CUST-00632,Professional,7552.89,USD,Paid,ACH Bank Transfer,2026-02-24,2026-02-26,Not Requested
INV-003233,CUST-00632,Professional,7552.89,USD,Paid,ACH Bank Transfer,2026-03-26,2026-03-31,Not Requested
INV-003234,CUST-00632,Professional,7552.89,USD,Paid,Credit Card,2026-04-25,2026-04-25,Not Requested
INV-003235,CUST-00632,Professional,7552.89,USD,Paid,Credit Card,2026-05-25,2026-05-28,Not Requested
INV-003236,CUST-00632,Professional,7552.89,USD,Paid,Credit Card,2026-06-24,2026-06-28,Not Requested
INV-003237,CUST-00632,Professional,7552.89,USD,Refunded,Credit Card,2026-07-24,2026-07-24,Requested
INV-003238,CUST-00634,Enterprise,649971.71,USD,Paid,Wire Transfer,2025-08-28,2025-08-30,Not Requested
INV-003239,CUST-00635,Enterprise,378069.21,EUR,Paid,ACH Bank Transfer,2025-08-28,2025-08-30,Not Requested
INV-003240,CUST-00636,Professional,24063.26,USD,Paid,ACH Bank Transfer,2025-08-28,2025-08-31,Not Requested
INV-003241,CUST-00637,Starter,5165.88,USD,Failed,Credit Card,2026-06-03,,Not Requested
INV-003242,CUST-00638,Starter,214.56,USD,Paid,Credit Card,2025-08-28,2025-08-31,Not Requested
INV-003243,CUST-00638,Starter,214.56,USD,Paid,Credit Card,2025-09-27,2025-09-27,Not Requested
INV-003244,CUST-00638,Starter,214.56,USD,Paid,Credit Card,2025-10-27,2025-10-27,Not Requested
INV-003245,CUST-00638,Starter,214.56,USD,Pending,Credit Card,2025-11-26,,Not Requested
INV-003246,CUST-00638,Starter,214.56,USD,Paid,Credit Card,2025-12-26,2025-12-26,Not Requested
INV-003247,CUST-00638,Starter,214.56,USD,Paid,Credit Card,2026-01-25,2026-01-25,Not Requested
INV-003248,CUST-00638,Starter,214.56,USD,Paid,Credit Card,2026-02-24,2026-02-28,Not Requested
INV-003249,CUST-00638,Starter,214.56,USD,Paid,Credit Card,2026-03-26,2026-03-28,Not Requested
INV-003250,CUST-00638,Starter,214.56,USD,Paid,Credit Card,2026-04-25,2026-04-29,Not Requested
INV-003251,CUST-00638,Starter,214.56,USD,Paid,Credit Card,2026-05-25,2026-05-27,Not Requested
INV-003252,CUST-00638,Starter,214.56,USD,Paid,Credit Card,2026-06-24,2026-06-25,Not Requested
INV-003253,CUST-00638,Starter,214.56,USD,Paid,Credit Card,2026-07-24,2026-07-28,Not Requested
INV-003254,CUST-00639,Starter,360.35,EUR,Paid,Credit Card,2025-08-28,2025-08-30,Not Requested
INV-003255,CUST-00639,Starter,360.35,EUR,Paid,Credit Card,2025-09-27,2025-09-27,Not Requested
INV-003256,CUST-00639,Starter,360.35,EUR,Paid,Credit Card,2025-10-27,2025-11-01,Not Requested
INV-003257,CUST-00639,Starter,360.35,EUR,Failed,PayPal,2025-11-26,,Not Requested
INV-003258,CUST-00639,Starter,360.35,EUR,Paid,Credit Card,2025-12-26,2025-12-26,Not Requested
INV-003259,CUST-00639,Starter,360.35,EUR,Paid,Credit Card,2026-01-25,2026-01-26,Not Requested
INV-003260,CUST-00639,Starter,360.35,EUR,Paid,Credit Card,2026-02-24,2026-02-25,Not Requested
INV-003261,CUST-00639,Starter,360.35,EUR,Paid,Credit Card,2026-03-26,2026-04-03,Not Requested
INV-003262,CUST-00639,Starter,360.35,EUR,Paid,Credit Card,2026-04-25,2026-04-27,Not Requested
INV-003263,CUST-00639,Starter,360.35,EUR,Paid,Credit Card,2026-05-25,2026-05-27,Not Requested
INV-003264,CUST-00639,Starter,360.35,EUR,Paid,Credit Card,2026-06-24,2026-06-26,Not Requested
INV-003265,CUST-00639,Starter,360.35,EUR,Paid,Credit Card,2026-07-24,2026-07-25,Not Requested
INV-003266,CUST-00640,Professional,1770.71,USD,Paid,Credit Card,2025-08-28,2025-08-30,Not Requested
INV-003267,CUST-00640,Professional,1770.71,USD,Paid,Credit Card,2025-09-27,2025-10-05,Not Requested
INV-003268,CUST-00640,Professional,1770.71,USD,Paid,Credit Card,2025-10-27,2025-10-27,Not Requested
INV-003269,CUST-00640,Professional,1770.71,USD,Paid,Credit Card,2025-11-26,2025-11-29,Not Requested
INV-003270,CUST-00640,Professional,1770.71,USD,Failed,ACH Bank Transfer,2025-12-26,,Not Requested
INV-003271,CUST-00640,Professional,1770.71,USD,Paid,Credit Card,2026-01-25,2026-01-29,Not Requested
INV-003272,CUST-00640,Professional,1770.71,USD,Paid,Credit Card,2026-02-24,2026-02-26,Not Requested
INV-003273,CUST-00640,Professional,1770.71,USD,Paid,Credit Card,2026-03-26,2026-03-28,Not Requested
INV-003274,CUST-00640,Professional,1770.71,USD,Paid,Credit Card,2026-04-25,2026-04-25,Not Requested
INV-003275,CUST-00640,Professional,1770.71,USD,Paid,ACH Bank Transfer,2026-05-25,2026-05-25,Not Requested
INV-003276,CUST-00640,Professional,1770.71,USD,Paid,Credit Card,2026-06-24,2026-06-25,Not Requested
INV-003277,CUST-00640,Professional,1770.71,USD,Paid,Credit Card,2026-07-24,2026-07-25,Not Requested
INV-003278,CUST-00641,Starter,499.72,USD,Paid,Credit Card,2025-08-28,2025-09-04,Not Requested
INV-003279,CUST-00641,Starter,499.72,USD,Paid,PayPal,2025-09-27,2025-09-29,Not Requested
INV-003280,CUST-00641,Starter,499.72,USD,Paid,Credit Card,2025-10-27,2025-10-27,Not Requested
INV-003281,CUST-00641,Starter,499.72,USD,Paid,Credit Card,2025-11-26,2025-12-02,Not Requested
INV-003282,CUST-00641,Starter,499.72,USD,Paid,Credit Card,2025-12-26,2025-12-27,Not Requested
INV-003283,CUST-00641,Starter,499.72,USD,Paid,Credit Card,2026-01-25,2026-01-25,Not Requested
INV-003284,CUST-00641,Starter,499.72,USD,Paid,Credit Card,2026-02-24,2026-02-27,Not Requested
INV-003285,CUST-00641,Starter,499.72,USD,Paid,Credit Card,2026-03-26,2026-03-26,Not Requested
INV-003286,CUST-00641,Starter,499.72,USD,Paid,Credit Card,2026-04-25,2026-04-25,Not Requested
INV-003287,CUST-00641,Starter,499.72,USD,Paid,PayPal,2026-05-25,2026-05-29,Not Requested
INV-003288,CUST-00641,Starter,499.72,USD,Paid,Credit Card,2026-06-24,2026-06-24,Not Requested
INV-003289,CUST-00641,Starter,499.72,USD,Paid,Credit Card,2026-07-24,2026-07-29,Not Requested
INV-003290,CUST-00642,Starter,469.69,USD,Paid,ACH Bank Transfer,2025-12-17,2025-12-20,Not Requested
INV-003291,CUST-00642,Starter,469.69,USD,Paid,Credit Card,2026-01-16,2026-01-19,Not Requested
INV-003292,CUST-00642,Starter,469.69,USD,Paid,Credit Card,2026-02-15,2026-02-16,Not Requested
INV-003293,CUST-00642,Starter,469.69,USD,Paid,Credit Card,2026-03-17,2026-03-22,Not Requested
INV-003294,CUST-00642,Starter,469.69,USD,Paid,Credit Card,2026-04-16,2026-04-17,Not Requested
INV-003295,CUST-00642,Starter,469.69,USD,Paid,Credit Card,2026-05-16,2026-05-20,Not Requested
INV-003296,CUST-00642,Starter,469.69,USD,Paid,Credit Card,2026-06-15,2026-06-16,Not Requested
INV-003297,CUST-00642,Starter,469.69,USD,Paid,Credit Card,2026-07-15,2026-07-15,Not Requested
INV-003298,CUST-00643,Professional,5207.35,AUD,Paid,Credit Card,2025-08-28,2025-09-01,Not Requested
INV-003299,CUST-00645,Starter,3661.63,USD,Paid,PayPal,2025-08-28,2025-09-05,Not Requested
INV-003300,CUST-00646,Starter,360.83,USD,Paid,Credit Card,2025-08-28,2025-08-31,Not Requested
INV-003301,CUST-00646,Starter,360.83,USD,Paid,Credit Card,2025-09-27,2025-09-30,Not Requested
INV-003302,CUST-00646,Starter,360.83,USD,Paid,Credit Card,2025-10-27,2025-10-30,Not Requested
INV-003303,CUST-00646,Starter,360.83,USD,Paid,Credit Card,2025-11-26,2025-12-05,Not Requested
INV-003304,CUST-00646,Starter,360.83,USD,Paid,Credit Card,2025-12-26,2025-12-30,Not Requested
INV-003305,CUST-00646,Starter,360.83,USD,Paid,Credit Card,2026-01-25,2026-01-28,Not Requested
INV-003306,CUST-00646,Starter,360.83,USD,Paid,Credit Card,2026-02-24,2026-02-28,Not Requested
INV-003307,CUST-00646,Starter,360.83,USD,Paid,Credit Card,2026-03-26,2026-03-26,Not Requested
INV-003308,CUST-00646,Starter,360.83,USD,Paid,Credit Card,2026-04-25,2026-04-27,Not Requested
INV-003309,CUST-00646,Starter,360.83,USD,Pending,Credit Card,2026-05-25,,Not Requested
INV-003310,CUST-00646,Starter,360.83,USD,Paid,Credit Card,2026-06-24,2026-06-30,Not Requested
INV-003311,CUST-00646,Starter,360.83,USD,Paid,PayPal,2026-07-24,2026-07-28,Not Requested
INV-003312,CUST-00647,Enterprise,263214.4,USD,Refunded,ACH Bank Transfer,2025-08-28,2025-09-01,Requested
INV-003313,CUST-00648,Professional,38565.9,USD,Paid,ACH Bank Transfer,2025-08-28,2025-08-28,Not Requested
INV-003314,CUST-00650,Enterprise,550169.03,USD,Paid,ACH Bank Transfer,2025-08-28,2025-08-31,Not Requested
INV-003315,CUST-00652,Starter,241.67,USD,Paid,Credit Card,2025-08-28,2025-08-31,Not Requested
INV-003316,CUST-00652,Starter,241.67,USD,Paid,Credit Card,2025-09-27,2025-09-29,Not Requested
INV-003317,CUST-00652,Starter,241.67,USD,Paid,Credit Card,2025-10-27,2025-10-28,Not Requested
INV-003318,CUST-00652,Starter,241.67,USD,Paid,Credit Card,2025-11-26,2025-11-29,Not Requested
INV-003319,CUST-00652,Starter,241.67,USD,Paid,Credit Card,2025-12-26,2025-12-28,Not Requested
INV-003320,CUST-00652,Starter,241.67,USD,Paid,Credit Card,2026-01-25,2026-01-30,Not Requested
INV-003321,CUST-00652,Starter,241.67,USD,Paid,Credit Card,2026-02-24,2026-02-24,Not Requested
INV-003322,CUST-00652,Starter,241.67,USD,Refunded,Credit Card,2026-03-26,2026-03-27,Approved - Refunded
INV-003323,CUST-00652,Starter,241.67,USD,Paid,Credit Card,2026-04-25,2026-04-27,Not Requested
INV-003324,CUST-00652,Starter,241.67,USD,Paid,Credit Card,2026-05-25,2026-05-26,Not Requested
INV-003325,CUST-00652,Starter,241.67,USD,Paid,Credit Card,2026-06-24,2026-06-24,Not Requested
INV-003326,CUST-00652,Starter,241.67,USD,Paid,Credit Card,2026-07-24,2026-07-27,Not Requested
INV-003327,CUST-00654,Professional,94684.05,USD,Paid,Credit Card,2025-08-28,2025-09-01,Not Requested
INV-003328,CUST-00655,Enterprise,1732056.18,USD,Paid,Wire Transfer,2025-08-28,2025-08-30,Not Requested
INV-003329,CUST-00656,Enterprise,1310517.51,USD,Failed,ACH Bank Transfer,2025-08-28,,Not Requested
INV-003330,CUST-00657,Starter,1463.36,AUD,Refunded,Credit Card,2025-08-28,2025-08-29,Denied
INV-003331,CUST-00658,Starter,100.76,USD,Paid,Credit Card,2025-08-28,2025-08-30,Not Requested
INV-003332,CUST-00658,Starter,100.76,USD,Paid,Credit Card,2025-09-27,2025-09-28,Not Requested
INV-003333,CUST-00658,Starter,100.76,USD,Paid,Credit Card,2025-10-27,2025-10-27,Not Requested
INV-003334,CUST-00658,Starter,100.76,USD,Paid,Credit Card,2025-11-26,2025-11-28,Not Requested
INV-003335,CUST-00658,Starter,100.76,USD,Paid,Credit Card,2025-12-26,2025-12-26,Not Requested
INV-003336,CUST-00658,Starter,100.76,USD,Paid,Credit Card,2026-01-25,2026-01-25,Not Requested
INV-003337,CUST-00658,Starter,100.76,USD,Paid,Credit Card,2026-02-24,2026-02-25,Not Requested
INV-003338,CUST-00658,Starter,100.76,USD,Paid,Credit Card,2026-03-26,2026-03-28,Not Requested
INV-003339,CUST-00658,Starter,100.76,USD,Paid,Credit Card,2026-04-25,2026-04-25,Not Requested
INV-003340,CUST-00658,Starter,100.76,USD,Paid,Credit Card,2026-05-25,2026-05-26,Not Requested
INV-003341,CUST-00658,Starter,100.76,USD,Paid,Credit Card,2026-06-24,2026-06-27,Not Requested
INV-003342,CUST-00658,Starter,100.76,USD,Paid,Credit Card,2026-07-24,2026-07-28,Not Requested
INV-003343,CUST-00660,Starter,468.62,USD,Paid,Credit Card,2025-08-28,2025-08-28,Not Requested
INV-003344,CUST-00660,Starter,468.62,USD,Paid,Credit Card,2025-09-27,2025-09-29,Not Requested
INV-003345,CUST-00660,Starter,468.62,USD,Paid,Credit Card,2025-10-27,2025-11-01,Not Requested
INV-003346,CUST-00660,Starter,468.62,USD,Paid,Credit Card,2025-11-26,2025-11-28,Not Requested
INV-003347,CUST-00660,Starter,468.62,USD,Paid,Credit Card,2025-12-26,2025-12-29,Not Requested
INV-003348,CUST-00660,Starter,468.62,USD,Paid,Credit Card,2026-01-25,2026-01-30,Not Requested
INV-003349,CUST-00660,Starter,468.62,USD,Refunded,PayPal,2026-02-24,2026-03-03,Approved - Refunded
INV-003350,CUST-00660,Starter,468.62,USD,Paid,Credit Card,2026-03-26,2026-04-01,Not Requested
INV-003351,CUST-00660,Starter,468.62,USD,Failed,Credit Card,2026-04-25,,Not Requested
INV-003352,CUST-00660,Starter,468.62,USD,Paid,Credit Card,2026-05-25,2026-06-02,Not Requested
INV-003353,CUST-00660,Starter,468.62,USD,Paid,PayPal,2026-06-24,2026-07-02,Not Requested
INV-003354,CUST-00660,Starter,468.62,USD,Paid,Credit Card,2026-07-24,2026-07-25,Not Requested
INV-003355,CUST-00661,Starter,581.48,USD,Paid,Credit Card,2025-08-28,2025-08-28,Not Requested
INV-003356,CUST-00661,Starter,581.48,USD,Paid,PayPal,2025-09-27,2025-09-29,Not Requested
INV-003357,CUST-00661,Starter,581.48,USD,Paid,Credit Card,2025-10-27,2025-10-27,Not Requested
INV-003358,CUST-00661,Starter,581.48,USD,Failed,Credit Card,2025-11-26,,Not Requested
INV-003359,CUST-00661,Starter,581.48,USD,Paid,Credit Card,2025-12-26,2025-12-26,Not Requested
INV-003360,CUST-00661,Starter,581.48,USD,Paid,Credit Card,2026-01-25,2026-01-25,Not Requested
INV-003361,CUST-00661,Starter,581.48,USD,Paid,Credit Card,2026-02-24,2026-02-24,Not Requested
INV-003362,CUST-00661,Starter,581.48,USD,Paid,PayPal,2026-03-26,2026-03-26,Not Requested
INV-003363,CUST-00661,Starter,581.48,USD,Paid,Credit Card,2026-04-25,2026-04-27,Not Requested
INV-003364,CUST-00661,Starter,581.48,USD,Failed,Credit Card,2026-05-25,,Not Requested
INV-003365,CUST-00661,Starter,581.48,USD,Failed,Credit Card,2026-06-24,,Not Requested
INV-003366,CUST-00661,Starter,581.48,USD,Failed,PayPal,2026-07-24,,Not Requested
INV-003367,CUST-00662,Professional,9163.25,USD,Paid,Credit Card,2025-08-28,2025-09-01,Not Requested
INV-003368,CUST-00663,Professional,50760.29,EUR,Paid,Credit Card,2025-08-28,2025-08-28,Not Requested
INV-003369,CUST-00665,Professional,50538.95,USD,Paid,Credit Card,2025-08-28,2025-08-28,Not Requested
INV-003370,CUST-00666,Starter,4392.71,USD,Paid,Credit Card,2025-08-28,2025-08-31,Not Requested
INV-003371,CUST-00667,Professional,35843.14,USD,Paid,PayPal,2025-12-06,2025-12-06,Not Requested
INV-003372,CUST-00668,Starter,107.07,USD,Paid,Credit Card,2025-08-28,2025-08-28,Not Requested
INV-003373,CUST-00668,Starter,107.07,USD,Failed,Credit Card,2025-09-27,,Not Requested
INV-003374,CUST-00668,Starter,107.07,USD,Paid,Credit Card,2025-10-27,2025-10-30,Not Requested
INV-003375,CUST-00668,Starter,107.07,USD,Paid,Credit Card,2025-11-26,2025-11-30,Not Requested
INV-003376,CUST-00668,Starter,107.07,USD,Paid,Credit Card,2025-12-26,2025-12-28,Not Requested
INV-003377,CUST-00668,Starter,107.07,USD,Paid,Credit Card,2026-01-25,2026-01-27,Not Requested
INV-003378,CUST-00668,Starter,107.07,USD,Failed,PayPal,2026-02-24,,Not Requested
INV-003379,CUST-00668,Starter,107.07,USD,Paid,Credit Card,2026-03-26,2026-03-30,Not Requested
INV-003380,CUST-00668,Starter,107.07,USD,Paid,PayPal,2026-04-25,2026-04-27,Not Requested
INV-003381,CUST-00668,Starter,107.07,USD,Failed,Credit Card,2026-05-25,,Not Requested
INV-003382,CUST-00668,Starter,107.07,USD,Failed,Credit Card,2026-06-24,,Not Requested
INV-003383,CUST-00668,Starter,107.07,USD,Failed,Credit Card,2026-07-24,,Not Requested
INV-003384,CUST-00670,Enterprise,54539.32,USD,Paid,Wire Transfer,2025-08-28,2025-08-31,Not Requested
INV-003385,CUST-00671,Starter,6727.08,USD,Paid,Credit Card,2025-08-28,2025-08-30,Not Requested
INV-003386,CUST-00672,Professional,3602.02,USD,Paid,Credit Card,2025-08-28,2025-08-28,Not Requested
INV-003387,CUST-00672,Professional,3602.02,USD,Paid,Credit Card,2025-09-27,2025-10-03,Not Requested
INV-003388,CUST-00672,Professional,3602.02,USD,Paid,Credit Card,2025-10-27,2025-10-30,Not Requested
INV-003389,CUST-00672,Professional,3602.02,USD,Paid,ACH Bank Transfer,2025-11-26,2025-11-29,Not Requested
INV-003390,CUST-00672,Professional,3602.02,USD,Paid,Credit Card,2025-12-26,2025-12-31,Not Requested
INV-003391,CUST-00672,Professional,3602.02,USD,Paid,Credit Card,2026-01-25,2026-01-25,Not Requested
INV-003392,CUST-00672,Professional,3602.02,USD,Paid,Credit Card,2026-02-24,2026-03-01,Not Requested
INV-003393,CUST-00672,Professional,3602.02,USD,Paid,ACH Bank Transfer,2026-03-26,2026-03-28,Not Requested
INV-003394,CUST-00672,Professional,3602.02,USD,Paid,Credit Card,2026-04-25,2026-04-26,Not Requested
INV-003395,CUST-00672,Professional,3602.02,USD,Paid,Credit Card,2026-05-25,2026-05-29,Not Requested
INV-003396,CUST-00672,Professional,3602.02,USD,Paid,Credit Card,2026-06-24,2026-06-26,Not Requested
INV-003397,CUST-00672,Professional,3602.02,USD,Paid,Credit Card,2026-07-24,2026-07-27,Not Requested
INV-003398,CUST-00673,Enterprise,386869.08,GBP,Paid,Wire Transfer,2025-08-28,2025-08-30,Not Requested
INV-003399,CUST-00674,Starter,5622.54,AUD,Paid,Credit Card,2025-08-28,2025-08-28,Not Requested
INV-003400,CUST-00675,Professional,98024.68,USD,Paid,Credit Card,2025-08-28,2025-08-31,Not Requested
INV-003401,CUST-00676,Enterprise,587675.42,USD,Paid,ACH Bank Transfer,2025-08-28,2025-09-07,Not Requested
INV-003402,CUST-00677,Professional,98681.9,USD,Paid,ACH Bank Transfer,2025-08-28,2025-08-28,Not Requested
INV-003403,CUST-00678,Enterprise,855904.74,USD,Paid,Wire Transfer,2025-08-28,2025-08-29,Not Requested
INV-003404,CUST-00679,Professional,57459.32,USD,Paid,ACH Bank Transfer,2025-08-28,2025-08-28,Not Requested
INV-003405,CUST-00680,Starter,271.76,USD,Paid,PayPal,2025-08-28,2025-09-02,Not Requested
INV-003406,CUST-00680,Starter,271.76,USD,Paid,Credit Card,2025-09-27,2025-10-02,Not Requested
INV-003407,CUST-00680,Starter,271.76,USD,Paid,Credit Card,2025-10-27,2025-10-30,Not Requested
INV-003408,CUST-00680,Starter,271.76,USD,Paid,Credit Card,2025-11-26,2025-11-30,Not Requested
INV-003409,CUST-00680,Starter,271.76,USD,Paid,Credit Card,2025-12-26,2025-12-31,Not Requested
INV-003410,CUST-00680,Starter,271.76,USD,Paid,Credit Card,2026-01-25,2026-01-25,Not Requested
INV-003411,CUST-00680,Starter,271.76,USD,Failed,Credit Card,2026-02-24,,Not Requested
INV-003412,CUST-00680,Starter,271.76,USD,Paid,Credit Card,2026-03-26,2026-03-26,Not Requested
INV-003413,CUST-00680,Starter,271.76,USD,Paid,PayPal,2026-04-25,2026-04-26,Not Requested
INV-003414,CUST-00680,Starter,271.76,USD,Paid,Credit Card,2026-05-25,2026-05-29,Not Requested
INV-003415,CUST-00680,Starter,271.76,USD,Paid,Credit Card,2026-06-24,2026-06-27,Not Requested
INV-003416,CUST-00680,Starter,271.76,USD,Paid,Credit Card,2026-07-24,2026-07-28,Not Requested
INV-003417,CUST-00681,Starter,442.57,USD,Paid,Credit Card,2025-08-28,2025-08-31,Not Requested
INV-003418,CUST-00681,Starter,442.57,USD,Paid,Credit Card,2025-09-27,2025-09-27,Not Requested
INV-003419,CUST-00681,Starter,442.57,USD,Paid,Credit Card,2025-10-27,2025-10-29,Not Requested
INV-003420,CUST-00681,Starter,442.57,USD,Failed,Credit Card,2025-11-26,,Not Requested
INV-003421,CUST-00681,Starter,442.57,USD,Paid,Credit Card,2025-12-26,2025-12-31,Not Requested
INV-003422,CUST-00681,Starter,442.57,USD,Paid,Credit Card,2026-01-25,2026-01-25,Not Requested
INV-003423,CUST-00681,Starter,442.57,USD,Paid,Credit Card,2026-02-24,2026-02-26,Not Requested
INV-003424,CUST-00681,Starter,442.57,USD,Paid,Credit Card,2026-03-26,2026-03-27,Not Requested
INV-003425,CUST-00681,Starter,442.57,USD,Failed,Credit Card,2026-04-25,,Not Requested
INV-003426,CUST-00681,Starter,442.57,USD,Paid,Credit Card,2026-05-25,2026-05-28,Not Requested
INV-003427,CUST-00681,Starter,442.57,USD,Paid,Credit Card,2026-06-24,2026-06-29,Not Requested
INV-003428,CUST-00681,Starter,442.57,USD,Failed,Credit Card,2026-07-24,,Not Requested
INV-003429,CUST-00682,Enterprise,461182.06,USD,Paid,Credit Card,2025-08-28,2025-08-31,Not Requested
INV-003430,CUST-00683,Starter,546.11,USD,Paid,Credit Card,2025-08-28,2025-08-30,Not Requested
INV-003431,CUST-00683,Starter,546.11,USD,Paid,Credit Card,2025-09-27,2025-09-29,Not Requested
INV-003432,CUST-00683,Starter,546.11,USD,Paid,Credit Card,2025-10-27,2025-10-29,Not Requested
INV-003433,CUST-00683,Starter,546.11,USD,Paid,Credit Card,2025-11-26,2025-11-29,Not Requested
INV-003434,CUST-00683,Starter,546.11,USD,Refunded,PayPal,2025-12-26,2025-12-26,Approved - Refunded
INV-003435,CUST-00683,Starter,546.11,USD,Paid,ACH Bank Transfer,2026-01-25,2026-01-30,Not Requested
INV-003436,CUST-00683,Starter,546.11,USD,Paid,Credit Card,2026-02-24,2026-02-25,Not Requested
INV-003437,CUST-00683,Starter,546.11,USD,Failed,PayPal,2026-03-26,,Not Requested
INV-003438,CUST-00683,Starter,546.11,USD,Paid,Credit Card,2026-04-25,2026-04-29,Not Requested
INV-003439,CUST-00683,Starter,546.11,USD,Paid,Credit Card,2026-05-25,2026-05-26,Not Requested
INV-003440,CUST-00683,Starter,546.11,USD,Paid,Credit Card,2026-06-24,2026-06-29,Not Requested
INV-003441,CUST-00683,Starter,546.11,USD,Paid,Credit Card,2026-07-24,2026-07-27,Not Requested
INV-003442,CUST-00685,Professional,7990.59,USD,Paid,Credit Card,2025-08-28,2025-08-29,Not Requested
INV-003443,CUST-00685,Professional,7990.59,USD,Paid,Credit Card,2025-09-27,2025-09-28,Not Requested
INV-003444,CUST-00685,Professional,7990.59,USD,Paid,Credit Card,2025-10-27,2025-10-28,Not Requested
INV-003445,CUST-00685,Professional,7990.59,USD,Paid,Credit Card,2025-11-26,2025-11-27,Not Requested
INV-003446,CUST-00685,Professional,7990.59,USD,Paid,Credit Card,2025-12-26,2025-12-27,Not Requested
INV-003447,CUST-00685,Professional,7990.59,USD,Paid,ACH Bank Transfer,2026-01-25,2026-01-27,Not Requested
INV-003448,CUST-00685,Professional,7990.59,USD,Paid,ACH Bank Transfer,2026-02-24,2026-03-01,Not Requested
INV-003449,CUST-00685,Professional,7990.59,USD,Paid,Credit Card,2026-03-26,2026-03-29,Not Requested
INV-003450,CUST-00685,Professional,7990.59,USD,Paid,ACH Bank Transfer,2026-04-25,2026-04-25,Not Requested
INV-003451,CUST-00685,Professional,7990.59,USD,Paid,Credit Card,2026-05-25,2026-05-29,Not Requested
INV-003452,CUST-00685,Professional,7990.59,USD,Failed,Credit Card,2026-06-24,,Not Requested
INV-003453,CUST-00685,Professional,7990.59,USD,Paid,ACH Bank Transfer,2026-07-24,2026-07-27,Not Requested
INV-003454,CUST-00686,Professional,78181.72,EUR,Failed,Credit Card,2025-08-28,,Not Requested
INV-003455,CUST-00687,Professional,8500.04,USD,Failed,Credit Card,2025-08-28,,Not Requested
INV-003456,CUST-00688,Starter,256.99,USD,Paid,PayPal,2025-08-28,2025-08-28,Not Requested
INV-003457,CUST-00688,Starter,256.99,USD,Paid,Credit Card,2025-09-27,2025-09-30,Not Requested
INV-003458,CUST-00688,Starter,256.99,USD,Paid,Credit Card,2025-10-27,2025-10-27,Not Requested
INV-003459,CUST-00688,Starter,256.99,USD,Paid,Credit Card,2025-11-26,2025-12-02,Not Requested
INV-003460,CUST-00688,Starter,256.99,USD,Paid,Credit Card,2025-12-26,2025-12-27,Not Requested
INV-003461,CUST-00688,Starter,256.99,USD,Paid,Credit Card,2026-01-25,2026-01-27,Not Requested
INV-003462,CUST-00688,Starter,256.99,USD,Paid,Credit Card,2026-02-24,2026-02-26,Not Requested
INV-003463,CUST-00688,Starter,256.99,USD,Paid,Credit Card,2026-03-26,2026-03-31,Not Requested
INV-003464,CUST-00688,Starter,256.99,USD,Paid,Credit Card,2026-04-25,2026-04-25,Not Requested
INV-003465,CUST-00688,Starter,256.99,USD,Paid,Credit Card,2026-05-25,2026-05-30,Not Requested
INV-003466,CUST-00688,Starter,256.99,USD,Paid,Credit Card,2026-06-24,2026-06-24,Not Requested
INV-003467,CUST-00688,Starter,256.99,USD,Paid,Credit Card,2026-07-24,2026-07-24,Not Requested
INV-003468,CUST-00689,Enterprise,524540.61,USD,Failed,ACH Bank Transfer,2025-08-28,,Not Requested
INV-003469,CUST-00690,Professional,6382.05,USD,Paid,Credit Card,2025-08-28,2025-08-31,Not Requested
INV-003470,CUST-00690,Professional,6382.05,USD,Paid,Credit Card,2025-09-27,2025-09-29,Not Requested
INV-003471,CUST-00690,Professional,6382.05,USD,Paid,Credit Card,2025-10-27,2025-10-28,Not Requested
INV-003472,CUST-00690,Professional,6382.05,USD,Paid,ACH Bank Transfer,2025-11-26,2025-11-29,Not Requested
INV-003473,CUST-00690,Professional,6382.05,USD,Paid,PayPal,2025-12-26,2026-01-01,Not Requested
INV-003474,CUST-00690,Professional,6382.05,USD,Paid,PayPal,2026-01-25,2026-01-26,Not Requested
INV-003475,CUST-00690,Professional,6382.05,USD,Paid,Credit Card,2026-02-24,2026-03-01,Not Requested
INV-003476,CUST-00690,Professional,6382.05,USD,Paid,ACH Bank Transfer,2026-03-26,2026-03-28,Not Requested
INV-003477,CUST-00690,Professional,6382.05,USD,Paid,ACH Bank Transfer,2026-04-25,2026-04-27,Not Requested
INV-003478,CUST-00690,Professional,6382.05,USD,Paid,Credit Card,2026-05-25,2026-05-30,Not Requested
INV-003479,CUST-00690,Professional,6382.05,USD,Paid,Credit Card,2026-06-24,2026-06-29,Not Requested
INV-003480,CUST-00690,Professional,6382.05,USD,Paid,Credit Card,2026-07-24,2026-07-25,Not Requested
INV-003481,CUST-00691,Professional,28655.02,USD,Paid,Credit Card,2026-01-14,2026-01-14,Not Requested
INV-003482,CUST-00692,Starter,6478.05,EUR,Paid,Credit Card,2025-08-28,2025-09-02,Not Requested
INV-003483,CUST-00693,Professional,1627.12,USD,Paid,ACH Bank Transfer,2025-08-28,2025-08-31,Not Requested
INV-003484,CUST-00693,Professional,1627.12,USD,Paid,ACH Bank Transfer,2025-09-27,2025-09-28,Not Requested
INV-003485,CUST-00693,Professional,1627.12,USD,Paid,Credit Card,2025-10-27,2025-10-27,Not Requested
INV-003486,CUST-00693,Professional,1627.12,USD,Paid,Credit Card,2025-11-26,2025-11-29,Not Requested
INV-003487,CUST-00693,Professional,1627.12,USD,Paid,ACH Bank Transfer,2025-12-26,2025-12-29,Not Requested
INV-003488,CUST-00693,Professional,1627.12,USD,Paid,Credit Card,2026-01-25,2026-01-26,Not Requested
INV-003489,CUST-00693,Professional,1627.12,USD,Paid,ACH Bank Transfer,2026-02-24,2026-02-28,Not Requested
INV-003490,CUST-00693,Professional,1627.12,USD,Paid,ACH Bank Transfer,2026-03-26,2026-03-28,Not Requested
INV-003491,CUST-00693,Professional,1627.12,USD,Paid,ACH Bank Transfer,2026-04-25,2026-04-26,Not Requested
INV-003492,CUST-00693,Professional,1627.12,USD,Failed,ACH Bank Transfer,2026-05-25,,Not Requested
INV-003493,CUST-00693,Professional,1627.12,USD,Paid,Credit Card,2026-06-24,2026-06-24,Not Requested
INV-003494,CUST-00693,Professional,1627.12,USD,Refunded,Credit Card,2026-07-24,2026-07-26,Approved - Refunded
INV-003495,CUST-00694,Professional,7349.1,EUR,Paid,Credit Card,2025-08-28,2025-09-02,Not Requested
INV-003496,CUST-00695,Starter,620.19,USD,Paid,PayPal,2025-08-28,2025-09-06,Not Requested
INV-003497,CUST-00695,Starter,620.19,USD,Paid,Credit Card,2025-09-27,2025-09-28,Not Requested
INV-003498,CUST-00695,Starter,620.19,USD,Paid,Credit Card,2025-10-27,2025-10-29,Not Requested
INV-003499,CUST-00695,Starter,620.19,USD,Paid,Credit Card,2025-11-26,2025-11-29,Not Requested
INV-003500,CUST-00695,Starter,620.19,USD,Paid,Credit Card,2025-12-26,2025-12-26,Not Requested
INV-003501,CUST-00695,Starter,620.19,USD,Paid,Credit Card,2026-01-25,2026-02-01,Not Requested
INV-003502,CUST-00695,Starter,620.19,USD,Paid,Credit Card,2026-02-24,2026-02-26,Not Requested
INV-003503,CUST-00695,Starter,620.19,USD,Paid,Credit Card,2026-03-26,2026-04-01,Not Requested
INV-003504,CUST-00695,Starter,620.19,USD,Paid,Credit Card,2026-04-25,2026-04-27,Not Requested
INV-003505,CUST-00695,Starter,620.19,USD,Paid,Credit Card,2026-05-25,2026-05-25,Not Requested
INV-003506,CUST-00695,Starter,620.19,USD,Paid,Credit Card,2026-06-24,2026-06-28,Not Requested
INV-003507,CUST-00695,Starter,620.19,USD,Paid,Credit Card,2026-07-24,2026-07-31,Not Requested
INV-003508,CUST-00696,Starter,249.98,USD,Paid,Credit Card,2025-08-28,2025-08-28,Not Requested
INV-003509,CUST-00696,Starter,249.98,USD,Paid,Credit Card,2025-09-27,2025-09-27,Not Requested
INV-003510,CUST-00696,Starter,249.98,USD,Refunded,Credit Card,2025-10-27,2025-10-27,Denied
INV-003511,CUST-00696,Starter,249.98,USD,Paid,Credit Card,2025-11-26,2025-11-26,Not Requested
INV-003512,CUST-00696,Starter,249.98,USD,Failed,Credit Card,2025-12-26,,Not Requested
INV-003513,CUST-00696,Starter,249.98,USD,Paid,Credit Card,2026-01-25,2026-01-26,Not Requested
INV-003514,CUST-00696,Starter,249.98,USD,Paid,Credit Card,2026-02-24,2026-02-25,Not Requested
INV-003515,CUST-00696,Starter,249.98,USD,Failed,Credit Card,2026-03-26,,Not Requested
INV-003516,CUST-00696,Starter,249.98,USD,Paid,Credit Card,2026-04-25,2026-04-28,Not Requested
INV-003517,CUST-00696,Starter,249.98,USD,Paid,Credit Card,2026-05-25,2026-05-29,Not Requested
INV-003518,CUST-00696,Starter,249.98,USD,Paid,Credit Card,2026-06-24,2026-06-24,Not Requested
INV-003519,CUST-00696,Starter,249.98,USD,Paid,Credit Card,2026-07-24,2026-07-28,Not Requested
INV-003520,CUST-00697,Starter,74.43,USD,Paid,Credit Card,2025-12-29,2026-01-07,Not Requested
INV-003521,CUST-00697,Starter,74.43,USD,Paid,Credit Card,2026-01-28,2026-02-02,Not Requested
INV-003522,CUST-00697,Starter,74.43,USD,Paid,Credit Card,2026-02-27,2026-03-03,Not Requested
INV-003523,CUST-00697,Starter,74.43,USD,Paid,Credit Card,2026-03-29,2026-03-30,Not Requested
INV-003524,CUST-00697,Starter,74.43,USD,Paid,Credit Card,2026-04-28,2026-05-03,Not Requested
INV-003525,CUST-00697,Starter,74.43,USD,Paid,Credit Card,2026-05-28,2026-05-30,Not Requested
INV-003526,CUST-00697,Starter,74.43,USD,Paid,Credit Card,2026-06-27,2026-07-01,Not Requested
INV-003527,CUST-00697,Starter,74.43,USD,Paid,Credit Card,2026-07-27,2026-07-28,Not Requested
INV-003528,CUST-00698,Starter,295.05,USD,Paid,Credit Card,2026-04-08,2026-04-13,Not Requested
INV-003529,CUST-00698,Starter,295.05,USD,Refunded,PayPal,2026-05-08,2026-05-08,Approved - Refunded
INV-003530,CUST-00698,Starter,295.05,USD,Paid,Credit Card,2026-06-07,2026-06-07,Not Requested
INV-003531,CUST-00698,Starter,295.05,USD,Failed,Credit Card,2026-07-07,,Not Requested
INV-003532,CUST-00699,Enterprise,1012074.25,USD,Paid,ACH Bank Transfer,2025-08-28,2025-09-02,Not Requested
INV-003533,CUST-00700,Professional,21743.16,USD,Paid,Credit Card,2025-08-28,2025-09-02,Not Requested
INV-003534,CUST-00701,Starter,310.04,USD,Pending,Credit Card,2025-08-28,,Not Requested
INV-003535,CUST-00701,Starter,310.04,USD,Paid,Credit Card,2025-09-27,2025-09-29,Not Requested
INV-003536,CUST-00701,Starter,310.04,USD,Paid,Credit Card,2025-10-27,2025-11-01,Not Requested
INV-003537,CUST-00701,Starter,310.04,USD,Paid,Credit Card,2025-11-26,2025-11-26,Not Requested
INV-003538,CUST-00701,Starter,310.04,USD,Paid,Credit Card,2025-12-26,2025-12-27,Not Requested
INV-003539,CUST-00701,Starter,310.04,USD,Paid,Credit Card,2026-01-25,2026-01-27,Not Requested
INV-003540,CUST-00701,Starter,310.04,USD,Paid,Credit Card,2026-02-24,2026-02-26,Not Requested
INV-003541,CUST-00701,Starter,310.04,USD,Paid,Credit Card,2026-03-26,2026-03-27,Not Requested
INV-003542,CUST-00701,Starter,310.04,USD,Failed,Credit Card,2026-04-25,,Not Requested
INV-003543,CUST-00701,Starter,310.04,USD,Paid,Credit Card,2026-05-25,2026-05-28,Not Requested
INV-003544,CUST-00701,Starter,310.04,USD,Paid,Credit Card,2026-06-24,2026-06-24,Not Requested
INV-003545,CUST-00701,Starter,310.04,USD,Failed,Credit Card,2026-07-24,,Not Requested
INV-003546,CUST-00702,Starter,525.97,EUR,Paid,Credit Card,2025-08-28,2025-08-30,Not Requested
INV-003547,CUST-00702,Starter,525.97,EUR,Paid,Credit Card,2025-09-27,2025-09-30,Not Requested
INV-003548,CUST-00702,Starter,525.97,EUR,Paid,PayPal,2025-10-27,2025-10-27,Not Requested
INV-003549,CUST-00702,Starter,525.97,EUR,Paid,PayPal,2025-11-26,2025-11-28,Not Requested
INV-003550,CUST-00702,Starter,525.97,EUR,Paid,Credit Card,2025-12-26,2025-12-27,Not Requested
INV-003551,CUST-00702,Starter,525.97,EUR,Paid,Credit Card,2026-01-25,2026-01-28,Not Requested
INV-003552,CUST-00702,Starter,525.97,EUR,Paid,Credit Card,2026-02-24,2026-02-26,Not Requested
INV-003553,CUST-00702,Starter,525.97,EUR,Paid,Credit Card,2026-03-26,2026-03-28,Not Requested
INV-003554,CUST-00702,Starter,525.97,EUR,Paid,Credit Card,2026-04-25,2026-04-28,Not Requested
INV-003555,CUST-00702,Starter,525.97,EUR,Paid,Credit Card,2026-05-25,2026-05-26,Not Requested
INV-003556,CUST-00702,Starter,525.97,EUR,Paid,Credit Card,2026-06-24,2026-06-27,Not Requested
INV-003557,CUST-00702,Starter,525.97,EUR,Paid,Credit Card,2026-07-24,2026-07-24,Not Requested
INV-003558,CUST-00703,Professional,8472.82,USD,Paid,PayPal,2025-10-12,2025-10-14,Not Requested
INV-003559,CUST-00703,Professional,8472.82,USD,Failed,Credit Card,2025-11-11,,Not Requested
INV-003560,CUST-00703,Professional,8472.82,USD,Paid,Credit Card,2025-12-11,2025-12-11,Not Requested
INV-003561,CUST-00703,Professional,8472.82,USD,Paid,PayPal,2026-01-10,2026-01-13,Not Requested
INV-003562,CUST-00703,Professional,8472.82,USD,Failed,Credit Card,2026-02-09,,Not Requested
INV-003563,CUST-00703,Professional,8472.82,USD,Refunded,Credit Card,2026-03-11,2026-03-11,Approved - Refunded
INV-003564,CUST-00703,Professional,8472.82,USD,Paid,Credit Card,2026-04-10,2026-04-11,Not Requested
INV-003565,CUST-00703,Professional,8472.82,USD,Paid,Credit Card,2026-05-10,2026-05-10,Not Requested
INV-003566,CUST-00703,Professional,8472.82,USD,Paid,Credit Card,2026-06-09,2026-06-13,Not Requested
INV-003567,CUST-00703,Professional,8472.82,USD,Failed,Credit Card,2026-07-09,,Not Requested
INV-003568,CUST-00704,Starter,357.82,USD,Paid,Credit Card,2025-08-28,2025-09-02,Not Requested
INV-003569,CUST-00704,Starter,357.82,USD,Paid,Credit Card,2025-09-27,2025-09-28,Not Requested
INV-003570,CUST-00704,Starter,357.82,USD,Paid,Credit Card,2025-10-27,2025-10-28,Not Requested
INV-003571,CUST-00704,Starter,357.82,USD,Paid,Credit Card,2025-11-26,2025-12-01,Not Requested
INV-003572,CUST-00704,Starter,357.82,USD,Paid,PayPal,2025-12-26,2025-12-26,Not Requested
INV-003573,CUST-00704,Starter,357.82,USD,Paid,Credit Card,2026-01-25,2026-01-26,Not Requested
INV-003574,CUST-00704,Starter,357.82,USD,Paid,Credit Card,2026-02-24,2026-02-27,Not Requested
INV-003575,CUST-00704,Starter,357.82,USD,Paid,Credit Card,2026-03-26,2026-03-27,Not Requested
INV-003576,CUST-00704,Starter,357.82,USD,Failed,Credit Card,2026-04-25,,Not Requested
INV-003577,CUST-00704,Starter,357.82,USD,Paid,Credit Card,2026-05-25,2026-05-27,Not Requested
INV-003578,CUST-00704,Starter,357.82,USD,Paid,Credit Card,2026-06-24,2026-06-25,Not Requested
INV-003579,CUST-00704,Starter,357.82,USD,Paid,Credit Card,2026-07-24,2026-07-25,Not Requested
INV-003580,CUST-00706,Starter,968.74,USD,Refunded,PayPal,2025-08-28,2025-08-29,Approved - Refunded
INV-003581,CUST-00707,Professional,740.62,EUR,Paid,Credit Card,2025-08-28,2025-08-30,Not Requested
INV-003582,CUST-00707,Professional,740.62,EUR,Paid,Credit Card,2025-09-27,2025-09-27,Not Requested
INV-003583,CUST-00707,Professional,740.62,EUR,Paid,Credit Card,2025-10-27,2025-10-30,Not Requested
INV-003584,CUST-00707,Professional,740.62,EUR,Paid,Credit Card,2025-11-26,2025-11-27,Not Requested
INV-003585,CUST-00707,Professional,740.62,EUR,Paid,Credit Card,2025-12-26,2025-12-26,Not Requested
INV-003586,CUST-00707,Professional,740.62,EUR,Paid,Credit Card,2026-01-25,2026-02-01,Not Requested
INV-003587,CUST-00707,Professional,740.62,EUR,Failed,Credit Card,2026-02-24,,Not Requested
INV-003588,CUST-00707,Professional,740.62,EUR,Paid,Credit Card,2026-03-26,2026-03-29,Not Requested
INV-003589,CUST-00707,Professional,740.62,EUR,Paid,Credit Card,2026-04-25,2026-04-25,Not Requested
INV-003590,CUST-00707,Professional,740.62,EUR,Paid,Credit Card,2026-05-25,2026-05-26,Not Requested
INV-003591,CUST-00707,Professional,740.62,EUR,Paid,ACH Bank Transfer,2026-06-24,2026-06-25,Not Requested
INV-003592,CUST-00707,Professional,740.62,EUR,Paid,Credit Card,2026-07-24,2026-07-24,Not Requested
INV-003593,CUST-00708,Professional,18978.08,USD,Pending,Credit Card,2025-08-28,,Not Requested
INV-003594,CUST-00709,Professional,6098.42,USD,Paid,ACH Bank Transfer,2025-08-28,2025-08-31,Not Requested
INV-003595,CUST-00709,Professional,6098.42,USD,Failed,ACH Bank Transfer,2025-09-27,,Not Requested
INV-003596,CUST-00709,Professional,6098.42,USD,Paid,Credit Card,2025-10-27,2025-10-27,Not Requested
INV-003597,CUST-00709,Professional,6098.42,USD,Paid,Credit Card,2025-11-26,2025-11-29,Not Requested
INV-003598,CUST-00709,Professional,6098.42,USD,Paid,Credit Card,2025-12-26,2025-12-27,Not Requested
INV-003599,CUST-00709,Professional,6098.42,USD,Paid,Credit Card,2026-01-25,2026-01-27,Not Requested
INV-003600,CUST-00709,Professional,6098.42,USD,Paid,ACH Bank Transfer,2026-02-24,2026-02-26,Not Requested
INV-003601,CUST-00709,Professional,6098.42,USD,Paid,Credit Card,2026-03-26,2026-03-29,Not Requested
INV-003602,CUST-00709,Professional,6098.42,USD,Paid,Credit Card,2026-04-25,2026-04-26,Not Requested
INV-003603,CUST-00709,Professional,6098.42,USD,Paid,Credit Card,2026-05-25,2026-05-26,Not Requested
INV-003604,CUST-00709,Professional,6098.42,USD,Paid,Credit Card,2026-06-24,2026-06-27,Not Requested
INV-003605,CUST-00709,Professional,6098.42,USD,Paid,ACH Bank Transfer,2026-07-24,2026-07-30,Not Requested
INV-003606,CUST-00710,Professional,3273.94,EUR,Paid,Credit Card,2025-08-28,2025-09-01,Not Requested
INV-003607,CUST-00711,Professional,657.34,USD,Failed,Credit Card,2025-08-28,,Not Requested
INV-003608,CUST-00711,Professional,657.34,USD,Paid,Credit Card,2025-09-27,2025-09-28,Not Requested
INV-003609,CUST-00711,Professional,657.34,USD,Paid,ACH Bank Transfer,2025-10-27,2025-10-27,Not Requested
INV-003610,CUST-00711,Professional,657.34,USD,Paid,Credit Card,2025-11-26,2025-11-27,Not Requested
INV-003611,CUST-00711,Professional,657.34,USD,Paid,Credit Card,2025-12-26,2025-12-26,Not Requested
INV-003612,CUST-00711,Professional,657.34,USD,Paid,Credit Card,2026-01-25,2026-01-26,Not Requested
INV-003613,CUST-00711,Professional,657.34,USD,Paid,Credit Card,2026-02-24,2026-02-24,Not Requested
INV-003614,CUST-00711,Professional,657.34,USD,Paid,Credit Card,2026-03-26,2026-03-26,Not Requested
INV-003615,CUST-00711,Professional,657.34,USD,Refunded,Credit Card,2026-04-25,2026-04-29,Requested
INV-003616,CUST-00711,Professional,657.34,USD,Paid,ACH Bank Transfer,2026-05-25,2026-05-25,Not Requested
INV-003617,CUST-00711,Professional,657.34,USD,Paid,Credit Card,2026-06-24,2026-06-28,Not Requested
INV-003618,CUST-00711,Professional,657.34,USD,Paid,ACH Bank Transfer,2026-07-24,2026-07-28,Not Requested
INV-003619,CUST-00712,Professional,3422.33,CAD,Paid,ACH Bank Transfer,2025-08-28,2025-08-29,Not Requested
INV-003620,CUST-00712,Professional,3422.33,CAD,Paid,Credit Card,2025-09-27,2025-10-02,Not Requested
INV-003621,CUST-00712,Professional,3422.33,CAD,Paid,PayPal,2025-10-27,2025-10-29,Not Requested
INV-003622,CUST-00712,Professional,3422.33,CAD,Failed,Credit Card,2025-11-26,,Not Requested
INV-003623,CUST-00712,Professional,3422.33,CAD,Paid,Credit Card,2025-12-26,2025-12-26,Not Requested
INV-003624,CUST-00712,Professional,3422.33,CAD,Paid,ACH Bank Transfer,2026-01-25,2026-01-31,Not Requested
INV-003625,CUST-00712,Professional,3422.33,CAD,Paid,ACH Bank Transfer,2026-02-24,2026-02-27,Not Requested
INV-003626,CUST-00712,Professional,3422.33,CAD,Paid,Credit Card,2026-03-26,2026-04-01,Not Requested
INV-003627,CUST-00712,Professional,3422.33,CAD,Paid,Credit Card,2026-04-25,2026-05-03,Not Requested
INV-003628,CUST-00712,Professional,3422.33,CAD,Pending,ACH Bank Transfer,2026-05-25,,Not Requested
INV-003629,CUST-00712,Professional,3422.33,CAD,Paid,Credit Card,2026-06-24,2026-06-28,Not Requested
INV-003630,CUST-00712,Professional,3422.33,CAD,Pending,Credit Card,2026-07-24,,Not Requested
INV-003631,CUST-00713,Starter,675.81,USD,Paid,Credit Card,2025-08-28,2025-08-28,Not Requested
INV-003632,CUST-00713,Starter,675.81,USD,Paid,Credit Card,2025-09-27,2025-10-01,Not Requested
INV-003633,CUST-00713,Starter,675.81,USD,Paid,Credit Card,2025-10-27,2025-10-27,Not Requested
INV-003634,CUST-00713,Starter,675.81,USD,Paid,Credit Card,2025-11-26,2025-12-01,Not Requested
INV-003635,CUST-00713,Starter,675.81,USD,Paid,Credit Card,2025-12-26,2025-12-26,Not Requested
INV-003636,CUST-00713,Starter,675.81,USD,Paid,Credit Card,2026-01-25,2026-01-26,Not Requested
INV-003637,CUST-00713,Starter,675.81,USD,Paid,PayPal,2026-02-24,2026-02-25,Not Requested
INV-003638,CUST-00713,Starter,675.81,USD,Paid,Credit Card,2026-03-26,2026-03-27,Not Requested
INV-003639,CUST-00713,Starter,675.81,USD,Paid,Credit Card,2026-04-25,2026-04-25,Not Requested
INV-003640,CUST-00713,Starter,675.81,USD,Paid,Credit Card,2026-05-25,2026-05-25,Not Requested
INV-003641,CUST-00713,Starter,675.81,USD,Paid,Credit Card,2026-06-24,2026-06-27,Not Requested
INV-003642,CUST-00713,Starter,675.81,USD,Failed,Credit Card,2026-07-24,,Not Requested
INV-003643,CUST-00714,Starter,2729.35,USD,Paid,Credit Card,2025-08-28,2025-09-02,Not Requested
INV-003644,CUST-00715,Starter,891.88,USD,Paid,Credit Card,2025-08-28,2025-08-29,Not Requested
INV-003645,CUST-00716,Starter,5593.77,EUR,Paid,PayPal,2025-08-28,2025-08-30,Not Requested
INV-003646,CUST-00717,Starter,2525.0,EUR,Paid,Credit Card,2025-08-28,2025-08-31,Not Requested
INV-003647,CUST-00718,Professional,321.1,USD,Paid,ACH Bank Transfer,2025-08-28,2025-08-30,Not Requested
INV-003648,CUST-00718,Professional,321.1,USD,Paid,Credit Card,2025-09-27,2025-10-05,Not Requested
INV-003649,CUST-00718,Professional,321.1,USD,Paid,Credit Card,2025-10-27,2025-11-03,Not Requested
INV-003650,CUST-00718,Professional,321.1,USD,Paid,Credit Card,2025-11-26,2025-12-02,Not Requested
INV-003651,CUST-00718,Professional,321.1,USD,Paid,Credit Card,2025-12-26,2025-12-26,Not Requested
INV-003652,CUST-00718,Professional,321.1,USD,Paid,Credit Card,2026-01-25,2026-01-29,Not Requested
INV-003653,CUST-00718,Professional,321.1,USD,Paid,Credit Card,2026-02-24,2026-02-27,Not Requested
INV-003654,CUST-00718,Professional,321.1,USD,Paid,Credit Card,2026-03-26,2026-03-28,Not Requested
INV-003655,CUST-00718,Professional,321.1,USD,Paid,Credit Card,2026-04-25,2026-04-25,Not Requested
INV-003656,CUST-00718,Professional,321.1,USD,Paid,ACH Bank Transfer,2026-05-25,2026-05-29,Not Requested
INV-003657,CUST-00718,Professional,321.1,USD,Paid,Credit Card,2026-06-24,2026-06-25,Not Requested
INV-003658,CUST-00718,Professional,321.1,USD,Paid,Credit Card,2026-07-24,2026-07-29,Not Requested
INV-003659,CUST-00719,Starter,215.04,CAD,Paid,Credit Card,2025-08-28,2025-08-29,Not Requested
INV-003660,CUST-00719,Starter,215.04,CAD,Paid,Credit Card,2025-09-27,2025-09-27,Not Requested
INV-003661,CUST-00719,Starter,215.04,CAD,Paid,Credit Card,2025-10-27,2025-10-30,Not Requested
INV-003662,CUST-00719,Starter,215.04,CAD,Pending,Credit Card,2025-11-26,,Not Requested
INV-003663,CUST-00719,Starter,215.04,CAD,Paid,Credit Card,2025-12-26,2025-12-26,Not Requested
INV-003664,CUST-00719,Starter,215.04,CAD,Paid,Credit Card,2026-01-25,2026-01-31,Not Requested
INV-003665,CUST-00719,Starter,215.04,CAD,Paid,Credit Card,2026-02-24,2026-02-28,Not Requested
INV-003666,CUST-00719,Starter,215.04,CAD,Paid,Credit Card,2026-03-26,2026-03-28,Not Requested
INV-003667,CUST-00719,Starter,215.04,CAD,Paid,Credit Card,2026-04-25,2026-04-25,Not Requested
INV-003668,CUST-00719,Starter,215.04,CAD,Paid,PayPal,2026-05-25,2026-05-25,Not Requested
INV-003669,CUST-00719,Starter,215.04,CAD,Paid,Credit Card,2026-06-24,2026-06-28,Not Requested
INV-003670,CUST-00719,Starter,215.04,CAD,Paid,Credit Card,2026-07-24,2026-07-26,Not Requested
INV-003671,CUST-00720,Professional,7159.36,USD,Paid,ACH Bank Transfer,2025-08-28,2025-08-30,Not Requested
INV-003672,CUST-00720,Professional,7159.36,USD,Paid,ACH Bank Transfer,2025-09-27,2025-10-04,Not Requested
INV-003673,CUST-00720,Professional,7159.36,USD,Paid,Credit Card,2025-10-27,2025-10-29,Not Requested
INV-003674,CUST-00720,Professional,7159.36,USD,Paid,Credit Card,2025-11-26,2025-11-27,Not Requested
INV-003675,CUST-00720,Professional,7159.36,USD,Paid,Credit Card,2025-12-26,2025-12-28,Not Requested
INV-003676,CUST-00720,Professional,7159.36,USD,Paid,Credit Card,2026-01-25,2026-01-28,Not Requested
INV-003677,CUST-00720,Professional,7159.36,USD,Paid,Credit Card,2026-02-24,2026-02-28,Not Requested
INV-003678,CUST-00720,Professional,7159.36,USD,Paid,Credit Card,2026-03-26,2026-03-30,Not Requested
INV-003679,CUST-00720,Professional,7159.36,USD,Paid,Credit Card,2026-04-25,2026-05-01,Not Requested
INV-003680,CUST-00720,Professional,7159.36,USD,Paid,ACH Bank Transfer,2026-05-25,2026-05-25,Not Requested
INV-003681,CUST-00720,Professional,7159.36,USD,Paid,ACH Bank Transfer,2026-06-24,2026-06-25,Not Requested
INV-003682,CUST-00720,Professional,7159.36,USD,Pending,ACH Bank Transfer,2026-07-24,,Not Requested
INV-003683,CUST-00721,Enterprise,708274.23,USD,Paid,ACH Bank Transfer,2025-08-28,2025-08-29,Not Requested
INV-003684,CUST-00722,Starter,198.54,USD,Paid,Credit Card,2025-08-28,2025-08-30,Not Requested
INV-003685,CUST-00722,Starter,198.54,USD,Paid,Credit Card,2025-09-27,2025-09-29,Not Requested
INV-003686,CUST-00722,Starter,198.54,USD,Paid,Credit Card,2025-10-27,2025-10-29,Not Requested
INV-003687,CUST-00722,Starter,198.54,USD,Paid,Credit Card,2025-11-26,2025-11-26,Not Requested
INV-003688,CUST-00722,Starter,198.54,USD,Paid,Credit Card,2025-12-26,2025-12-28,Not Requested
INV-003689,CUST-00722,Starter,198.54,USD,Paid,Credit Card,2026-01-25,2026-01-27,Not Requested
INV-003690,CUST-00722,Starter,198.54,USD,Paid,Credit Card,2026-02-24,2026-02-25,Not Requested
INV-003691,CUST-00722,Starter,198.54,USD,Paid,Credit Card,2026-03-26,2026-03-31,Not Requested
INV-003692,CUST-00722,Starter,198.54,USD,Paid,Credit Card,2026-04-25,2026-04-27,Not Requested
INV-003693,CUST-00722,Starter,198.54,USD,Paid,Credit Card,2026-05-25,2026-05-25,Not Requested
INV-003694,CUST-00722,Starter,198.54,USD,Paid,Credit Card,2026-06-24,2026-06-27,Not Requested
INV-003695,CUST-00722,Starter,198.54,USD,Paid,Credit Card,2026-07-24,2026-07-25,Not Requested
INV-003696,CUST-00723,Professional,78154.13,USD,Paid,ACH Bank Transfer,2025-08-28,2025-09-05,Not Requested
INV-003697,CUST-00724,Professional,76338.13,EUR,Failed,Credit Card,2025-08-28,,Not Requested
INV-003698,CUST-00725,Professional,1146.62,USD,Paid,ACH Bank Transfer,2025-08-28,2025-08-28,Not Requested
INV-003699,CUST-00725,Professional,1146.62,USD,Paid,Credit Card,2025-09-27,2025-10-01,Not Requested
INV-003700,CUST-00725,Professional,1146.62,USD,Paid,Credit Card,2025-10-27,2025-10-31,Not Requested
INV-003701,CUST-00725,Professional,1146.62,USD,Paid,Credit Card,2025-11-26,2025-11-28,Not Requested
INV-003702,CUST-00725,Professional,1146.62,USD,Paid,Credit Card,2025-12-26,2026-01-04,Not Requested
INV-003703,CUST-00725,Professional,1146.62,USD,Failed,Credit Card,2026-01-25,,Not Requested
INV-003704,CUST-00725,Professional,1146.62,USD,Paid,PayPal,2026-02-24,2026-02-24,Not Requested
INV-003705,CUST-00725,Professional,1146.62,USD,Paid,Credit Card,2026-03-26,2026-03-27,Not Requested
INV-003706,CUST-00725,Professional,1146.62,USD,Paid,ACH Bank Transfer,2026-04-25,2026-04-27,Not Requested
INV-003707,CUST-00725,Professional,1146.62,USD,Paid,PayPal,2026-05-25,2026-05-25,Not Requested
INV-003708,CUST-00725,Professional,1146.62,USD,Paid,Credit Card,2026-06-24,2026-06-27,Not Requested
INV-003709,CUST-00725,Professional,1146.62,USD,Paid,Credit Card,2026-07-24,2026-07-26,Not Requested
INV-003710,CUST-00726,Professional,23742.39,USD,Paid,Credit Card,2025-08-28,2025-09-03,Not Requested
INV-003711,CUST-00727,Professional,104948.41,USD,Paid,ACH Bank Transfer,2025-08-28,2025-08-29,Not Requested
INV-003712,CUST-00728,Enterprise,373292.6,USD,Paid,Wire Transfer,2025-08-28,2025-08-31,Not Requested
INV-003713,CUST-00729,Professional,6724.86,EUR,Paid,Credit Card,2025-08-28,2025-09-01,Not Requested
INV-003714,CUST-00729,Professional,6724.86,EUR,Paid,Credit Card,2025-09-27,2025-09-28,Not Requested
INV-003715,CUST-00729,Professional,6724.86,EUR,Paid,Credit Card,2025-10-27,2025-10-29,Not Requested
INV-003716,CUST-00729,Professional,6724.86,EUR,Paid,Credit Card,2025-11-26,2025-11-28,Not Requested
INV-003717,CUST-00729,Professional,6724.86,EUR,Paid,ACH Bank Transfer,2025-12-26,2025-12-31,Not Requested
INV-003718,CUST-00729,Professional,6724.86,EUR,Paid,Credit Card,2026-01-25,2026-01-25,Not Requested
INV-003719,CUST-00729,Professional,6724.86,EUR,Paid,Credit Card,2026-02-24,2026-02-24,Not Requested
INV-003720,CUST-00729,Professional,6724.86,EUR,Paid,Credit Card,2026-03-26,2026-03-26,Not Requested
INV-003721,CUST-00729,Professional,6724.86,EUR,Pending,ACH Bank Transfer,2026-04-25,,Not Requested
INV-003722,CUST-00729,Professional,6724.86,EUR,Paid,Credit Card,2026-05-25,2026-05-28,Not Requested
INV-003723,CUST-00729,Professional,6724.86,EUR,Paid,Credit Card,2026-06-24,2026-06-24,Not Requested
INV-003724,CUST-00729,Professional,6724.86,EUR,Paid,Credit Card,2026-07-24,2026-07-26,Not Requested
INV-003725,CUST-00730,Starter,3074.38,EUR,Paid,Credit Card,2025-08-28,2025-09-01,Not Requested
INV-003726,CUST-00731,Starter,4163.09,USD,Paid,Credit Card,2025-08-28,2025-09-01,Not Requested
INV-003727,CUST-00732,Starter,1309.52,USD,Paid,PayPal,2025-08-28,2025-08-28,Not Requested
INV-003728,CUST-00733,Starter,6253.32,USD,Paid,Credit Card,2025-08-28,2025-09-02,Not Requested
INV-003729,CUST-00734,Starter,225.51,USD,Paid,Credit Card,2025-08-28,2025-08-29,Not Requested
INV-003730,CUST-00734,Starter,225.51,USD,Paid,Credit Card,2025-09-27,2025-10-01,Not Requested
INV-003731,CUST-00734,Starter,225.51,USD,Paid,Credit Card,2025-10-27,2025-10-29,Not Requested
INV-003732,CUST-00734,Starter,225.51,USD,Paid,Credit Card,2025-11-26,2025-12-01,Not Requested
INV-003733,CUST-00734,Starter,225.51,USD,Pending,PayPal,2025-12-26,,Not Requested
INV-003734,CUST-00734,Starter,225.51,USD,Paid,Credit Card,2026-01-25,2026-01-25,Not Requested
INV-003735,CUST-00734,Starter,225.51,USD,Paid,Credit Card,2026-02-24,2026-02-27,Not Requested
INV-003736,CUST-00734,Starter,225.51,USD,Paid,Credit Card,2026-03-26,2026-03-26,Not Requested
INV-003737,CUST-00734,Starter,225.51,USD,Paid,Credit Card,2026-04-25,2026-04-30,Not Requested
INV-003738,CUST-00734,Starter,225.51,USD,Paid,Credit Card,2026-05-25,2026-05-30,Not Requested
INV-003739,CUST-00734,Starter,225.51,USD,Paid,PayPal,2026-06-24,2026-06-27,Not Requested
INV-003740,CUST-00734,Starter,225.51,USD,Paid,Credit Card,2026-07-24,2026-07-25,Not Requested
INV-003741,CUST-00736,Enterprise,1717778.49,USD,Paid,ACH Bank Transfer,2025-08-28,2025-08-28,Not Requested
INV-003742,CUST-00737,Starter,606.27,USD,Paid,Credit Card,2025-08-28,2025-08-30,Not Requested
INV-003743,CUST-00737,Starter,606.27,USD,Paid,Credit Card,2025-09-27,2025-09-30,Not Requested
INV-003744,CUST-00737,Starter,606.27,USD,Paid,Credit Card,2025-10-27,2025-10-30,Not Requested
INV-003745,CUST-00737,Starter,606.27,USD,Paid,Credit Card,2025-11-26,2025-11-27,Not Requested
INV-003746,CUST-00737,Starter,606.27,USD,Failed,Credit Card,2025-12-26,,Not Requested
INV-003747,CUST-00737,Starter,606.27,USD,Paid,Credit Card,2026-01-25,2026-01-31,Not Requested
INV-003748,CUST-00737,Starter,606.27,USD,Paid,Credit Card,2026-02-24,2026-02-28,Not Requested
INV-003749,CUST-00737,Starter,606.27,USD,Paid,Credit Card,2026-03-26,2026-03-28,Not Requested
INV-003750,CUST-00737,Starter,606.27,USD,Paid,Credit Card,2026-04-25,2026-04-30,Not Requested
INV-003751,CUST-00737,Starter,606.27,USD,Paid,Credit Card,2026-05-25,2026-05-29,Not Requested
INV-003752,CUST-00737,Starter,606.27,USD,Paid,Credit Card,2026-06-24,2026-06-24,Not Requested
INV-003753,CUST-00737,Starter,606.27,USD,Paid,Credit Card,2026-07-24,2026-07-28,Not Requested
INV-003754,CUST-00738,Professional,49339.54,EUR,Paid,PayPal,2025-08-28,2025-08-29,Not Requested
INV-003755,CUST-00740,Professional,14173.49,USD,Refunded,Credit Card,2025-08-28,2025-08-29,Approved - Refunded
INV-003756,CUST-00741,Enterprise,227096.19,USD,Paid,ACH Bank Transfer,2025-08-28,2025-08-28,Not Requested
INV-003757,CUST-00742,Starter,363.18,USD,Paid,PayPal,2025-08-28,2025-09-01,Not Requested
INV-003758,CUST-00742,Starter,363.18,USD,Paid,Credit Card,2025-09-27,2025-09-30,Not Requested
INV-003759,CUST-00742,Starter,363.18,USD,Paid,Credit Card,2025-10-27,2025-11-01,Not Requested
INV-003760,CUST-00742,Starter,363.18,USD,Paid,Credit Card,2025-11-26,2025-11-27,Not Requested
INV-003761,CUST-00742,Starter,363.18,USD,Paid,PayPal,2025-12-26,2025-12-27,Not Requested
INV-003762,CUST-00742,Starter,363.18,USD,Paid,Credit Card,2026-01-25,2026-01-28,Not Requested
INV-003763,CUST-00742,Starter,363.18,USD,Paid,Credit Card,2026-02-24,2026-02-27,Not Requested
INV-003764,CUST-00742,Starter,363.18,USD,Paid,Credit Card,2026-03-26,2026-04-02,Not Requested
INV-003765,CUST-00742,Starter,363.18,USD,Paid,Credit Card,2026-04-25,2026-04-27,Not Requested
INV-003766,CUST-00742,Starter,363.18,USD,Paid,Credit Card,2026-05-25,2026-05-26,Not Requested
INV-003767,CUST-00742,Starter,363.18,USD,Pending,Credit Card,2026-06-24,,Not Requested
INV-003768,CUST-00742,Starter,363.18,USD,Refunded,Credit Card,2026-07-24,2026-07-24,Approved - Refunded
INV-003769,CUST-00743,Starter,570.56,USD,Refunded,Credit Card,2025-08-28,2025-08-30,Requested
INV-003770,CUST-00743,Starter,570.56,USD,Paid,Credit Card,2025-09-27,2025-09-30,Not Requested
INV-003771,CUST-00743,Starter,570.56,USD,Paid,Credit Card,2025-10-27,2025-10-31,Not Requested
INV-003772,CUST-00743,Starter,570.56,USD,Paid,ACH Bank Transfer,2025-11-26,2025-11-28,Not Requested
INV-003773,CUST-00743,Starter,570.56,USD,Paid,Credit Card,2025-12-26,2025-12-28,Not Requested
INV-003774,CUST-00743,Starter,570.56,USD,Paid,Credit Card,2026-01-25,2026-01-26,Not Requested
INV-003775,CUST-00743,Starter,570.56,USD,Paid,Credit Card,2026-02-24,2026-02-28,Not Requested
INV-003776,CUST-00743,Starter,570.56,USD,Paid,Credit Card,2026-03-26,2026-03-30,Not Requested
INV-003777,CUST-00743,Starter,570.56,USD,Paid,Credit Card,2026-04-25,2026-05-02,Not Requested
INV-003778,CUST-00743,Starter,570.56,USD,Paid,Credit Card,2026-05-25,2026-05-27,Not Requested
INV-003779,CUST-00743,Starter,570.56,USD,Paid,Credit Card,2026-06-24,2026-06-30,Not Requested
INV-003780,CUST-00743,Starter,570.56,USD,Failed,PayPal,2026-07-24,,Not Requested
INV-003781,CUST-00744,Professional,5624.41,USD,Paid,PayPal,2025-08-28,2025-08-28,Not Requested
INV-003782,CUST-00746,Starter,541.32,USD,Paid,PayPal,2025-08-28,2025-08-28,Not Requested
INV-003783,CUST-00746,Starter,541.32,USD,Paid,Credit Card,2025-09-27,2025-09-27,Not Requested
INV-003784,CUST-00746,Starter,541.32,USD,Paid,Credit Card,2025-10-27,2025-10-29,Not Requested
INV-003785,CUST-00746,Starter,541.32,USD,Paid,Credit Card,2025-11-26,2025-12-02,Not Requested
INV-003786,CUST-00746,Starter,541.32,USD,Failed,PayPal,2025-12-26,,Requested
INV-003787,CUST-00746,Starter,541.32,USD,Paid,Credit Card,2026-01-25,2026-01-26,Not Requested
INV-003788,CUST-00746,Starter,541.32,USD,Paid,Credit Card,2026-02-24,2026-02-28,Not Requested
INV-003789,CUST-00746,Starter,541.32,USD,Failed,Credit Card,2026-03-26,,Not Requested
INV-003790,CUST-00746,Starter,541.32,USD,Paid,Credit Card,2026-04-25,2026-05-03,Not Requested
INV-003791,CUST-00746,Starter,541.32,USD,Paid,Credit Card,2026-05-25,2026-05-29,Not Requested
INV-003792,CUST-00746,Starter,541.32,USD,Paid,Credit Card,2026-06-24,2026-06-29,Not Requested
INV-003793,CUST-00746,Starter,541.32,USD,Pending,Credit Card,2026-07-24,,Not Requested
INV-003794,CUST-00747,Enterprise,865907.34,USD,Pending,Wire Transfer,2025-08-28,,Not Requested
INV-003795,CUST-00748,Professional,8174.93,USD,Failed,Credit Card,2025-08-28,,Not Requested
INV-003796,CUST-00748,Professional,8174.93,USD,Paid,ACH Bank Transfer,2025-09-27,2025-09-27,Not Requested
INV-003797,CUST-00748,Professional,8174.93,USD,Paid,PayPal,2025-10-27,2025-11-01,Not Requested
INV-003798,CUST-00748,Professional,8174.93,USD,Paid,Credit Card,2025-11-26,2025-12-01,Not Requested
INV-003799,CUST-00748,Professional,8174.93,USD,Paid,Credit Card,2025-12-26,2025-12-27,Not Requested
INV-003800,CUST-00748,Professional,8174.93,USD,Paid,Credit Card,2026-01-25,2026-01-30,Not Requested
INV-003801,CUST-00748,Professional,8174.93,USD,Paid,ACH Bank Transfer,2026-02-24,2026-03-01,Not Requested
INV-003802,CUST-00748,Professional,8174.93,USD,Paid,Credit Card,2026-03-26,2026-03-28,Not Requested
INV-003803,CUST-00748,Professional,8174.93,USD,Pending,Credit Card,2026-04-25,,Not Requested
INV-003804,CUST-00748,Professional,8174.93,USD,Paid,Credit Card,2026-05-25,2026-05-30,Not Requested
INV-003805,CUST-00748,Professional,8174.93,USD,Paid,Credit Card,2026-06-24,2026-06-28,Not Requested
INV-003806,CUST-00748,Professional,8174.93,USD,Paid,Credit Card,2026-07-24,2026-07-28,Not Requested
INV-003807,CUST-00749,Starter,220.49,USD,Paid,Credit Card,2025-08-28,2025-08-30,Not Requested
INV-003808,CUST-00749,Starter,220.49,USD,Failed,Credit Card,2025-09-27,,Not Requested
INV-003809,CUST-00749,Starter,220.49,USD,Paid,Credit Card,2025-10-27,2025-11-01,Not Requested
INV-003810,CUST-00749,Starter,220.49,USD,Paid,Credit Card,2025-11-26,2025-11-26,Not Requested
INV-003811,CUST-00749,Starter,220.49,USD,Paid,Credit Card,2025-12-26,2025-12-26,Not Requested
INV-003812,CUST-00749,Starter,220.49,USD,Paid,Credit Card,2026-01-25,2026-01-28,Not Requested
INV-003813,CUST-00749,Starter,220.49,USD,Paid,Credit Card,2026-02-24,2026-02-26,Not Requested
INV-003814,CUST-00749,Starter,220.49,USD,Paid,Credit Card,2026-03-26,2026-04-01,Not Requested
INV-003815,CUST-00749,Starter,220.49,USD,Paid,Credit Card,2026-04-25,2026-04-25,Not Requested
INV-003816,CUST-00749,Starter,220.49,USD,Paid,Credit Card,2026-05-25,2026-05-27,Not Requested
INV-003817,CUST-00749,Starter,220.49,USD,Paid,PayPal,2026-06-24,2026-06-26,Not Requested
INV-003818,CUST-00749,Starter,220.49,USD,Failed,Credit Card,2026-07-24,,Not Requested
INV-003819,CUST-00750,Professional,6912.67,USD,Paid,Credit Card,2025-08-28,2025-08-30,Not Requested
INV-003820,CUST-00750,Professional,6912.67,USD,Paid,Credit Card,2025-09-27,2025-09-30,Not Requested
INV-003821,CUST-00750,Professional,6912.67,USD,Paid,Credit Card,2025-10-27,2025-10-29,Not Requested
INV-003822,CUST-00750,Professional,6912.67,USD,Paid,Credit Card,2025-11-26,2025-11-26,Not Requested
INV-003823,CUST-00750,Professional,6912.67,USD,Paid,Credit Card,2025-12-26,2025-12-26,Not Requested
INV-003824,CUST-00750,Professional,6912.67,USD,Paid,ACH Bank Transfer,2026-01-25,2026-01-25,Not Requested
INV-003825,CUST-00750,Professional,6912.67,USD,Failed,ACH Bank Transfer,2026-02-24,,Not Requested
INV-003826,CUST-00750,Professional,6912.67,USD,Paid,Credit Card,2026-03-26,2026-03-30,Not Requested
INV-003827,CUST-00750,Professional,6912.67,USD,Paid,Credit Card,2026-04-25,2026-04-27,Not Requested
INV-003828,CUST-00750,Professional,6912.67,USD,Paid,PayPal,2026-05-25,2026-05-26,Not Requested
INV-003829,CUST-00750,Professional,6912.67,USD,Failed,Credit Card,2026-06-24,,Not Requested
INV-003830,CUST-00750,Professional,6912.67,USD,Failed,ACH Bank Transfer,2026-07-24,,Not Requested
INV-003831,CUST-00751,Starter,2078.25,USD,Paid,PayPal,2025-08-28,2025-08-31,Not Requested
INV-003832,CUST-00752,Professional,14356.76,AUD,Paid,Credit Card,2025-08-28,2025-09-01,Not Requested
INV-003833,CUST-00752,Professional,14356.76,AUD,Paid,ACH Bank Transfer,2025-09-27,2025-09-27,Not Requested
INV-003834,CUST-00752,Professional,14356.76,AUD,Paid,Credit Card,2025-10-27,2025-10-28,Not Requested
INV-003835,CUST-00752,Professional,14356.76,AUD,Paid,Credit Card,2025-11-26,2025-11-29,Not Requested
INV-003836,CUST-00752,Professional,14356.76,AUD,Pending,Credit Card,2025-12-26,,Not Requested
INV-003837,CUST-00752,Professional,14356.76,AUD,Paid,ACH Bank Transfer,2026-01-25,2026-01-28,Not Requested
INV-003838,CUST-00752,Professional,14356.76,AUD,Paid,ACH Bank Transfer,2026-02-24,2026-02-25,Not Requested
INV-003839,CUST-00752,Professional,14356.76,AUD,Paid,Credit Card,2026-03-26,2026-03-26,Not Requested
INV-003840,CUST-00752,Professional,14356.76,AUD,Paid,Credit Card,2026-04-25,2026-04-26,Not Requested
INV-003841,CUST-00752,Professional,14356.76,AUD,Paid,PayPal,2026-05-25,2026-05-27,Not Requested
INV-003842,CUST-00752,Professional,14356.76,AUD,Paid,Credit Card,2026-06-24,2026-06-25,Not Requested
INV-003843,CUST-00752,Professional,14356.76,AUD,Paid,Credit Card,2026-07-24,2026-07-26,Not Requested
INV-003844,CUST-00753,Starter,3003.58,USD,Pending,Credit Card,2025-09-29,,Not Requested
INV-003845,CUST-00754,Professional,59387.92,USD,Paid,Credit Card,2025-08-28,2025-09-01,Not Requested
INV-003846,CUST-00755,Professional,598.14,USD,Paid,Credit Card,2025-08-28,2025-08-28,Not Requested
INV-003847,CUST-00755,Professional,598.14,USD,Paid,Credit Card,2025-09-27,2025-09-27,Not Requested
INV-003848,CUST-00755,Professional,598.14,USD,Paid,PayPal,2025-10-27,2025-10-28,Not Requested
INV-003849,CUST-00755,Professional,598.14,USD,Paid,ACH Bank Transfer,2025-11-26,2025-11-27,Not Requested
INV-003850,CUST-00755,Professional,598.14,USD,Paid,Credit Card,2025-12-26,2025-12-26,Not Requested
INV-003851,CUST-00755,Professional,598.14,USD,Paid,Credit Card,2026-01-25,2026-01-27,Not Requested
INV-003852,CUST-00755,Professional,598.14,USD,Paid,Credit Card,2026-02-24,2026-02-25,Not Requested
INV-003853,CUST-00755,Professional,598.14,USD,Paid,Credit Card,2026-03-26,2026-03-27,Not Requested
INV-003854,CUST-00755,Professional,598.14,USD,Paid,Credit Card,2026-04-25,2026-04-27,Not Requested
INV-003855,CUST-00755,Professional,598.14,USD,Pending,Credit Card,2026-05-25,,Not Requested
INV-003856,CUST-00755,Professional,598.14,USD,Paid,Credit Card,2026-06-24,2026-06-25,Not Requested
INV-003857,CUST-00755,Professional,598.14,USD,Paid,Credit Card,2026-07-24,2026-07-26,Not Requested
INV-003858,CUST-00756,Starter,126.08,USD,Paid,Credit Card,2025-08-28,2025-08-29,Not Requested
INV-003859,CUST-00756,Starter,126.08,USD,Paid,Credit Card,2025-09-27,2025-09-27,Not Requested
INV-003860,CUST-00756,Starter,126.08,USD,Paid,PayPal,2025-10-27,2025-10-27,Not Requested
INV-003861,CUST-00756,Starter,126.08,USD,Paid,Credit Card,2025-11-26,2025-11-28,Not Requested
INV-003862,CUST-00756,Starter,126.08,USD,Paid,Credit Card,2025-12-26,2025-12-31,Not Requested
INV-003863,CUST-00756,Starter,126.08,USD,Paid,Credit Card,2026-01-25,2026-01-26,Not Requested
INV-003864,CUST-00756,Starter,126.08,USD,Pending,Credit Card,2026-02-24,,Not Requested
INV-003865,CUST-00756,Starter,126.08,USD,Paid,Credit Card,2026-03-26,2026-03-31,Not Requested
INV-003866,CUST-00756,Starter,126.08,USD,Paid,Credit Card,2026-04-25,2026-04-30,Not Requested
INV-003867,CUST-00756,Starter,126.08,USD,Paid,Credit Card,2026-05-25,2026-05-28,Not Requested
INV-003868,CUST-00756,Starter,126.08,USD,Paid,Credit Card,2026-06-24,2026-06-24,Not Requested
INV-003869,CUST-00756,Starter,126.08,USD,Failed,Credit Card,2026-07-24,,Not Requested
INV-003870,CUST-00758,Starter,449.7,EUR,Paid,Credit Card,2025-08-28,2025-08-29,Not Requested
INV-003871,CUST-00758,Starter,449.7,EUR,Paid,PayPal,2025-09-27,2025-10-02,Not Requested
INV-003872,CUST-00758,Starter,449.7,EUR,Paid,PayPal,2025-10-27,2025-11-01,Not Requested
INV-003873,CUST-00758,Starter,449.7,EUR,Paid,Credit Card,2025-11-26,2025-11-27,Not Requested
INV-003874,CUST-00758,Starter,449.7,EUR,Paid,Credit Card,2025-12-26,2025-12-31,Not Requested
INV-003875,CUST-00758,Starter,449.7,EUR,Paid,Credit Card,2026-01-25,2026-01-30,Not Requested
INV-003876,CUST-00758,Starter,449.7,EUR,Paid,Credit Card,2026-02-24,2026-02-24,Not Requested
INV-003877,CUST-00758,Starter,449.7,EUR,Paid,Credit Card,2026-03-26,2026-03-29,Not Requested
INV-003878,CUST-00758,Starter,449.7,EUR,Paid,Credit Card,2026-04-25,2026-05-02,Not Requested
INV-003879,CUST-00758,Starter,449.7,EUR,Paid,Credit Card,2026-05-25,2026-05-27,Not Requested
INV-003880,CUST-00758,Starter,449.7,EUR,Paid,Credit Card,2026-06-24,2026-06-29,Not Requested
INV-003881,CUST-00758,Starter,449.7,EUR,Paid,Credit Card,2026-07-24,2026-07-29,Not Requested
INV-003882,CUST-00759,Professional,3397.1,USD,Paid,Credit Card,2025-08-28,2025-09-04,Not Requested
INV-003883,CUST-00759,Professional,3397.1,USD,Failed,Credit Card,2025-09-27,,Not Requested
INV-003884,CUST-00759,Professional,3397.1,USD,Paid,Credit Card,2025-10-27,2025-10-28,Not Requested
INV-003885,CUST-00759,Professional,3397.1,USD,Paid,Credit Card,2025-11-26,2025-11-27,Not Requested
INV-003886,CUST-00759,Professional,3397.1,USD,Paid,Credit Card,2025-12-26,2025-12-30,Not Requested
INV-003887,CUST-00759,Professional,3397.1,USD,Paid,Credit Card,2026-01-25,2026-02-01,Not Requested
INV-003888,CUST-00759,Professional,3397.1,USD,Paid,Credit Card,2026-02-24,2026-02-27,Not Requested
INV-003889,CUST-00759,Professional,3397.1,USD,Paid,Credit Card,2026-03-26,2026-03-30,Not Requested
INV-003890,CUST-00759,Professional,3397.1,USD,Paid,Credit Card,2026-04-25,2026-04-25,Not Requested
INV-003891,CUST-00759,Professional,3397.1,USD,Paid,Credit Card,2026-05-25,2026-05-26,Not Requested
INV-003892,CUST-00759,Professional,3397.1,USD,Paid,Credit Card,2026-06-24,2026-06-27,Not Requested
INV-003893,CUST-00759,Professional,3397.1,USD,Paid,Credit Card,2026-07-24,2026-07-27,Not Requested
INV-003894,CUST-00760,Enterprise,414263.61,USD,Paid,ACH Bank Transfer,2025-08-28,2025-08-31,Not Requested
INV-003895,CUST-00761,Enterprise,197192.57,USD,Failed,ACH Bank Transfer,2025-08-28,,Not Requested
INV-003896,CUST-00763,Starter,4156.01,USD,Paid,Credit Card,2025-08-28,2025-08-31,Not Requested
INV-003897,CUST-00764,Professional,102674.12,USD,Paid,Credit Card,2025-08-28,2025-09-02,Not Requested
INV-003898,CUST-00766,Professional,101897.47,USD,Paid,Credit Card,2025-08-28,2025-08-29,Not Requested
INV-003899,CUST-00767,Starter,397.55,EUR,Paid,Credit Card,2025-11-18,2025-11-21,Not Requested
INV-003900,CUST-00767,Starter,397.55,EUR,Paid,Credit Card,2025-12-18,2025-12-20,Not Requested
INV-003901,CUST-00767,Starter,397.55,EUR,Pending,Credit Card,2026-01-17,,Not Requested
INV-003902,CUST-00767,Starter,397.55,EUR,Paid,Credit Card,2026-02-16,2026-02-21,Not Requested
INV-003903,CUST-00767,Starter,397.55,EUR,Paid,PayPal,2026-03-18,2026-03-22,Not Requested
INV-003904,CUST-00767,Starter,397.55,EUR,Paid,ACH Bank Transfer,2026-04-17,2026-04-17,Not Requested
INV-003905,CUST-00767,Starter,397.55,EUR,Paid,Credit Card,2026-05-17,2026-05-17,Not Requested
INV-003906,CUST-00767,Starter,397.55,EUR,Paid,Credit Card,2026-06-16,2026-06-16,Not Requested
INV-003907,CUST-00767,Starter,397.55,EUR,Paid,Credit Card,2026-07-16,2026-07-16,Not Requested
INV-003908,CUST-00768,Professional,46870.24,USD,Paid,Credit Card,2025-08-28,2025-09-01,Not Requested
INV-003909,CUST-00769,Professional,3337.3,USD,Paid,Credit Card,2025-08-28,2025-09-02,Not Requested
INV-003910,CUST-00769,Professional,3337.3,USD,Paid,ACH Bank Transfer,2025-09-27,2025-09-28,Not Requested
INV-003911,CUST-00769,Professional,3337.3,USD,Paid,Credit Card,2025-10-27,2025-10-31,Not Requested
INV-003912,CUST-00769,Professional,3337.3,USD,Paid,ACH Bank Transfer,2025-11-26,2025-12-01,Not Requested
INV-003913,CUST-00769,Professional,3337.3,USD,Paid,Credit Card,2025-12-26,2025-12-28,Not Requested
INV-003914,CUST-00769,Professional,3337.3,USD,Pending,ACH Bank Transfer,2026-01-25,,Not Requested
INV-003915,CUST-00769,Professional,3337.3,USD,Paid,Credit Card,2026-02-24,2026-02-24,Not Requested
INV-003916,CUST-00769,Professional,3337.3,USD,Paid,Credit Card,2026-03-26,2026-03-29,Not Requested
INV-003917,CUST-00769,Professional,3337.3,USD,Paid,PayPal,2026-04-25,2026-04-29,Not Requested
INV-003918,CUST-00769,Professional,3337.3,USD,Paid,ACH Bank Transfer,2026-05-25,2026-05-26,Not Requested
INV-003919,CUST-00769,Professional,3337.3,USD,Paid,Credit Card,2026-06-24,2026-06-27,Not Requested
INV-003920,CUST-00769,Professional,3337.3,USD,Paid,Credit Card,2026-07-24,2026-07-30,Not Requested
INV-003921,CUST-00770,Starter,76.97,USD,Paid,Credit Card,2026-04-27,2026-04-30,Not Requested
INV-003922,CUST-00770,Starter,76.97,USD,Paid,Credit Card,2026-05-27,2026-05-28,Not Requested
INV-003923,CUST-00770,Starter,76.97,USD,Paid,Credit Card,2026-06-26,2026-06-27,Not Requested
INV-003924,CUST-00770,Starter,76.97,USD,Paid,Credit Card,2026-07-26,2026-08-03,Not Requested
INV-003925,CUST-00771,Starter,473.8,USD,Paid,PayPal,2025-08-28,2025-08-31,Not Requested
INV-003926,CUST-00771,Starter,473.8,USD,Paid,ACH Bank Transfer,2025-09-27,2025-10-01,Not Requested
INV-003927,CUST-00771,Starter,473.8,USD,Paid,Credit Card,2025-10-27,2025-10-27,Not Requested
INV-003928,CUST-00771,Starter,473.8,USD,Paid,Credit Card,2025-11-26,2025-11-27,Not Requested
INV-003929,CUST-00771,Starter,473.8,USD,Paid,Credit Card,2025-12-26,2025-12-27,Not Requested
INV-003930,CUST-00771,Starter,473.8,USD,Paid,Credit Card,2026-01-25,2026-01-27,Not Requested
INV-003931,CUST-00771,Starter,473.8,USD,Paid,Credit Card,2026-02-24,2026-02-24,Not Requested
INV-003932,CUST-00771,Starter,473.8,USD,Paid,Credit Card,2026-03-26,2026-03-28,Not Requested
INV-003933,CUST-00771,Starter,473.8,USD,Paid,Credit Card,2026-04-25,2026-04-30,Not Requested
INV-003934,CUST-00771,Starter,473.8,USD,Paid,Credit Card,2026-05-25,2026-05-28,Not Requested
INV-003935,CUST-00771,Starter,473.8,USD,Paid,Credit Card,2026-06-24,2026-06-24,Not Requested
INV-003936,CUST-00771,Starter,473.8,USD,Paid,Credit Card,2026-07-24,2026-07-27,Not Requested
INV-003937,CUST-00772,Professional,1788.98,USD,Paid,Credit Card,2025-11-04,2025-11-05,Not Requested
INV-003938,CUST-00772,Professional,1788.98,USD,Paid,ACH Bank Transfer,2025-12-04,2025-12-07,Not Requested
INV-003939,CUST-00772,Professional,1788.98,USD,Paid,PayPal,2026-01-03,2026-01-08,Not Requested
INV-003940,CUST-00772,Professional,1788.98,USD,Paid,Credit Card,2026-02-02,2026-02-05,Not Requested
INV-003941,CUST-00772,Professional,1788.98,USD,Paid,PayPal,2026-03-04,2026-03-04,Not Requested
INV-003942,CUST-00772,Professional,1788.98,USD,Paid,Credit Card,2026-04-03,2026-04-07,Not Requested
INV-003943,CUST-00772,Professional,1788.98,USD,Paid,Credit Card,2026-05-03,2026-05-06,Not Requested
INV-003944,CUST-00772,Professional,1788.98,USD,Paid,ACH Bank Transfer,2026-06-02,2026-06-05,Not Requested
INV-003945,CUST-00772,Professional,1788.98,USD,Paid,Credit Card,2026-07-02,2026-07-04,Not Requested
INV-003946,CUST-00772,Professional,1788.98,USD,Paid,Credit Card,2026-08-01,2026-08-04,Not Requested
INV-003947,CUST-00774,Professional,72545.27,EUR,Failed,PayPal,2025-08-28,,Not Requested
INV-003948,CUST-00775,Professional,4922.3,CAD,Paid,Credit Card,2025-08-28,2025-08-28,Not Requested
INV-003949,CUST-00775,Professional,4922.3,CAD,Paid,ACH Bank Transfer,2025-09-27,2025-09-27,Not Requested
INV-003950,CUST-00775,Professional,4922.3,CAD,Paid,ACH Bank Transfer,2025-10-27,2025-10-31,Not Requested
INV-003951,CUST-00775,Professional,4922.3,CAD,Paid,Credit Card,2025-11-26,2025-11-29,Not Requested
INV-003952,CUST-00775,Professional,4922.3,CAD,Pending,PayPal,2025-12-26,,Not Requested
INV-003953,CUST-00775,Professional,4922.3,CAD,Paid,Credit Card,2026-01-25,2026-01-27,Not Requested
INV-003954,CUST-00775,Professional,4922.3,CAD,Paid,ACH Bank Transfer,2026-02-24,2026-02-24,Not Requested
INV-003955,CUST-00775,Professional,4922.3,CAD,Paid,ACH Bank Transfer,2026-03-26,2026-03-28,Not Requested
INV-003956,CUST-00775,Professional,4922.3,CAD,Paid,Credit Card,2026-04-25,2026-04-26,Not Requested
INV-003957,CUST-00775,Professional,4922.3,CAD,Paid,Credit Card,2026-05-25,2026-05-26,Not Requested
INV-003958,CUST-00775,Professional,4922.3,CAD,Paid,Credit Card,2026-06-24,2026-06-26,Not Requested
INV-003959,CUST-00775,Professional,4922.3,CAD,Paid,Credit Card,2026-07-24,2026-07-25,Not Requested
INV-003960,CUST-00776,Professional,72461.49,USD,Paid,Credit Card,2025-08-28,2025-08-28,Not Requested
INV-003961,CUST-00777,Enterprise,894156.98,AUD,Paid,Wire Transfer,2025-08-28,2025-09-01,Not Requested
INV-003962,CUST-00779,Enterprise,1427327.39,EUR,Paid,ACH Bank Transfer,2025-08-28,2025-08-28,Not Requested
INV-003963,CUST-00780,Professional,4865.5,USD,Paid,Credit Card,2025-11-06,2025-11-06,Not Requested
INV-003964,CUST-00780,Professional,4865.5,USD,Paid,Credit Card,2025-12-06,2025-12-07,Not Requested
INV-003965,CUST-00780,Professional,4865.5,USD,Paid,Credit Card,2026-01-05,2026-01-06,Not Requested
INV-003966,CUST-00780,Professional,4865.5,USD,Paid,PayPal,2026-02-04,2026-02-05,Not Requested
INV-003967,CUST-00780,Professional,4865.5,USD,Paid,Credit Card,2026-03-06,2026-03-07,Not Requested
INV-003968,CUST-00780,Professional,4865.5,USD,Paid,Credit Card,2026-04-05,2026-04-10,Not Requested
INV-003969,CUST-00780,Professional,4865.5,USD,Paid,Credit Card,2026-05-05,2026-05-09,Not Requested
INV-003970,CUST-00780,Professional,4865.5,USD,Pending,Credit Card,2026-06-04,,Not Requested
INV-003971,CUST-00780,Professional,4865.5,USD,Pending,Credit Card,2026-07-04,,Not Requested
INV-003972,CUST-00780,Professional,4865.5,USD,Paid,Credit Card,2026-08-03,2026-08-03,Not Requested
INV-003973,CUST-00781,Starter,340.94,USD,Paid,Credit Card,2025-08-28,2025-08-28,Not Requested
INV-003974,CUST-00781,Starter,340.94,USD,Paid,Credit Card,2025-09-27,2025-09-27,Not Requested
INV-003975,CUST-00781,Starter,340.94,USD,Paid,Credit Card,2025-10-27,2025-10-27,Not Requested
INV-003976,CUST-00781,Starter,340.94,USD,Paid,Credit Card,2025-11-26,2025-11-30,Not Requested
INV-003977,CUST-00781,Starter,340.94,USD,Pending,Credit Card,2025-12-26,,Not Requested
INV-003978,CUST-00781,Starter,340.94,USD,Pending,Credit Card,2026-01-25,,Not Requested
INV-003979,CUST-00781,Starter,340.94,USD,Paid,Credit Card,2026-02-24,2026-02-27,Not Requested
INV-003980,CUST-00781,Starter,340.94,USD,Paid,Credit Card,2026-03-26,2026-03-30,Not Requested
INV-003981,CUST-00781,Starter,340.94,USD,Paid,Credit Card,2026-04-25,2026-04-28,Not Requested
INV-003982,CUST-00781,Starter,340.94,USD,Paid,Credit Card,2026-05-25,2026-05-29,Not Requested
INV-003983,CUST-00781,Starter,340.94,USD,Paid,Credit Card,2026-06-24,2026-06-25,Not Requested
INV-003984,CUST-00781,Starter,340.94,USD,Paid,Credit Card,2026-07-24,2026-07-26,Not Requested
INV-003985,CUST-00784,Professional,60852.96,USD,Paid,Credit Card,2026-04-03,2026-04-07,Not Requested
INV-003986,CUST-00785,Starter,7291.63,EUR,Paid,Credit Card,2026-01-19,2026-01-25,Not Requested
INV-003987,CUST-00786,Enterprise,869023.39,USD,Paid,ACH Bank Transfer,2025-08-28,2025-08-31,Not Requested
INV-003988,CUST-00788,Professional,4972.15,EUR,Paid,Credit Card,2025-08-28,2025-08-31,Not Requested
INV-003989,CUST-00788,Professional,4972.15,EUR,Paid,ACH Bank Transfer,2025-09-27,2025-09-30,Not Requested
INV-003990,CUST-00788,Professional,4972.15,EUR,Paid,Credit Card,2025-10-27,2025-11-06,Not Requested
INV-003991,CUST-00788,Professional,4972.15,EUR,Paid,Credit Card,2025-11-26,2025-11-26,Not Requested
INV-003992,CUST-00788,Professional,4972.15,EUR,Paid,Credit Card,2025-12-26,2025-12-29,Not Requested
INV-003993,CUST-00788,Professional,4972.15,EUR,Paid,Credit Card,2026-01-25,2026-01-25,Not Requested
INV-003994,CUST-00788,Professional,4972.15,EUR,Paid,ACH Bank Transfer,2026-02-24,2026-02-27,Not Requested
INV-003995,CUST-00788,Professional,4972.15,EUR,Paid,Credit Card,2026-03-26,2026-03-31,Not Requested
INV-003996,CUST-00788,Professional,4972.15,EUR,Paid,Credit Card,2026-04-25,2026-04-25,Not Requested
INV-003997,CUST-00788,Professional,4972.15,EUR,Paid,Credit Card,2026-05-25,2026-05-26,Not Requested
INV-003998,CUST-00788,Professional,4972.15,EUR,Paid,Credit Card,2026-06-24,2026-06-26,Not Requested
INV-003999,CUST-00788,Professional,4972.15,EUR,Paid,Credit Card,2026-07-24,2026-07-29,Not Requested
INV-004000,CUST-00789,Professional,3444.65,EUR,Paid,Credit Card,2025-08-28,2025-08-31,Not Requested
INV-004001,CUST-00789,Professional,3444.65,EUR,Paid,Credit Card,2025-09-27,2025-09-28,Not Requested
INV-004002,CUST-00789,Professional,3444.65,EUR,Paid,Credit Card,2025-10-27,2025-11-06,Not Requested
INV-004003,CUST-00789,Professional,3444.65,EUR,Paid,Credit Card,2025-11-26,2025-11-27,Not Requested
INV-004004,CUST-00789,Professional,3444.65,EUR,Pending,ACH Bank Transfer,2025-12-26,,Not Requested
INV-004005,CUST-00789,Professional,3444.65,EUR,Paid,Credit Card,2026-01-25,2026-01-25,Not Requested
INV-004006,CUST-00789,Professional,3444.65,EUR,Paid,ACH Bank Transfer,2026-02-24,2026-02-26,Not Requested
INV-004007,CUST-00789,Professional,3444.65,EUR,Paid,ACH Bank Transfer,2026-03-26,2026-04-01,Not Requested
INV-004008,CUST-00789,Professional,3444.65,EUR,Paid,Credit Card,2026-04-25,2026-04-25,Not Requested
INV-004009,CUST-00789,Professional,3444.65,EUR,Paid,Credit Card,2026-05-25,2026-05-25,Not Requested
INV-004010,CUST-00789,Professional,3444.65,EUR,Paid,PayPal,2026-06-24,2026-06-24,Not Requested
INV-004011,CUST-00789,Professional,3444.65,EUR,Paid,Credit Card,2026-07-24,2026-07-24,Not Requested
INV-004012,CUST-00790,Professional,2856.89,USD,Paid,Credit Card,2025-08-28,2025-08-30,Not Requested
INV-004013,CUST-00790,Professional,2856.89,USD,Paid,Credit Card,2025-09-27,2025-10-01,Not Requested
INV-004014,CUST-00790,Professional,2856.89,USD,Paid,Credit Card,2025-10-27,2025-10-28,Not Requested
INV-004015,CUST-00790,Professional,2856.89,USD,Pending,Credit Card,2025-11-26,,Not Requested
INV-004016,CUST-00790,Professional,2856.89,USD,Paid,Credit Card,2025-12-26,2026-01-01,Not Requested
INV-004017,CUST-00790,Professional,2856.89,USD,Paid,Credit Card,2026-01-25,2026-01-27,Not Requested
INV-004018,CUST-00790,Professional,2856.89,USD,Paid,Credit Card,2026-02-24,2026-02-24,Not Requested
INV-004019,CUST-00790,Professional,2856.89,USD,Paid,Credit Card,2026-03-26,2026-03-31,Not Requested
INV-004020,CUST-00790,Professional,2856.89,USD,Refunded,Credit Card,2026-04-25,2026-04-25,Approved - Refunded
INV-004021,CUST-00790,Professional,2856.89,USD,Paid,ACH Bank Transfer,2026-05-25,2026-05-28,Not Requested
INV-004022,CUST-00790,Professional,2856.89,USD,Paid,ACH Bank Transfer,2026-06-24,2026-06-25,Not Requested
INV-004023,CUST-00790,Professional,2856.89,USD,Pending,Credit Card,2026-07-24,,Not Requested
INV-004024,CUST-00791,Professional,5746.28,USD,Paid,ACH Bank Transfer,2025-08-28,2025-08-30,Not Requested
INV-004025,CUST-00791,Professional,5746.28,USD,Paid,Credit Card,2025-09-27,2025-10-01,Not Requested
INV-004026,CUST-00791,Professional,5746.28,USD,Paid,Credit Card,2025-10-27,2025-10-30,Not Requested
INV-004027,CUST-00791,Professional,5746.28,USD,Paid,Credit Card,2025-11-26,2025-11-28,Not Requested
INV-004028,CUST-00791,Professional,5746.28,USD,Paid,Credit Card,2025-12-26,2025-12-26,Not Requested
INV-004029,CUST-00791,Professional,5746.28,USD,Paid,ACH Bank Transfer,2026-01-25,2026-01-25,Not Requested
INV-004030,CUST-00791,Professional,5746.28,USD,Paid,ACH Bank Transfer,2026-02-24,2026-02-27,Not Requested
INV-004031,CUST-00791,Professional,5746.28,USD,Paid,Credit Card,2026-03-26,2026-04-04,Not Requested
INV-004032,CUST-00791,Professional,5746.28,USD,Paid,ACH Bank Transfer,2026-04-25,2026-04-28,Not Requested
INV-004033,CUST-00791,Professional,5746.28,USD,Failed,ACH Bank Transfer,2026-05-25,,Not Requested
INV-004034,CUST-00791,Professional,5746.28,USD,Paid,ACH Bank Transfer,2026-06-24,2026-06-26,Not Requested
INV-004035,CUST-00791,Professional,5746.28,USD,Paid,ACH Bank Transfer,2026-07-24,2026-07-27,Not Requested
INV-004036,CUST-00792,Enterprise,359574.62,EUR,Paid,ACH Bank Transfer,2025-08-28,2025-09-01,Not Requested
INV-004037,CUST-00793,Starter,6129.58,USD,Paid,Credit Card,2025-08-28,2025-08-30,Not Requested
INV-004038,CUST-00794,Starter,6205.48,USD,Paid,Credit Card,2025-08-28,2025-09-02,Not Requested
INV-004039,CUST-00796,Enterprise,346078.87,USD,Paid,Wire Transfer,2025-08-28,2025-08-28,Not Requested
INV-004040,CUST-00797,Professional,9926.67,USD,Pending,Credit Card,2025-08-28,,Not Requested
INV-004041,CUST-00797,Professional,9926.67,USD,Paid,Credit Card,2025-09-27,2025-09-30,Not Requested
INV-004042,CUST-00797,Professional,9926.67,USD,Paid,Credit Card,2025-10-27,2025-10-30,Not Requested
INV-004043,CUST-00797,Professional,9926.67,USD,Paid,Credit Card,2025-11-26,2025-11-27,Not Requested
INV-004044,CUST-00797,Professional,9926.67,USD,Paid,Credit Card,2025-12-26,2025-12-29,Not Requested
INV-004045,CUST-00797,Professional,9926.67,USD,Paid,PayPal,2026-01-25,2026-01-27,Not Requested
INV-004046,CUST-00797,Professional,9926.67,USD,Paid,Credit Card,2026-02-24,2026-02-25,Not Requested
INV-004047,CUST-00797,Professional,9926.67,USD,Paid,Credit Card,2026-03-26,2026-03-31,Not Requested
INV-004048,CUST-00797,Professional,9926.67,USD,Paid,Credit Card,2026-04-25,2026-05-01,Not Requested
INV-004049,CUST-00797,Professional,9926.67,USD,Paid,Credit Card,2026-05-25,2026-05-30,Not Requested
INV-004050,CUST-00797,Professional,9926.67,USD,Paid,Credit Card,2026-06-24,2026-06-24,Not Requested
INV-004051,CUST-00797,Professional,9926.67,USD,Paid,Credit Card,2026-07-24,2026-07-24,Not Requested
INV-004052,CUST-00798,Professional,2761.63,EUR,Failed,Credit Card,2025-08-28,,Not Requested
INV-004053,CUST-00798,Professional,2761.63,EUR,Paid,PayPal,2025-09-27,2025-09-28,Not Requested
INV-004054,CUST-00798,Professional,2761.63,EUR,Paid,ACH Bank Transfer,2025-10-27,2025-10-31,Not Requested
INV-004055,CUST-00798,Professional,2761.63,EUR,Paid,Credit Card,2025-11-26,2025-11-29,Not Requested
INV-004056,CUST-00798,Professional,2761.63,EUR,Paid,Credit Card,2025-12-26,2025-12-26,Not Requested
INV-004057,CUST-00798,Professional,2761.63,EUR,Paid,Credit Card,2026-01-25,2026-01-29,Not Requested
INV-004058,CUST-00798,Professional,2761.63,EUR,Paid,Credit Card,2026-02-24,2026-02-24,Not Requested
INV-004059,CUST-00798,Professional,2761.63,EUR,Paid,Credit Card,2026-03-26,2026-03-27,Not Requested
INV-004060,CUST-00798,Professional,2761.63,EUR,Paid,Credit Card,2026-04-25,2026-04-26,Not Requested
INV-004061,CUST-00798,Professional,2761.63,EUR,Paid,Credit Card,2026-05-25,2026-05-28,Not Requested
INV-004062,CUST-00798,Professional,2761.63,EUR,Paid,Credit Card,2026-06-24,2026-06-28,Not Requested
INV-004063,CUST-00798,Professional,2761.63,EUR,Failed,Credit Card,2026-07-24,,Not Requested
INV-004064,CUST-00799,Enterprise,913314.06,USD,Paid,Wire Transfer,2025-08-28,2025-08-29,Not Requested
INV-004065,CUST-00800,Professional,1807.69,USD,Paid,Credit Card,2026-05-15,2026-05-18,Not Requested
INV-004066,CUST-00800,Professional,1807.69,USD,Failed,Credit Card,2026-06-14,,Not Requested
INV-004067,CUST-00800,Professional,1807.69,USD,Failed,Credit Card,2026-07-14,,Not Requested
INV-004068,CUST-00801,Starter,244.64,USD,Paid,Credit Card,2025-08-28,2025-08-31,Not Requested
INV-004069,CUST-00801,Starter,244.64,USD,Paid,Credit Card,2025-09-27,2025-09-30,Not Requested
INV-004070,CUST-00801,Starter,244.64,USD,Paid,Credit Card,2025-10-27,2025-10-28,Not Requested
INV-004071,CUST-00801,Starter,244.64,USD,Pending,Credit Card,2025-11-26,,Not Requested
INV-004072,CUST-00801,Starter,244.64,USD,Paid,Credit Card,2025-12-26,2025-12-26,Not Requested
INV-004073,CUST-00801,Starter,244.64,USD,Paid,Credit Card,2026-01-25,2026-01-26,Not Requested
INV-004074,CUST-00801,Starter,244.64,USD,Paid,Credit Card,2026-02-24,2026-02-24,Not Requested
INV-004075,CUST-00801,Starter,244.64,USD,Paid,Credit Card,2026-03-26,2026-03-30,Not Requested
INV-004076,CUST-00801,Starter,244.64,USD,Paid,Credit Card,2026-04-25,2026-04-25,Not Requested
INV-004077,CUST-00801,Starter,244.64,USD,Paid,PayPal,2026-05-25,2026-05-25,Not Requested
INV-004078,CUST-00801,Starter,244.64,USD,Paid,Credit Card,2026-06-24,2026-06-28,Not Requested
INV-004079,CUST-00801,Starter,244.64,USD,Paid,Credit Card,2026-07-24,2026-07-24,Not Requested
INV-004080,CUST-00802,Professional,78421.28,USD,Paid,Credit Card,2025-08-28,2025-08-31,Not Requested
INV-004081,CUST-00803,Starter,6752.98,USD,Paid,PayPal,2025-08-28,2025-08-30,Not Requested
INV-004082,CUST-00804,Starter,660.92,USD,Paid,Credit Card,2026-03-03,2026-03-06,Not Requested
INV-004083,CUST-00804,Starter,660.92,USD,Paid,Credit Card,2026-04-02,2026-04-02,Not Requested
INV-004084,CUST-00804,Starter,660.92,USD,Paid,Credit Card,2026-05-02,2026-05-07,Not Requested
INV-004085,CUST-00804,Starter,660.92,USD,Paid,Credit Card,2026-06-01,2026-06-01,Not Requested
INV-004086,CUST-00804,Starter,660.92,USD,Paid,Credit Card,2026-07-01,2026-07-05,Not Requested
INV-004087,CUST-00804,Starter,660.92,USD,Paid,Credit Card,2026-07-31,2026-08-04,Not Requested
INV-004088,CUST-00805,Starter,601.03,USD,Paid,Credit Card,2025-08-28,2025-08-28,Not Requested
INV-004089,CUST-00805,Starter,601.03,USD,Failed,Credit Card,2025-09-27,,Not Requested
INV-004090,CUST-00805,Starter,601.03,USD,Paid,Credit Card,2025-10-27,2025-10-28,Not Requested
INV-004091,CUST-00805,Starter,601.03,USD,Paid,Credit Card,2025-11-26,2025-11-30,Not Requested
INV-004092,CUST-00805,Starter,601.03,USD,Paid,Credit Card,2025-12-26,2025-12-30,Not Requested
INV-004093,CUST-00805,Starter,601.03,USD,Paid,ACH Bank Transfer,2026-01-25,2026-01-26,Not Requested
INV-004094,CUST-00805,Starter,601.03,USD,Paid,PayPal,2026-02-24,2026-02-26,Not Requested
INV-004095,CUST-00805,Starter,601.03,USD,Paid,Credit Card,2026-03-26,2026-03-26,Not Requested
INV-004096,CUST-00805,Starter,601.03,USD,Paid,Credit Card,2026-04-25,2026-04-28,Not Requested
INV-004097,CUST-00805,Starter,601.03,USD,Paid,PayPal,2026-05-25,2026-05-25,Not Requested
INV-004098,CUST-00805,Starter,601.03,USD,Paid,Credit Card,2026-06-24,2026-06-26,Not Requested
INV-004099,CUST-00805,Starter,601.03,USD,Paid,Credit Card,2026-07-24,2026-07-24,Not Requested
INV-004100,CUST-00806,Starter,99.76,USD,Paid,Credit Card,2025-08-28,2025-08-29,Not Requested
INV-004101,CUST-00806,Starter,99.76,USD,Paid,Credit Card,2025-09-27,2025-10-03,Not Requested
INV-004102,CUST-00806,Starter,99.76,USD,Paid,Credit Card,2025-10-27,2025-10-29,Not Requested
INV-004103,CUST-00806,Starter,99.76,USD,Paid,Credit Card,2025-11-26,2025-11-27,Not Requested
INV-004104,CUST-00806,Starter,99.76,USD,Paid,Credit Card,2025-12-26,2025-12-30,Not Requested
INV-004105,CUST-00806,Starter,99.76,USD,Paid,Credit Card,2026-01-25,2026-01-26,Not Requested
INV-004106,CUST-00806,Starter,99.76,USD,Paid,ACH Bank Transfer,2026-02-24,2026-02-24,Not Requested
INV-004107,CUST-00806,Starter,99.76,USD,Paid,Credit Card,2026-03-26,2026-03-27,Not Requested
INV-004108,CUST-00806,Starter,99.76,USD,Refunded,Credit Card,2026-04-25,2026-04-30,Approved - Refunded
INV-004109,CUST-00806,Starter,99.76,USD,Paid,Credit Card,2026-05-25,2026-05-28,Not Requested
INV-004110,CUST-00806,Starter,99.76,USD,Paid,Credit Card,2026-06-24,2026-06-26,Not Requested
INV-004111,CUST-00806,Starter,99.76,USD,Pending,Credit Card,2026-07-24,,Not Requested
INV-004112,CUST-00807,Starter,536.68,USD,Paid,Credit Card,2025-08-28,2025-09-01,Not Requested
INV-004113,CUST-00807,Starter,536.68,USD,Paid,Credit Card,2025-09-27,2025-09-28,Not Requested
INV-004114,CUST-00807,Starter,536.68,USD,Paid,Credit Card,2025-10-27,2025-10-29,Not Requested
INV-004115,CUST-00807,Starter,536.68,USD,Paid,Credit Card,2025-11-26,2025-11-28,Not Requested
INV-004116,CUST-00807,Starter,536.68,USD,Paid,Credit Card,2025-12-26,2025-12-30,Not Requested
INV-004117,CUST-00807,Starter,536.68,USD,Paid,Credit Card,2026-01-25,2026-01-25,Not Requested
INV-004118,CUST-00807,Starter,536.68,USD,Paid,Credit Card,2026-02-24,2026-02-28,Not Requested
INV-004119,CUST-00807,Starter,536.68,USD,Paid,Credit Card,2026-03-26,2026-03-30,Not Requested
INV-004120,CUST-00807,Starter,536.68,USD,Paid,Credit Card,2026-04-25,2026-04-27,Not Requested
INV-004121,CUST-00807,Starter,536.68,USD,Paid,Credit Card,2026-05-25,2026-05-26,Not Requested
INV-004122,CUST-00807,Starter,536.68,USD,Paid,PayPal,2026-06-24,2026-06-25,Not Requested
INV-004123,CUST-00807,Starter,536.68,USD,Paid,Credit Card,2026-07-24,2026-07-29,Not Requested
INV-004124,CUST-00808,Enterprise,1260299.32,USD,Failed,Wire Transfer,2025-08-28,,Not Requested
INV-004125,CUST-00809,Enterprise,748750.5,USD,Paid,Wire Transfer,2025-08-28,2025-08-30,Not Requested
INV-004126,CUST-00810,Enterprise,1144303.06,USD,Paid,Credit Card,2025-08-28,2025-08-31,Not Requested
INV-004127,CUST-00811,Professional,52799.25,EUR,Paid,Credit Card,2025-08-28,2025-08-28,Not Requested
INV-004128,CUST-00812,Starter,6601.9,USD,Paid,Credit Card,2025-08-28,2025-08-31,Not Requested
INV-004129,CUST-00813,Starter,1310.11,USD,Paid,Credit Card,2025-08-28,2025-08-31,Not Requested
INV-004130,CUST-00814,Starter,5191.32,CAD,Paid,Credit Card,2025-08-28,2025-08-31,Not Requested
INV-004131,CUST-00815,Starter,583.82,USD,Paid,Credit Card,2025-08-28,2025-08-30,Not Requested
INV-004132,CUST-00815,Starter,583.82,USD,Paid,Credit Card,2025-09-27,2025-10-01,Not Requested
INV-004133,CUST-00815,Starter,583.82,USD,Paid,Credit Card,2025-10-27,2025-10-28,Not Requested
INV-004134,CUST-00815,Starter,583.82,USD,Paid,Credit Card,2025-11-26,2025-11-26,Not Requested
INV-004135,CUST-00815,Starter,583.82,USD,Paid,Credit Card,2025-12-26,2025-12-30,Not Requested
INV-004136,CUST-00815,Starter,583.82,USD,Paid,Credit Card,2026-01-25,2026-01-26,Not Requested
INV-004137,CUST-00815,Starter,583.82,USD,Refunded,Credit Card,2026-02-24,2026-02-28,Approved - Refunded
INV-004138,CUST-00815,Starter,583.82,USD,Failed,Credit Card,2026-03-26,,Not Requested
INV-004139,CUST-00815,Starter,583.82,USD,Paid,Credit Card,2026-04-25,2026-04-27,Not Requested
INV-004140,CUST-00815,Starter,583.82,USD,Paid,Credit Card,2026-05-25,2026-05-28,Not Requested
INV-004141,CUST-00815,Starter,583.82,USD,Paid,Credit Card,2026-06-24,2026-06-28,Not Requested
INV-004142,CUST-00815,Starter,583.82,USD,Failed,PayPal,2026-07-24,,Not Requested
INV-004143,CUST-00816,Starter,169.71,USD,Paid,Credit Card,2025-08-28,2025-08-28,Not Requested
INV-004144,CUST-00816,Starter,169.71,USD,Paid,Credit Card,2025-09-27,2025-09-30,Not Requested
INV-004145,CUST-00816,Starter,169.71,USD,Paid,Credit Card,2025-10-27,2025-10-27,Not Requested
INV-004146,CUST-00816,Starter,169.71,USD,Pending,Credit Card,2025-11-26,,Not Requested
INV-004147,CUST-00816,Starter,169.71,USD,Paid,Credit Card,2025-12-26,2025-12-27,Not Requested
INV-004148,CUST-00816,Starter,169.71,USD,Paid,Credit Card,2026-01-25,2026-01-26,Not Requested
INV-004149,CUST-00816,Starter,169.71,USD,Paid,Credit Card,2026-02-24,2026-02-24,Not Requested
INV-004150,CUST-00816,Starter,169.71,USD,Paid,PayPal,2026-03-26,2026-03-27,Not Requested
INV-004151,CUST-00816,Starter,169.71,USD,Paid,Credit Card,2026-04-25,2026-05-01,Not Requested
INV-004152,CUST-00816,Starter,169.71,USD,Paid,PayPal,2026-05-25,2026-05-27,Not Requested
INV-004153,CUST-00816,Starter,169.71,USD,Paid,Credit Card,2026-06-24,2026-06-24,Not Requested
INV-004154,CUST-00816,Starter,169.71,USD,Paid,Credit Card,2026-07-24,2026-08-01,Not Requested
INV-004155,CUST-00818,Starter,2032.32,USD,Paid,Credit Card,2025-08-28,2025-08-30,Not Requested
INV-004156,CUST-00819,Professional,5659.74,USD,Paid,Credit Card,2025-08-28,2025-08-29,Not Requested
INV-004157,CUST-00819,Professional,5659.74,USD,Failed,Credit Card,2025-09-27,,Not Requested
INV-004158,CUST-00819,Professional,5659.74,USD,Paid,ACH Bank Transfer,2025-10-27,2025-10-28,Not Requested
INV-004159,CUST-00819,Professional,5659.74,USD,Paid,Credit Card,2025-11-26,2025-11-27,Not Requested
INV-004160,CUST-00819,Professional,5659.74,USD,Paid,PayPal,2025-12-26,2025-12-29,Not Requested
INV-004161,CUST-00819,Professional,5659.74,USD,Paid,ACH Bank Transfer,2026-01-25,2026-01-25,Not Requested
INV-004162,CUST-00819,Professional,5659.74,USD,Paid,ACH Bank Transfer,2026-02-24,2026-02-28,Not Requested
INV-004163,CUST-00819,Professional,5659.74,USD,Paid,Credit Card,2026-03-26,2026-03-29,Not Requested
INV-004164,CUST-00819,Professional,5659.74,USD,Paid,Credit Card,2026-04-25,2026-04-26,Not Requested
INV-004165,CUST-00819,Professional,5659.74,USD,Paid,Credit Card,2026-05-25,2026-05-26,Not Requested
INV-004166,CUST-00819,Professional,5659.74,USD,Paid,ACH Bank Transfer,2026-06-24,2026-06-29,Not Requested
INV-004167,CUST-00819,Professional,5659.74,USD,Paid,ACH Bank Transfer,2026-07-24,2026-07-30,Not Requested
INV-004168,CUST-00820,Starter,280.38,AUD,Paid,Credit Card,2025-08-28,2025-08-29,Not Requested
INV-004169,CUST-00820,Starter,280.38,AUD,Paid,Credit Card,2025-09-27,2025-10-01,Not Requested
INV-004170,CUST-00820,Starter,280.38,AUD,Paid,Credit Card,2025-10-27,2025-10-30,Not Requested
INV-004171,CUST-00820,Starter,280.38,AUD,Paid,Credit Card,2025-11-26,2025-11-26,Not Requested
INV-004172,CUST-00820,Starter,280.38,AUD,Paid,Credit Card,2025-12-26,2025-12-27,Not Requested
INV-004173,CUST-00820,Starter,280.38,AUD,Paid,Credit Card,2026-01-25,2026-01-28,Not Requested
INV-004174,CUST-00820,Starter,280.38,AUD,Paid,Credit Card,2026-02-24,2026-02-25,Not Requested
INV-004175,CUST-00820,Starter,280.38,AUD,Paid,PayPal,2026-03-26,2026-04-05,Not Requested
INV-004176,CUST-00820,Starter,280.38,AUD,Paid,Credit Card,2026-04-25,2026-04-25,Not Requested
INV-004177,CUST-00820,Starter,280.38,AUD,Paid,Credit Card,2026-05-25,2026-05-28,Not Requested
INV-004178,CUST-00820,Starter,280.38,AUD,Paid,Credit Card,2026-06-24,2026-06-25,Not Requested
INV-004179,CUST-00820,Starter,280.38,AUD,Paid,Credit Card,2026-07-24,2026-07-27,Not Requested
INV-004180,CUST-00821,Starter,402.55,USD,Paid,Credit Card,2025-08-28,2025-08-30,Not Requested
INV-004181,CUST-00821,Starter,402.55,USD,Paid,Credit Card,2025-09-27,2025-10-02,Not Requested
INV-004182,CUST-00821,Starter,402.55,USD,Paid,Credit Card,2025-10-27,2025-10-30,Not Requested
INV-004183,CUST-00821,Starter,402.55,USD,Paid,Credit Card,2025-11-26,2025-11-30,Not Requested
INV-004184,CUST-00821,Starter,402.55,USD,Paid,Credit Card,2025-12-26,2025-12-27,Not Requested
INV-004185,CUST-00821,Starter,402.55,USD,Paid,Credit Card,2026-01-25,2026-01-27,Not Requested
INV-004186,CUST-00821,Starter,402.55,USD,Paid,Credit Card,2026-02-24,2026-02-25,Not Requested
INV-004187,CUST-00821,Starter,402.55,USD,Paid,Credit Card,2026-03-26,2026-03-28,Not Requested
INV-004188,CUST-00821,Starter,402.55,USD,Paid,Credit Card,2026-04-25,2026-04-29,Not Requested
INV-004189,CUST-00821,Starter,402.55,USD,Paid,Credit Card,2026-05-25,2026-05-26,Not Requested
INV-004190,CUST-00821,Starter,402.55,USD,Paid,Credit Card,2026-06-24,2026-06-24,Not Requested
INV-004191,CUST-00821,Starter,402.55,USD,Paid,Credit Card,2026-07-24,2026-07-25,Not Requested
INV-004192,CUST-00823,Starter,129.07,USD,Paid,Credit Card,2025-08-28,2025-08-30,Not Requested
INV-004193,CUST-00823,Starter,129.07,USD,Paid,Credit Card,2025-09-27,2025-10-02,Not Requested
INV-004194,CUST-00823,Starter,129.07,USD,Paid,Credit Card,2025-10-27,2025-11-01,Not Requested
INV-004195,CUST-00823,Starter,129.07,USD,Paid,Credit Card,2025-11-26,2025-11-29,Not Requested
INV-004196,CUST-00823,Starter,129.07,USD,Paid,Credit Card,2025-12-26,2025-12-29,Not Requested
INV-004197,CUST-00823,Starter,129.07,USD,Paid,Credit Card,2026-01-25,2026-01-28,Not Requested
INV-004198,CUST-00823,Starter,129.07,USD,Paid,Credit Card,2026-02-24,2026-02-26,Not Requested
INV-004199,CUST-00823,Starter,129.07,USD,Paid,Credit Card,2026-03-26,2026-03-27,Not Requested
INV-004200,CUST-00823,Starter,129.07,USD,Paid,Credit Card,2026-04-25,2026-04-25,Not Requested
INV-004201,CUST-00823,Starter,129.07,USD,Paid,Credit Card,2026-05-25,2026-05-29,Not Requested
INV-004202,CUST-00823,Starter,129.07,USD,Paid,PayPal,2026-06-24,2026-06-29,Not Requested
INV-004203,CUST-00823,Starter,129.07,USD,Failed,Credit Card,2026-07-24,,Not Requested
INV-004204,CUST-00824,Starter,606.0,USD,Paid,Credit Card,2025-08-28,2025-08-28,Not Requested
INV-004205,CUST-00824,Starter,606.0,USD,Paid,Credit Card,2025-09-27,2025-09-28,Not Requested
INV-004206,CUST-00824,Starter,606.0,USD,Failed,Credit Card,2025-10-27,,Not Requested
INV-004207,CUST-00824,Starter,606.0,USD,Paid,Credit Card,2025-11-26,2025-11-27,Not Requested
INV-004208,CUST-00824,Starter,606.0,USD,Paid,Credit Card,2025-12-26,2025-12-26,Not Requested
INV-004209,CUST-00824,Starter,606.0,USD,Pending,PayPal,2026-01-25,,Not Requested
INV-004210,CUST-00824,Starter,606.0,USD,Paid,Credit Card,2026-02-24,2026-02-24,Not Requested
INV-004211,CUST-00824,Starter,606.0,USD,Paid,Credit Card,2026-03-26,2026-03-28,Not Requested
INV-004212,CUST-00824,Starter,606.0,USD,Paid,Credit Card,2026-04-25,2026-04-27,Not Requested
INV-004213,CUST-00824,Starter,606.0,USD,Paid,Credit Card,2026-05-25,2026-05-25,Not Requested
INV-004214,CUST-00824,Starter,606.0,USD,Pending,Credit Card,2026-06-24,,Not Requested
INV-004215,CUST-00824,Starter,606.0,USD,Paid,PayPal,2026-07-24,2026-07-24,Not Requested
INV-004216,CUST-00825,Starter,4810.35,USD,Failed,Credit Card,2025-08-28,,Not Requested
INV-004217,CUST-00826,Enterprise,313941.69,CAD,Paid,ACH Bank Transfer,2025-08-28,2025-08-28,Not Requested
INV-004218,CUST-00828,Starter,528.7,AUD,Paid,Credit Card,2025-08-28,2025-08-29,Not Requested
INV-004219,CUST-00828,Starter,528.7,AUD,Paid,ACH Bank Transfer,2025-09-27,2025-10-01,Not Requested
INV-004220,CUST-00828,Starter,528.7,AUD,Paid,Credit Card,2025-10-27,2025-10-30,Not Requested
INV-004221,CUST-00828,Starter,528.7,AUD,Paid,Credit Card,2025-11-26,2025-11-28,Not Requested
INV-004222,CUST-00828,Starter,528.7,AUD,Paid,Credit Card,2025-12-26,2025-12-27,Not Requested
INV-004223,CUST-00828,Starter,528.7,AUD,Paid,Credit Card,2026-01-25,2026-01-25,Not Requested
INV-004224,CUST-00828,Starter,528.7,AUD,Paid,Credit Card,2026-02-24,2026-02-27,Not Requested
INV-004225,CUST-00828,Starter,528.7,AUD,Paid,Credit Card,2026-03-26,2026-03-27,Not Requested
INV-004226,CUST-00828,Starter,528.7,AUD,Paid,Credit Card,2026-04-25,2026-04-26,Not Requested
INV-004227,CUST-00828,Starter,528.7,AUD,Paid,PayPal,2026-05-25,2026-05-26,Not Requested
INV-004228,CUST-00828,Starter,528.7,AUD,Paid,Credit Card,2026-06-24,2026-06-24,Not Requested
INV-004229,CUST-00828,Starter,528.7,AUD,Paid,Credit Card,2026-07-24,2026-07-24,Not Requested
INV-004230,CUST-00829,Starter,537.09,USD,Paid,Credit Card,2025-08-28,2025-09-01,Not Requested
INV-004231,CUST-00829,Starter,537.09,USD,Paid,Credit Card,2025-09-27,2025-09-28,Not Requested
INV-004232,CUST-00829,Starter,537.09,USD,Paid,Credit Card,2025-10-27,2025-10-27,Not Requested
INV-004233,CUST-00829,Starter,537.09,USD,Paid,Credit Card,2025-11-26,2025-11-26,Not Requested
INV-004234,CUST-00829,Starter,537.09,USD,Paid,Credit Card,2025-12-26,2025-12-29,Not Requested
INV-004235,CUST-00829,Starter,537.09,USD,Paid,Credit Card,2026-01-25,2026-01-25,Not Requested
INV-004236,CUST-00829,Starter,537.09,USD,Paid,Credit Card,2026-02-24,2026-02-28,Not Requested
INV-004237,CUST-00829,Starter,537.09,USD,Paid,Credit Card,2026-03-26,2026-03-26,Not Requested
INV-004238,CUST-00829,Starter,537.09,USD,Failed,Credit Card,2026-04-25,,Not Requested
INV-004239,CUST-00829,Starter,537.09,USD,Paid,Credit Card,2026-05-25,2026-05-31,Not Requested
INV-004240,CUST-00829,Starter,537.09,USD,Paid,Credit Card,2026-06-24,2026-06-24,Not Requested
INV-004241,CUST-00829,Starter,537.09,USD,Failed,Credit Card,2026-07-24,,Not Requested
INV-004242,CUST-00830,Professional,610.43,EUR,Paid,Credit Card,2026-02-15,2026-02-16,Not Requested
INV-004243,CUST-00830,Professional,610.43,EUR,Paid,Credit Card,2026-03-17,2026-03-17,Not Requested
INV-004244,CUST-00830,Professional,610.43,EUR,Paid,Credit Card,2026-04-16,2026-04-16,Not Requested
INV-004245,CUST-00830,Professional,610.43,EUR,Paid,Credit Card,2026-05-16,2026-05-20,Not Requested
INV-004246,CUST-00830,Professional,610.43,EUR,Pending,Credit Card,2026-06-15,,Not Requested
INV-004247,CUST-00830,Professional,610.43,EUR,Paid,ACH Bank Transfer,2026-07-15,2026-07-18,Not Requested
INV-004248,CUST-00831,Starter,1485.78,USD,Paid,Credit Card,2025-08-28,2025-08-30,Not Requested
INV-004249,CUST-00832,Starter,7313.55,USD,Paid,Credit Card,2025-08-28,2025-09-03,Not Requested
INV-004250,CUST-00833,Professional,17225.39,USD,Paid,PayPal,2025-08-28,2025-08-29,Not Requested
INV-004251,CUST-00834,Professional,102782.27,USD,Paid,Credit Card,2025-08-28,2025-09-04,Not Requested
INV-004252,CUST-00836,Enterprise,584974.49,USD,Paid,Wire Transfer,2025-08-28,2025-08-29,Not Requested
INV-004253,CUST-00837,Starter,193.83,USD,Paid,Credit Card,2025-08-28,2025-08-30,Not Requested
INV-004254,CUST-00837,Starter,193.83,USD,Paid,Credit Card,2025-09-27,2025-10-05,Not Requested
INV-004255,CUST-00837,Starter,193.83,USD,Paid,Credit Card,2025-10-27,2025-11-04,Not Requested
INV-004256,CUST-00837,Starter,193.83,USD,Paid,Credit Card,2025-11-26,2025-11-26,Not Requested
INV-004257,CUST-00837,Starter,193.83,USD,Failed,Credit Card,2025-12-26,,Not Requested
INV-004258,CUST-00837,Starter,193.83,USD,Paid,Credit Card,2026-01-25,2026-01-28,Not Requested
INV-004259,CUST-00837,Starter,193.83,USD,Paid,Credit Card,2026-02-24,2026-02-26,Not Requested
INV-004260,CUST-00837,Starter,193.83,USD,Paid,Credit Card,2026-03-26,2026-03-27,Not Requested
INV-004261,CUST-00837,Starter,193.83,USD,Paid,Credit Card,2026-04-25,2026-04-25,Not Requested
INV-004262,CUST-00837,Starter,193.83,USD,Paid,Credit Card,2026-05-25,2026-05-28,Not Requested
INV-004263,CUST-00837,Starter,193.83,USD,Paid,Credit Card,2026-06-24,2026-06-25,Not Requested
INV-004264,CUST-00837,Starter,193.83,USD,Paid,Credit Card,2026-07-24,2026-07-25,Not Requested
INV-004265,CUST-00838,Enterprise,104079.8,USD,Paid,ACH Bank Transfer,2025-08-28,2025-08-31,Not Requested
INV-004266,CUST-00839,Starter,583.17,USD,Paid,Credit Card,2025-08-28,2025-08-30,Not Requested
INV-004267,CUST-00839,Starter,583.17,USD,Paid,Credit Card,2025-09-27,2025-09-28,Not Requested
INV-004268,CUST-00839,Starter,583.17,USD,Paid,Credit Card,2025-10-27,2025-10-28,Not Requested
INV-004269,CUST-00839,Starter,583.17,USD,Paid,PayPal,2025-11-26,2025-11-26,Not Requested
INV-004270,CUST-00839,Starter,583.17,USD,Paid,Credit Card,2025-12-26,2026-01-01,Not Requested
INV-004271,CUST-00839,Starter,583.17,USD,Refunded,Credit Card,2026-01-25,2026-01-25,Approved - Refunded
INV-004272,CUST-00839,Starter,583.17,USD,Paid,Credit Card,2026-02-24,2026-03-03,Not Requested
INV-004273,CUST-00839,Starter,583.17,USD,Paid,Credit Card,2026-03-26,2026-03-26,Not Requested
INV-004274,CUST-00839,Starter,583.17,USD,Paid,Credit Card,2026-04-25,2026-04-26,Not Requested
INV-004275,CUST-00839,Starter,583.17,USD,Paid,Credit Card,2026-05-25,2026-05-25,Not Requested
INV-004276,CUST-00839,Starter,583.17,USD,Paid,Credit Card,2026-06-24,2026-06-27,Not Requested
INV-004277,CUST-00839,Starter,583.17,USD,Paid,Credit Card,2026-07-24,2026-07-25,Not Requested
INV-004278,CUST-00840,Starter,650.22,USD,Refunded,PayPal,2026-03-31,2026-04-01,Approved - Refunded
INV-004279,CUST-00840,Starter,650.22,USD,Paid,Credit Card,2026-04-30,2026-04-30,Not Requested
INV-004280,CUST-00840,Starter,650.22,USD,Paid,Credit Card,2026-05-30,2026-06-01,Not Requested
INV-004281,CUST-00840,Starter,650.22,USD,Paid,Credit Card,2026-06-29,2026-06-30,Not Requested
INV-004282,CUST-00840,Starter,650.22,USD,Paid,Credit Card,2026-07-29,2026-08-02,Not Requested
INV-004283,CUST-00842,Professional,46389.16,EUR,Refunded,Credit Card,2025-08-28,2025-08-30,Approved - Refunded
INV-004284,CUST-00843,Starter,251.61,USD,Paid,PayPal,2025-08-28,2025-08-28,Not Requested
INV-004285,CUST-00843,Starter,251.61,USD,Paid,Credit Card,2025-09-27,2025-10-03,Not Requested
INV-004286,CUST-00843,Starter,251.61,USD,Paid,PayPal,2025-10-27,2025-10-28,Not Requested
INV-004287,CUST-00843,Starter,251.61,USD,Paid,Credit Card,2025-11-26,2025-11-29,Not Requested
INV-004288,CUST-00843,Starter,251.61,USD,Paid,Credit Card,2025-12-26,2025-12-28,Not Requested
INV-004289,CUST-00843,Starter,251.61,USD,Paid,Credit Card,2026-01-25,2026-01-28,Not Requested
INV-004290,CUST-00843,Starter,251.61,USD,Paid,Credit Card,2026-02-24,2026-02-28,Not Requested
INV-004291,CUST-00843,Starter,251.61,USD,Paid,Credit Card,2026-03-26,2026-03-30,Not Requested
INV-004292,CUST-00843,Starter,251.61,USD,Paid,Credit Card,2026-04-25,2026-04-26,Not Requested
INV-004293,CUST-00843,Starter,251.61,USD,Paid,Credit Card,2026-05-25,2026-05-25,Not Requested
INV-004294,CUST-00843,Starter,251.61,USD,Paid,ACH Bank Transfer,2026-06-24,2026-06-28,Not Requested
INV-004295,CUST-00843,Starter,251.61,USD,Paid,Credit Card,2026-07-24,2026-07-24,Not Requested
INV-004296,CUST-00844,Starter,500.01,USD,Paid,Credit Card,2025-08-28,2025-08-29,Not Requested
INV-004297,CUST-00844,Starter,500.01,USD,Paid,Credit Card,2025-09-27,2025-10-01,Not Requested
INV-004298,CUST-00844,Starter,500.01,USD,Paid,Credit Card,2025-10-27,2025-10-28,Not Requested
INV-004299,CUST-00844,Starter,500.01,USD,Paid,PayPal,2025-11-26,2025-11-26,Not Requested
INV-004300,CUST-00844,Starter,500.01,USD,Paid,Credit Card,2025-12-26,2025-12-27,Not Requested
INV-004301,CUST-00844,Starter,500.01,USD,Paid,Credit Card,2026-01-25,2026-01-26,Not Requested
INV-004302,CUST-00844,Starter,500.01,USD,Paid,Credit Card,2026-02-24,2026-02-27,Not Requested
INV-004303,CUST-00844,Starter,500.01,USD,Paid,Credit Card,2026-03-26,2026-03-28,Not Requested
INV-004304,CUST-00844,Starter,500.01,USD,Paid,Credit Card,2026-04-25,2026-04-29,Not Requested
INV-004305,CUST-00844,Starter,500.01,USD,Paid,Credit Card,2026-05-25,2026-05-29,Not Requested
INV-004306,CUST-00844,Starter,500.01,USD,Paid,Credit Card,2026-06-24,2026-06-25,Not Requested
INV-004307,CUST-00844,Starter,500.01,USD,Paid,Credit Card,2026-07-24,2026-08-02,Not Requested
INV-004308,CUST-00845,Professional,3249.96,USD,Paid,Credit Card,2025-08-28,2025-08-30,Not Requested
INV-004309,CUST-00845,Professional,3249.96,USD,Paid,Credit Card,2025-09-27,2025-09-29,Not Requested
INV-004310,CUST-00845,Professional,3249.96,USD,Paid,Credit Card,2025-10-27,2025-10-30,Not Requested
INV-004311,CUST-00845,Professional,3249.96,USD,Paid,ACH Bank Transfer,2025-11-26,2025-11-28,Not Requested
INV-004312,CUST-00845,Professional,3249.96,USD,Paid,Credit Card,2025-12-26,2025-12-27,Not Requested
INV-004313,CUST-00845,Professional,3249.96,USD,Paid,ACH Bank Transfer,2026-01-25,2026-01-27,Not Requested
INV-004314,CUST-00845,Professional,3249.96,USD,Paid,ACH Bank Transfer,2026-02-24,2026-02-28,Not Requested
INV-004315,CUST-00845,Professional,3249.96,USD,Paid,ACH Bank Transfer,2026-03-26,2026-03-26,Not Requested
INV-004316,CUST-00845,Professional,3249.96,USD,Paid,PayPal,2026-04-25,2026-04-28,Not Requested
INV-004317,CUST-00845,Professional,3249.96,USD,Failed,Credit Card,2026-05-25,,Not Requested
INV-004318,CUST-00845,Professional,3249.96,USD,Paid,Credit Card,2026-06-24,2026-06-27,Not Requested
INV-004319,CUST-00845,Professional,3249.96,USD,Paid,PayPal,2026-07-24,2026-07-31,Not Requested
INV-004320,CUST-00846,Professional,85583.03,USD,Failed,ACH Bank Transfer,2025-08-28,,Not Requested
INV-004321,CUST-00847,Starter,343.48,EUR,Paid,PayPal,2025-08-28,2025-09-03,Not Requested
INV-004322,CUST-00847,Starter,343.48,EUR,Failed,Credit Card,2025-09-27,,Not Requested
INV-004323,CUST-00847,Starter,343.48,EUR,Paid,PayPal,2025-10-27,2025-10-29,Not Requested
INV-004324,CUST-00847,Starter,343.48,EUR,Paid,Credit Card,2025-11-26,2025-12-01,Not Requested
INV-004325,CUST-00847,Starter,343.48,EUR,Paid,Credit Card,2025-12-26,2025-12-28,Not Requested
INV-004326,CUST-00847,Starter,343.48,EUR,Paid,Credit Card,2026-01-25,2026-01-27,Not Requested
INV-004327,CUST-00847,Starter,343.48,EUR,Paid,Credit Card,2026-02-24,2026-03-05,Not Requested
INV-004328,CUST-00847,Starter,343.48,EUR,Paid,PayPal,2026-03-26,2026-03-27,Not Requested
INV-004329,CUST-00847,Starter,343.48,EUR,Paid,PayPal,2026-04-25,2026-05-01,Not Requested
INV-004330,CUST-00847,Starter,343.48,EUR,Paid,Credit Card,2026-05-25,2026-05-29,Not Requested
INV-004331,CUST-00847,Starter,343.48,EUR,Paid,PayPal,2026-06-24,2026-06-25,Not Requested
INV-004332,CUST-00847,Starter,343.48,EUR,Paid,Credit Card,2026-07-24,2026-07-28,Not Requested
INV-004333,CUST-00848,Professional,1931.89,USD,Paid,ACH Bank Transfer,2025-08-28,2025-08-31,Not Requested
INV-004334,CUST-00848,Professional,1931.89,USD,Paid,Credit Card,2025-09-27,2025-09-29,Not Requested
INV-004335,CUST-00848,Professional,1931.89,USD,Paid,Credit Card,2025-10-27,2025-10-30,Not Requested
INV-004336,CUST-00848,Professional,1931.89,USD,Paid,PayPal,2025-11-26,2025-11-26,Not Requested
INV-004337,CUST-00848,Professional,1931.89,USD,Paid,Credit Card,2025-12-26,2025-12-27,Not Requested
INV-004338,CUST-00848,Professional,1931.89,USD,Failed,Credit Card,2026-01-25,,Not Requested
INV-004339,CUST-00848,Professional,1931.89,USD,Pending,Credit Card,2026-02-24,,Not Requested
INV-004340,CUST-00848,Professional,1931.89,USD,Paid,Credit Card,2026-03-26,2026-03-27,Not Requested
INV-004341,CUST-00848,Professional,1931.89,USD,Paid,Credit Card,2026-04-25,2026-04-27,Not Requested
INV-004342,CUST-00848,Professional,1931.89,USD,Paid,Credit Card,2026-05-25,2026-05-29,Not Requested
INV-004343,CUST-00848,Professional,1931.89,USD,Paid,Credit Card,2026-06-24,2026-07-02,Not Requested
INV-004344,CUST-00848,Professional,1931.89,USD,Paid,Credit Card,2026-07-24,2026-07-26,Not Requested
INV-004345,CUST-00849,Starter,562.28,USD,Paid,Credit Card,2025-08-28,2025-09-03,Not Requested
INV-004346,CUST-00849,Starter,562.28,USD,Paid,Credit Card,2025-09-27,2025-09-27,Not Requested
INV-004347,CUST-00849,Starter,562.28,USD,Paid,Credit Card,2025-10-27,2025-11-02,Not Requested
INV-004348,CUST-00849,Starter,562.28,USD,Paid,Credit Card,2025-11-26,2025-11-29,Not Requested
INV-004349,CUST-00849,Starter,562.28,USD,Paid,Credit Card,2025-12-26,2025-12-27,Not Requested
INV-004350,CUST-00849,Starter,562.28,USD,Paid,Credit Card,2026-01-25,2026-02-03,Not Requested
INV-004351,CUST-00849,Starter,562.28,USD,Paid,Credit Card,2026-02-24,2026-02-27,Not Requested
INV-004352,CUST-00849,Starter,562.28,USD,Paid,Credit Card,2026-03-26,2026-03-31,Not Requested
INV-004353,CUST-00849,Starter,562.28,USD,Paid,Credit Card,2026-04-25,2026-04-25,Not Requested
INV-004354,CUST-00849,Starter,562.28,USD,Paid,Credit Card,2026-05-25,2026-05-30,Not Requested
INV-004355,CUST-00849,Starter,562.28,USD,Paid,PayPal,2026-06-24,2026-06-24,Not Requested
INV-004356,CUST-00849,Starter,562.28,USD,Paid,Credit Card,2026-07-24,2026-07-28,Not Requested
INV-004357,CUST-00850,Professional,870.99,USD,Paid,Credit Card,2025-08-28,2025-09-01,Not Requested
INV-004358,CUST-00850,Professional,870.99,USD,Paid,Credit Card,2025-09-27,2025-09-27,Not Requested
INV-004359,CUST-00850,Professional,870.99,USD,Paid,ACH Bank Transfer,2025-10-27,2025-10-30,Not Requested
INV-004360,CUST-00850,Professional,870.99,USD,Paid,Credit Card,2025-11-26,2025-11-27,Not Requested
INV-004361,CUST-00850,Professional,870.99,USD,Paid,Credit Card,2025-12-26,2025-12-28,Not Requested
INV-004362,CUST-00850,Professional,870.99,USD,Paid,ACH Bank Transfer,2026-01-25,2026-01-26,Not Requested
INV-004363,CUST-00850,Professional,870.99,USD,Paid,Credit Card,2026-02-24,2026-02-24,Not Requested
INV-004364,CUST-00850,Professional,870.99,USD,Paid,Credit Card,2026-03-26,2026-03-27,Not Requested
INV-004365,CUST-00850,Professional,870.99,USD,Paid,Credit Card,2026-04-25,2026-04-28,Not Requested
INV-004366,CUST-00850,Professional,870.99,USD,Paid,ACH Bank Transfer,2026-05-25,2026-05-26,Not Requested
INV-004367,CUST-00850,Professional,870.99,USD,Paid,Credit Card,2026-06-24,2026-06-29,Not Requested
INV-004368,CUST-00850,Professional,870.99,USD,Paid,Credit Card,2026-07-24,2026-07-24,Not Requested
INV-004369,CUST-00851,Starter,1199.08,USD,Paid,Credit Card,2025-08-28,2025-09-03,Not Requested
INV-004370,CUST-00852,Professional,4521.37,USD,Paid,Credit Card,2025-08-28,2025-09-01,Not Requested
INV-004371,CUST-00852,Professional,4521.37,USD,Paid,PayPal,2025-09-27,2025-09-29,Not Requested
INV-004372,CUST-00852,Professional,4521.37,USD,Paid,Credit Card,2025-10-27,2025-10-28,Not Requested
INV-004373,CUST-00852,Professional,4521.37,USD,Paid,Credit Card,2025-11-26,2025-11-27,Not Requested
INV-004374,CUST-00852,Professional,4521.37,USD,Paid,Credit Card,2025-12-26,2025-12-28,Not Requested
INV-004375,CUST-00852,Professional,4521.37,USD,Paid,Credit Card,2026-01-25,2026-01-25,Not Requested
INV-004376,CUST-00852,Professional,4521.37,USD,Paid,Credit Card,2026-02-24,2026-02-24,Not Requested
INV-004377,CUST-00852,Professional,4521.37,USD,Paid,ACH Bank Transfer,2026-03-26,2026-03-26,Not Requested
INV-004378,CUST-00852,Professional,4521.37,USD,Paid,Credit Card,2026-04-25,2026-04-25,Not Requested
INV-004379,CUST-00852,Professional,4521.37,USD,Paid,ACH Bank Transfer,2026-05-25,2026-05-25,Not Requested
INV-004380,CUST-00852,Professional,4521.37,USD,Paid,Credit Card,2026-06-24,2026-06-25,Not Requested
INV-004381,CUST-00852,Professional,4521.37,USD,Paid,Credit Card,2026-07-24,2026-07-25,Not Requested
INV-004382,CUST-00853,Starter,133.63,EUR,Paid,PayPal,2025-08-28,2025-08-28,Not Requested
INV-004383,CUST-00853,Starter,133.63,EUR,Paid,PayPal,2025-09-27,2025-10-01,Not Requested
INV-004384,CUST-00853,Starter,133.63,EUR,Failed,Credit Card,2025-10-27,,Not Requested
INV-004385,CUST-00853,Starter,133.63,EUR,Paid,Credit Card,2025-11-26,2025-12-03,Not Requested
INV-004386,CUST-00853,Starter,133.63,EUR,Paid,Credit Card,2025-12-26,2025-12-29,Not Requested
INV-004387,CUST-00853,Starter,133.63,EUR,Paid,ACH Bank Transfer,2026-01-25,2026-01-31,Not Requested
INV-004388,CUST-00853,Starter,133.63,EUR,Paid,PayPal,2026-02-24,2026-03-02,Not Requested
INV-004389,CUST-00853,Starter,133.63,EUR,Paid,Credit Card,2026-03-26,2026-03-26,Not Requested
INV-004390,CUST-00853,Starter,133.63,EUR,Paid,Credit Card,2026-04-25,2026-04-27,Not Requested
INV-004391,CUST-00853,Starter,133.63,EUR,Paid,Credit Card,2026-05-25,2026-05-31,Not Requested
INV-004392,CUST-00853,Starter,133.63,EUR,Paid,Credit Card,2026-06-24,2026-06-27,Not Requested
INV-004393,CUST-00853,Starter,133.63,EUR,Paid,Credit Card,2026-07-24,2026-07-24,Not Requested
INV-004394,CUST-00854,Professional,48016.33,USD,Paid,Credit Card,2025-08-28,2025-08-31,Not Requested
INV-004395,CUST-00856,Starter,277.35,GBP,Pending,Credit Card,2025-08-28,,Not Requested
INV-004396,CUST-00856,Starter,277.35,GBP,Paid,Credit Card,2025-09-27,2025-10-02,Not Requested
INV-004397,CUST-00856,Starter,277.35,GBP,Paid,Credit Card,2025-10-27,2025-10-30,Not Requested
INV-004398,CUST-00856,Starter,277.35,GBP,Paid,Credit Card,2025-11-26,2025-12-02,Not Requested
INV-004399,CUST-00856,Starter,277.35,GBP,Paid,Credit Card,2025-12-26,2025-12-28,Not Requested
INV-004400,CUST-00856,Starter,277.35,GBP,Failed,Credit Card,2026-01-25,,Not Requested
INV-004401,CUST-00856,Starter,277.35,GBP,Paid,Credit Card,2026-02-24,2026-02-27,Not Requested
INV-004402,CUST-00856,Starter,277.35,GBP,Paid,Credit Card,2026-03-26,2026-03-26,Not Requested
INV-004403,CUST-00856,Starter,277.35,GBP,Paid,Credit Card,2026-04-25,2026-04-26,Not Requested
INV-004404,CUST-00856,Starter,277.35,GBP,Paid,Credit Card,2026-05-25,2026-05-28,Not Requested
INV-004405,CUST-00856,Starter,277.35,GBP,Paid,Credit Card,2026-06-24,2026-06-28,Not Requested
INV-004406,CUST-00856,Starter,277.35,GBP,Paid,Credit Card,2026-07-24,2026-07-28,Not Requested
INV-004407,CUST-00857,Professional,2488.45,EUR,Paid,ACH Bank Transfer,2025-08-28,2025-08-29,Not Requested
INV-004408,CUST-00857,Professional,2488.45,EUR,Paid,Credit Card,2025-09-27,2025-09-30,Not Requested
INV-004409,CUST-00857,Professional,2488.45,EUR,Paid,Credit Card,2025-10-27,2025-10-27,Not Requested
INV-004410,CUST-00857,Professional,2488.45,EUR,Paid,Credit Card,2025-11-26,2025-11-26,Not Requested
INV-004411,CUST-00857,Professional,2488.45,EUR,Paid,Credit Card,2025-12-26,2026-01-01,Not Requested
INV-004412,CUST-00857,Professional,2488.45,EUR,Paid,ACH Bank Transfer,2026-01-25,2026-01-26,Not Requested
INV-004413,CUST-00857,Professional,2488.45,EUR,Paid,Credit Card,2026-02-24,2026-03-01,Not Requested
INV-004414,CUST-00857,Professional,2488.45,EUR,Paid,Credit Card,2026-03-26,2026-03-26,Not Requested
INV-004415,CUST-00857,Professional,2488.45,EUR,Paid,Credit Card,2026-04-25,2026-05-04,Not Requested
INV-004416,CUST-00857,Professional,2488.45,EUR,Pending,Credit Card,2026-05-25,,Not Requested
INV-004417,CUST-00857,Professional,2488.45,EUR,Paid,Credit Card,2026-06-24,2026-06-24,Not Requested
INV-004418,CUST-00857,Professional,2488.45,EUR,Paid,Credit Card,2026-07-24,2026-07-24,Not Requested
INV-004419,CUST-00858,Starter,470.92,USD,Paid,Credit Card,2025-12-02,2025-12-07,Not Requested
INV-004420,CUST-00858,Starter,470.92,USD,Paid,Credit Card,2026-01-01,2026-01-01,Not Requested
INV-004421,CUST-00858,Starter,470.92,USD,Paid,PayPal,2026-01-31,2026-01-31,Not Requested
INV-004422,CUST-00858,Starter,470.92,USD,Paid,Credit Card,2026-03-02,2026-03-02,Not Requested
INV-004423,CUST-00858,Starter,470.92,USD,Paid,Credit Card,2026-04-01,2026-04-08,Not Requested
INV-004424,CUST-00858,Starter,470.92,USD,Paid,Credit Card,2026-05-01,2026-05-02,Not Requested
INV-004425,CUST-00858,Starter,470.92,USD,Paid,Credit Card,2026-05-31,2026-05-31,Not Requested
INV-004426,CUST-00858,Starter,470.92,USD,Paid,Credit Card,2026-06-30,2026-07-03,Not Requested
INV-004427,CUST-00858,Starter,470.92,USD,Paid,PayPal,2026-07-30,2026-08-02,Not Requested
INV-004428,CUST-00860,Starter,481.01,USD,Paid,Credit Card,2026-02-13,2026-02-17,Not Requested
INV-004429,CUST-00860,Starter,481.01,USD,Failed,PayPal,2026-03-15,,Not Requested
INV-004430,CUST-00861,Professional,6544.86,USD,Pending,Credit Card,2025-08-28,,Not Requested
INV-004431,CUST-00861,Professional,6544.86,USD,Paid,Credit Card,2025-09-27,2025-09-27,Not Requested
INV-004432,CUST-00861,Professional,6544.86,USD,Paid,Credit Card,2025-10-27,2025-10-29,Not Requested
INV-004433,CUST-00861,Professional,6544.86,USD,Paid,Credit Card,2025-11-26,2025-11-30,Not Requested
INV-004434,CUST-00861,Professional,6544.86,USD,Paid,Credit Card,2025-12-26,2025-12-26,Not Requested
INV-004435,CUST-00861,Professional,6544.86,USD,Paid,Credit Card,2026-01-25,2026-01-28,Not Requested
INV-004436,CUST-00861,Professional,6544.86,USD,Paid,Credit Card,2026-02-24,2026-02-27,Not Requested
INV-004437,CUST-00861,Professional,6544.86,USD,Paid,Credit Card,2026-03-26,2026-04-01,Not Requested
INV-004438,CUST-00861,Professional,6544.86,USD,Paid,ACH Bank Transfer,2026-04-25,2026-04-29,Not Requested
INV-004439,CUST-00861,Professional,6544.86,USD,Paid,Credit Card,2026-05-25,2026-05-27,Not Requested
INV-004440,CUST-00861,Professional,6544.86,USD,Paid,ACH Bank Transfer,2026-06-24,2026-07-02,Not Requested
INV-004441,CUST-00861,Professional,6544.86,USD,Paid,Credit Card,2026-07-24,2026-08-02,Not Requested
INV-004442,CUST-00862,Starter,226.04,USD,Paid,Credit Card,2025-08-28,2025-08-28,Not Requested
INV-004443,CUST-00862,Starter,226.04,USD,Paid,PayPal,2025-09-27,2025-10-01,Not Requested
INV-004444,CUST-00862,Starter,226.04,USD,Paid,Credit Card,2025-10-27,2025-10-28,Not Requested
INV-004445,CUST-00862,Starter,226.04,USD,Paid,Credit Card,2025-11-26,2025-11-27,Not Requested
INV-004446,CUST-00862,Starter,226.04,USD,Paid,ACH Bank Transfer,2025-12-26,2025-12-26,Not Requested
INV-004447,CUST-00862,Starter,226.04,USD,Paid,Credit Card,2026-01-25,2026-01-25,Not Requested
INV-004448,CUST-00862,Starter,226.04,USD,Paid,Credit Card,2026-02-24,2026-02-25,Not Requested
INV-004449,CUST-00862,Starter,226.04,USD,Paid,Credit Card,2026-03-26,2026-03-29,Not Requested
INV-004450,CUST-00862,Starter,226.04,USD,Paid,Credit Card,2026-04-25,2026-04-27,Not Requested
INV-004451,CUST-00862,Starter,226.04,USD,Paid,PayPal,2026-05-25,2026-05-31,Not Requested
INV-004452,CUST-00862,Starter,226.04,USD,Paid,Credit Card,2026-06-24,2026-06-27,Not Requested
INV-004453,CUST-00862,Starter,226.04,USD,Paid,PayPal,2026-07-24,2026-07-28,Not Requested
INV-004454,CUST-00863,Starter,1004.98,AUD,Paid,Credit Card,2026-05-29,2026-05-30,Not Requested
INV-004455,CUST-00863,Starter,1004.98,AUD,Paid,Credit Card,2026-06-28,2026-06-29,Not Requested
INV-004456,CUST-00863,Starter,1004.98,AUD,Paid,PayPal,2026-07-28,2026-07-28,Not Requested
INV-004457,CUST-00864,Starter,604.17,USD,Paid,Credit Card,2025-08-28,2025-09-06,Not Requested
INV-004458,CUST-00864,Starter,604.17,USD,Pending,Credit Card,2025-09-27,,Not Requested
INV-004459,CUST-00864,Starter,604.17,USD,Paid,PayPal,2025-10-27,2025-10-29,Not Requested
INV-004460,CUST-00864,Starter,604.17,USD,Paid,PayPal,2025-11-26,2025-11-26,Not Requested
INV-004461,CUST-00864,Starter,604.17,USD,Paid,Credit Card,2025-12-26,2025-12-27,Not Requested
INV-004462,CUST-00864,Starter,604.17,USD,Paid,Credit Card,2026-01-25,2026-01-26,Not Requested
INV-004463,CUST-00864,Starter,604.17,USD,Paid,PayPal,2026-02-24,2026-02-27,Not Requested
INV-004464,CUST-00864,Starter,604.17,USD,Paid,Credit Card,2026-03-26,2026-03-31,Not Requested
INV-004465,CUST-00864,Starter,604.17,USD,Pending,Credit Card,2026-04-25,,Not Requested
INV-004466,CUST-00864,Starter,604.17,USD,Paid,Credit Card,2026-05-25,2026-05-30,Not Requested
INV-004467,CUST-00864,Starter,604.17,USD,Paid,PayPal,2026-06-24,2026-06-24,Not Requested
INV-004468,CUST-00864,Starter,604.17,USD,Paid,PayPal,2026-07-24,2026-07-25,Not Requested
INV-004469,CUST-00866,Starter,6727.08,USD,Paid,ACH Bank Transfer,2025-08-28,2025-08-29,Not Requested
INV-004470,CUST-00867,Enterprise,795153.94,USD,Pending,ACH Bank Transfer,2025-08-28,,Not Requested
INV-004471,CUST-00868,Professional,18217.86,USD,Paid,Credit Card,2026-02-27,2026-03-02,Not Requested
INV-004472,CUST-00869,Starter,591.41,USD,Paid,Credit Card,2025-09-08,2025-09-13,Not Requested
INV-004473,CUST-00869,Starter,591.41,USD,Paid,Credit Card,2025-10-08,2025-10-11,Not Requested
INV-004474,CUST-00869,Starter,591.41,USD,Paid,PayPal,2025-11-07,2025-11-13,Not Requested
INV-004475,CUST-00869,Starter,591.41,USD,Paid,ACH Bank Transfer,2025-12-07,2025-12-08,Not Requested
INV-004476,CUST-00869,Starter,591.41,USD,Paid,Credit Card,2026-01-06,2026-01-06,Not Requested
INV-004477,CUST-00869,Starter,591.41,USD,Paid,Credit Card,2026-02-05,2026-02-07,Not Requested
INV-004478,CUST-00869,Starter,591.41,USD,Paid,Credit Card,2026-03-07,2026-03-07,Not Requested
INV-004479,CUST-00869,Starter,591.41,USD,Paid,PayPal,2026-04-06,2026-04-12,Not Requested
INV-004480,CUST-00869,Starter,591.41,USD,Paid,Credit Card,2026-05-06,2026-05-07,Not Requested
INV-004481,CUST-00869,Starter,591.41,USD,Paid,Credit Card,2026-06-05,2026-06-07,Not Requested
INV-004482,CUST-00869,Starter,591.41,USD,Paid,Credit Card,2026-07-05,2026-07-06,Not Requested
INV-004483,CUST-00870,Professional,7092.89,USD,Paid,Credit Card,2025-08-28,2025-08-28,Not Requested
INV-004484,CUST-00870,Professional,7092.89,USD,Paid,Credit Card,2025-09-27,2025-10-01,Not Requested
INV-004485,CUST-00870,Professional,7092.89,USD,Paid,PayPal,2025-10-27,2025-10-28,Not Requested
INV-004486,CUST-00870,Professional,7092.89,USD,Paid,Credit Card,2025-11-26,2025-11-29,Not Requested
INV-004487,CUST-00870,Professional,7092.89,USD,Paid,ACH Bank Transfer,2025-12-26,2026-01-01,Not Requested
INV-004488,CUST-00870,Professional,7092.89,USD,Paid,Credit Card,2026-01-25,2026-01-29,Not Requested
INV-004489,CUST-00870,Professional,7092.89,USD,Paid,ACH Bank Transfer,2026-02-24,2026-02-25,Not Requested
INV-004490,CUST-00870,Professional,7092.89,USD,Paid,ACH Bank Transfer,2026-03-26,2026-04-02,Not Requested
INV-004491,CUST-00870,Professional,7092.89,USD,Paid,Credit Card,2026-04-25,2026-04-28,Not Requested
INV-004492,CUST-00870,Professional,7092.89,USD,Paid,Credit Card,2026-05-25,2026-06-01,Not Requested
INV-004493,CUST-00870,Professional,7092.89,USD,Paid,Credit Card,2026-06-24,2026-06-26,Not Requested
INV-004494,CUST-00870,Professional,7092.89,USD,Paid,Credit Card,2026-07-24,2026-07-26,Not Requested
INV-004495,CUST-00872,Starter,7838.99,USD,Paid,Credit Card,2025-08-28,2025-08-29,Not Requested
INV-004496,CUST-00873,Professional,54383.2,USD,Paid,ACH Bank Transfer,2025-08-28,2025-08-31,Not Requested
INV-004497,CUST-00874,Starter,100.64,USD,Failed,ACH Bank Transfer,2025-08-28,,Not Requested
INV-004498,CUST-00874,Starter,100.64,USD,Paid,Credit Card,2025-09-27,2025-09-30,Not Requested
INV-004499,CUST-00874,Starter,100.64,USD,Paid,PayPal,2025-10-27,2025-11-02,Not Requested
INV-004500,CUST-00874,Starter,100.64,USD,Paid,Credit Card,2025-11-26,2025-11-27,Not Requested
INV-004501,CUST-00874,Starter,100.64,USD,Refunded,Credit Card,2025-12-26,2025-12-30,Approved - Refunded
INV-004502,CUST-00874,Starter,100.64,USD,Paid,Credit Card,2026-01-25,2026-01-31,Not Requested
INV-004503,CUST-00874,Starter,100.64,USD,Paid,ACH Bank Transfer,2026-02-24,2026-02-26,Not Requested
INV-004504,CUST-00874,Starter,100.64,USD,Paid,Credit Card,2026-03-26,2026-03-26,Not Requested
INV-004505,CUST-00874,Starter,100.64,USD,Paid,Credit Card,2026-04-25,2026-04-30,Not Requested
INV-004506,CUST-00874,Starter,100.64,USD,Paid,Credit Card,2026-05-25,2026-05-28,Not Requested
INV-004507,CUST-00874,Starter,100.64,USD,Paid,Credit Card,2026-06-24,2026-06-25,Not Requested
INV-004508,CUST-00874,Starter,100.64,USD,Paid,PayPal,2026-07-24,2026-07-30,Not Requested
INV-004509,CUST-00875,Professional,3407.71,USD,Paid,Credit Card,2025-08-28,2025-08-31,Not Requested
INV-004510,CUST-00875,Professional,3407.71,USD,Paid,Credit Card,2025-09-27,2025-09-28,Not Requested
INV-004511,CUST-00875,Professional,3407.71,USD,Paid,Credit Card,2025-10-27,2025-10-29,Not Requested
INV-004512,CUST-00875,Professional,3407.71,USD,Paid,ACH Bank Transfer,2025-11-26,2025-11-28,Not Requested
INV-004513,CUST-00875,Professional,3407.71,USD,Refunded,Credit Card,2025-12-26,2025-12-28,Requested
INV-004514,CUST-00875,Professional,3407.71,USD,Paid,PayPal,2026-01-25,2026-01-28,Not Requested
INV-004515,CUST-00875,Professional,3407.71,USD,Paid,Credit Card,2026-02-24,2026-02-28,Not Requested
INV-004516,CUST-00875,Professional,3407.71,USD,Paid,Credit Card,2026-03-26,2026-03-31,Not Requested
INV-004517,CUST-00875,Professional,3407.71,USD,Paid,Credit Card,2026-04-25,2026-04-25,Not Requested
INV-004518,CUST-00875,Professional,3407.71,USD,Paid,Credit Card,2026-05-25,2026-05-30,Not Requested
INV-004519,CUST-00875,Professional,3407.71,USD,Paid,Credit Card,2026-06-24,2026-06-25,Not Requested
INV-004520,CUST-00875,Professional,3407.71,USD,Paid,Credit Card,2026-07-24,2026-07-28,Not Requested
INV-004521,CUST-00876,Professional,1968.33,CAD,Paid,ACH Bank Transfer,2025-08-28,2025-08-29,Not Requested
INV-004522,CUST-00876,Professional,1968.33,CAD,Paid,ACH Bank Transfer,2025-09-27,2025-10-03,Not Requested
INV-004523,CUST-00876,Professional,1968.33,CAD,Paid,Credit Card,2025-10-27,2025-10-27,Not Requested
INV-004524,CUST-00876,Professional,1968.33,CAD,Paid,Credit Card,2025-11-26,2025-11-29,Not Requested
INV-004525,CUST-00876,Professional,1968.33,CAD,Paid,Credit Card,2025-12-26,2025-12-30,Not Requested
INV-004526,CUST-00876,Professional,1968.33,CAD,Paid,Credit Card,2026-01-25,2026-01-28,Not Requested
INV-004527,CUST-00876,Professional,1968.33,CAD,Paid,Credit Card,2026-02-24,2026-03-01,Not Requested
INV-004528,CUST-00876,Professional,1968.33,CAD,Paid,Credit Card,2026-03-26,2026-03-31,Not Requested
INV-004529,CUST-00876,Professional,1968.33,CAD,Paid,Credit Card,2026-04-25,2026-04-25,Not Requested
INV-004530,CUST-00876,Professional,1968.33,CAD,Paid,Credit Card,2026-05-25,2026-05-26,Not Requested
INV-004531,CUST-00876,Professional,1968.33,CAD,Paid,Credit Card,2026-06-24,2026-06-29,Not Requested
INV-004532,CUST-00876,Professional,1968.33,CAD,Paid,Credit Card,2026-07-24,2026-07-28,Not Requested
INV-004533,CUST-00877,Professional,48680.14,USD,Failed,ACH Bank Transfer,2025-08-28,,Not Requested
INV-004534,CUST-00878,Professional,2764.48,USD,Paid,Credit Card,2025-08-28,2025-09-05,Not Requested
INV-004535,CUST-00878,Professional,2764.48,USD,Failed,ACH Bank Transfer,2025-09-27,,Not Requested
INV-004536,CUST-00878,Professional,2764.48,USD,Paid,PayPal,2025-10-27,2025-10-29,Not Requested
INV-004537,CUST-00878,Professional,2764.48,USD,Paid,ACH Bank Transfer,2025-11-26,2025-11-26,Not Requested
INV-004538,CUST-00878,Professional,2764.48,USD,Paid,Credit Card,2025-12-26,2025-12-27,Not Requested
INV-004539,CUST-00878,Professional,2764.48,USD,Paid,Credit Card,2026-01-25,2026-01-26,Not Requested
INV-004540,CUST-00878,Professional,2764.48,USD,Paid,ACH Bank Transfer,2026-02-24,2026-02-24,Not Requested
INV-004541,CUST-00878,Professional,2764.48,USD,Paid,Credit Card,2026-03-26,2026-03-29,Not Requested
INV-004542,CUST-00878,Professional,2764.48,USD,Paid,PayPal,2026-04-25,2026-04-27,Not Requested
INV-004543,CUST-00878,Professional,2764.48,USD,Paid,ACH Bank Transfer,2026-05-25,2026-05-29,Not Requested
INV-004544,CUST-00878,Professional,2764.48,USD,Paid,ACH Bank Transfer,2026-06-24,2026-06-27,Not Requested
INV-004545,CUST-00878,Professional,2764.48,USD,Paid,Credit Card,2026-07-24,2026-07-25,Not Requested
INV-004546,CUST-00880,Starter,4845.0,USD,Paid,Credit Card,2025-08-28,2025-09-01,Not Requested
INV-004547,CUST-00881,Professional,104157.14,USD,Paid,ACH Bank Transfer,2025-08-28,2025-08-28,Not Requested
INV-004548,CUST-00882,Professional,6486.98,USD,Paid,Credit Card,2025-08-28,2025-08-31,Not Requested
INV-004549,CUST-00882,Professional,6486.98,USD,Paid,Credit Card,2025-09-27,2025-10-01,Not Requested
INV-004550,CUST-00882,Professional,6486.98,USD,Paid,ACH Bank Transfer,2025-10-27,2025-11-04,Not Requested
INV-004551,CUST-00882,Professional,6486.98,USD,Paid,PayPal,2025-11-26,2025-11-28,Not Requested
INV-004552,CUST-00882,Professional,6486.98,USD,Paid,Credit Card,2025-12-26,2026-01-04,Not Requested
INV-004553,CUST-00882,Professional,6486.98,USD,Paid,Credit Card,2026-01-25,2026-01-28,Not Requested
INV-004554,CUST-00882,Professional,6486.98,USD,Paid,Credit Card,2026-02-24,2026-02-27,Not Requested
INV-004555,CUST-00882,Professional,6486.98,USD,Paid,Credit Card,2026-03-26,2026-03-29,Not Requested
INV-004556,CUST-00882,Professional,6486.98,USD,Paid,Credit Card,2026-04-25,2026-04-28,Not Requested
INV-004557,CUST-00882,Professional,6486.98,USD,Paid,ACH Bank Transfer,2026-05-25,2026-05-25,Not Requested
INV-004558,CUST-00882,Professional,6486.98,USD,Paid,ACH Bank Transfer,2026-06-24,2026-06-28,Not Requested
INV-004559,CUST-00882,Professional,6486.98,USD,Paid,PayPal,2026-07-24,2026-07-24,Not Requested
INV-004560,CUST-00883,Starter,3777.46,USD,Paid,Credit Card,2025-08-28,2025-08-29,Not Requested
INV-004561,CUST-00884,Starter,196.92,USD,Paid,Credit Card,2025-08-28,2025-08-29,Not Requested
INV-004562,CUST-00884,Starter,196.92,USD,Paid,Credit Card,2025-09-27,2025-09-27,Not Requested
INV-004563,CUST-00884,Starter,196.92,USD,Paid,Credit Card,2025-10-27,2025-10-27,Not Requested
INV-004564,CUST-00884,Starter,196.92,USD,Paid,Credit Card,2025-11-26,2025-11-27,Not Requested
INV-004565,CUST-00884,Starter,196.92,USD,Paid,Credit Card,2025-12-26,2025-12-30,Not Requested
INV-004566,CUST-00884,Starter,196.92,USD,Paid,Credit Card,2026-01-25,2026-01-29,Not Requested
INV-004567,CUST-00884,Starter,196.92,USD,Paid,Credit Card,2026-02-24,2026-02-26,Not Requested
INV-004568,CUST-00884,Starter,196.92,USD,Paid,Credit Card,2026-03-26,2026-03-26,Not Requested
INV-004569,CUST-00884,Starter,196.92,USD,Paid,Credit Card,2026-04-25,2026-04-25,Not Requested
INV-004570,CUST-00884,Starter,196.92,USD,Paid,Credit Card,2026-05-25,2026-05-28,Not Requested
INV-004571,CUST-00884,Starter,196.92,USD,Paid,ACH Bank Transfer,2026-06-24,2026-06-24,Not Requested
INV-004572,CUST-00884,Starter,196.92,USD,Pending,Credit Card,2026-07-24,,Not Requested
INV-004573,CUST-00885,Professional,74936.39,USD,Paid,ACH Bank Transfer,2025-08-28,2025-08-30,Not Requested
INV-004574,CUST-00886,Professional,38148.02,USD,Paid,PayPal,2025-08-28,2025-09-08,Not Requested
INV-004575,CUST-00887,Starter,228.71,USD,Paid,Credit Card,2025-08-28,2025-08-30,Not Requested
INV-004576,CUST-00887,Starter,228.71,USD,Paid,Credit Card,2025-09-27,2025-09-30,Not Requested
INV-004577,CUST-00887,Starter,228.71,USD,Paid,Credit Card,2025-10-27,2025-10-27,Not Requested
INV-004578,CUST-00887,Starter,228.71,USD,Paid,Credit Card,2025-11-26,2025-11-28,Not Requested
INV-004579,CUST-00887,Starter,228.71,USD,Paid,Credit Card,2025-12-26,2025-12-27,Not Requested
INV-004580,CUST-00887,Starter,228.71,USD,Paid,Credit Card,2026-01-25,2026-01-27,Not Requested
INV-004581,CUST-00887,Starter,228.71,USD,Paid,Credit Card,2026-02-24,2026-03-01,Not Requested
INV-004582,CUST-00887,Starter,228.71,USD,Paid,PayPal,2026-03-26,2026-03-30,Not Requested
INV-004583,CUST-00887,Starter,228.71,USD,Paid,Credit Card,2026-04-25,2026-04-26,Not Requested
INV-004584,CUST-00887,Starter,228.71,USD,Paid,Credit Card,2026-05-25,2026-05-30,Not Requested
INV-004585,CUST-00887,Starter,228.71,USD,Paid,Credit Card,2026-06-24,2026-06-28,Not Requested
INV-004586,CUST-00887,Starter,228.71,USD,Paid,Credit Card,2026-07-24,2026-07-25,Not Requested
INV-004587,CUST-00889,Starter,422.87,USD,Paid,Credit Card,2026-03-09,2026-03-13,Not Requested
INV-004588,CUST-00889,Starter,422.87,USD,Paid,Credit Card,2026-04-08,2026-04-08,Not Requested
INV-004589,CUST-00889,Starter,422.87,USD,Paid,Credit Card,2026-05-08,2026-05-08,Not Requested
INV-004590,CUST-00889,Starter,422.87,USD,Failed,Credit Card,2026-06-07,,Not Requested
INV-004591,CUST-00889,Starter,422.87,USD,Failed,PayPal,2026-07-07,,Not Requested
INV-004592,CUST-00890,Professional,8556.15,USD,Paid,Credit Card,2025-08-28,2025-09-01,Not Requested
INV-004593,CUST-00890,Professional,8556.15,USD,Paid,Credit Card,2025-09-27,2025-10-02,Not Requested
INV-004594,CUST-00890,Professional,8556.15,USD,Paid,Credit Card,2025-10-27,2025-10-27,Not Requested
INV-004595,CUST-00890,Professional,8556.15,USD,Paid,Credit Card,2025-11-26,2025-11-30,Not Requested
INV-004596,CUST-00890,Professional,8556.15,USD,Paid,Credit Card,2025-12-26,2026-01-03,Not Requested
INV-004597,CUST-00890,Professional,8556.15,USD,Paid,Credit Card,2026-01-25,2026-01-28,Not Requested
INV-004598,CUST-00890,Professional,8556.15,USD,Paid,Credit Card,2026-02-24,2026-03-03,Not Requested
INV-004599,CUST-00890,Professional,8556.15,USD,Paid,Credit Card,2026-03-26,2026-03-30,Not Requested
INV-004600,CUST-00890,Professional,8556.15,USD,Paid,Credit Card,2026-04-25,2026-04-27,Not Requested
INV-004601,CUST-00890,Professional,8556.15,USD,Paid,Credit Card,2026-05-25,2026-05-26,Not Requested
INV-004602,CUST-00890,Professional,8556.15,USD,Paid,Credit Card,2026-06-24,2026-06-26,Not Requested
INV-004603,CUST-00890,Professional,8556.15,USD,Paid,Credit Card,2026-07-24,2026-07-27,Not Requested
INV-004604,CUST-00891,Professional,50256.69,USD,Paid,Credit Card,2025-08-28,2025-08-28,Not Requested
INV-004605,CUST-00892,Professional,97513.16,USD,Paid,Credit Card,2025-08-28,2025-08-28,Not Requested
INV-004606,CUST-00893,Professional,35394.09,USD,Paid,Credit Card,2025-08-28,2025-08-30,Not Requested
INV-004607,CUST-00894,Enterprise,1162894.08,USD,Paid,Credit Card,2025-08-28,2025-08-29,Not Requested
INV-004608,CUST-00895,Starter,2116.02,USD,Refunded,Credit Card,2025-08-28,2025-09-02,Requested
INV-004609,CUST-00896,Professional,91290.17,USD,Paid,Credit Card,2025-08-28,2025-09-01,Not Requested
INV-004610,CUST-00897,Starter,443.36,USD,Paid,Credit Card,2025-08-28,2025-08-31,Not Requested
INV-004611,CUST-00897,Starter,443.36,USD,Paid,Credit Card,2025-09-27,2025-09-28,Not Requested
INV-004612,CUST-00897,Starter,443.36,USD,Paid,Credit Card,2025-10-27,2025-10-27,Not Requested
INV-004613,CUST-00897,Starter,443.36,USD,Paid,Credit Card,2025-11-26,2025-11-26,Not Requested
INV-004614,CUST-00897,Starter,443.36,USD,Paid,Credit Card,2025-12-26,2025-12-28,Not Requested
INV-004615,CUST-00897,Starter,443.36,USD,Paid,PayPal,2026-01-25,2026-01-25,Not Requested
INV-004616,CUST-00897,Starter,443.36,USD,Paid,Credit Card,2026-02-24,2026-03-01,Not Requested
INV-004617,CUST-00897,Starter,443.36,USD,Paid,Credit Card,2026-03-26,2026-03-26,Not Requested
INV-004618,CUST-00897,Starter,443.36,USD,Paid,PayPal,2026-04-25,2026-05-04,Not Requested
INV-004619,CUST-00897,Starter,443.36,USD,Paid,Credit Card,2026-05-25,2026-05-25,Not Requested
INV-004620,CUST-00897,Starter,443.36,USD,Paid,Credit Card,2026-06-24,2026-06-24,Not Requested
INV-004621,CUST-00897,Starter,443.36,USD,Paid,Credit Card,2026-07-24,2026-07-26,Not Requested
INV-004622,CUST-00898,Starter,7653.61,USD,Failed,Credit Card,2025-08-28,,Not Requested
INV-004623,CUST-00899,Starter,460.77,USD,Paid,PayPal,2025-08-28,2025-08-30,Not Requested
INV-004624,CUST-00899,Starter,460.77,USD,Paid,PayPal,2025-09-27,2025-09-30,Not Requested
INV-004625,CUST-00899,Starter,460.77,USD,Paid,Credit Card,2025-10-27,2025-11-03,Not Requested
INV-004626,CUST-00899,Starter,460.77,USD,Failed,Credit Card,2025-11-26,,Not Requested
INV-004627,CUST-00899,Starter,460.77,USD,Paid,PayPal,2025-12-26,2025-12-28,Not Requested
INV-004628,CUST-00899,Starter,460.77,USD,Paid,Credit Card,2026-01-25,2026-01-29,Not Requested
INV-004629,CUST-00899,Starter,460.77,USD,Failed,PayPal,2026-02-24,,Not Requested
INV-004630,CUST-00899,Starter,460.77,USD,Paid,Credit Card,2026-03-26,2026-03-26,Not Requested
INV-004631,CUST-00899,Starter,460.77,USD,Paid,Credit Card,2026-04-25,2026-04-29,Not Requested
INV-004632,CUST-00899,Starter,460.77,USD,Failed,Credit Card,2026-05-25,,Not Requested
INV-004633,CUST-00899,Starter,460.77,USD,Paid,PayPal,2026-06-24,2026-06-24,Not Requested
INV-004634,CUST-00899,Starter,460.77,USD,Failed,Credit Card,2026-07-24,,Not Requested
INV-004635,CUST-00900,Starter,128.81,USD,Failed,Credit Card,2025-08-28,,Not Requested
INV-004636,CUST-00900,Starter,128.81,USD,Paid,Credit Card,2025-09-27,2025-10-02,Not Requested
INV-004637,CUST-00900,Starter,128.81,USD,Paid,Credit Card,2025-10-27,2025-11-01,Not Requested
INV-004638,CUST-00900,Starter,128.81,USD,Paid,Credit Card,2025-11-26,2025-11-29,Not Requested
INV-004639,CUST-00900,Starter,128.81,USD,Paid,Credit Card,2025-12-26,2025-12-26,Not Requested
INV-004640,CUST-00900,Starter,128.81,USD,Paid,Credit Card,2026-01-25,2026-01-28,Not Requested
INV-004641,CUST-00900,Starter,128.81,USD,Paid,ACH Bank Transfer,2026-02-24,2026-03-01,Not Requested
INV-004642,CUST-00900,Starter,128.81,USD,Paid,Credit Card,2026-03-26,2026-03-27,Not Requested
INV-004643,CUST-00900,Starter,128.81,USD,Paid,Credit Card,2026-04-25,2026-04-26,Not Requested
INV-004644,CUST-00900,Starter,128.81,USD,Paid,Credit Card,2026-05-25,2026-05-28,Not Requested
INV-004645,CUST-00900,Starter,128.81,USD,Paid,Credit Card,2026-06-24,2026-06-24,Not Requested
INV-004646,CUST-00900,Starter,128.81,USD,Failed,Credit Card,2026-07-24,,Not Requested
INV-004647,CUST-00901,Starter,553.13,AUD,Refunded,ACH Bank Transfer,2025-08-28,2025-09-03,Approved - Refunded
INV-004648,CUST-00901,Starter,553.13,AUD,Paid,Credit Card,2025-09-27,2025-09-28,Not Requested
INV-004649,CUST-00901,Starter,553.13,AUD,Paid,Credit Card,2025-10-27,2025-10-28,Not Requested
INV-004650,CUST-00901,Starter,553.13,AUD,Paid,Credit Card,2025-11-26,2025-11-30,Not Requested
INV-004651,CUST-00901,Starter,553.13,AUD,Paid,Credit Card,2025-12-26,2025-12-26,Not Requested
INV-004652,CUST-00901,Starter,553.13,AUD,Failed,Credit Card,2026-01-25,,Not Requested
INV-004653,CUST-00901,Starter,553.13,AUD,Paid,Credit Card,2026-02-24,2026-03-01,Not Requested
INV-004654,CUST-00901,Starter,553.13,AUD,Paid,Credit Card,2026-03-26,2026-03-29,Not Requested
INV-004655,CUST-00901,Starter,553.13,AUD,Paid,Credit Card,2026-04-25,2026-04-27,Not Requested
INV-004656,CUST-00901,Starter,553.13,AUD,Paid,Credit Card,2026-05-25,2026-05-28,Not Requested
INV-004657,CUST-00901,Starter,553.13,AUD,Pending,Credit Card,2026-06-24,,Not Requested
INV-004658,CUST-00901,Starter,553.13,AUD,Paid,Credit Card,2026-07-24,2026-07-24,Not Requested
INV-004659,CUST-00902,Professional,72206.69,USD,Paid,Credit Card,2025-08-28,2025-09-04,Not Requested
INV-004660,CUST-00903,Enterprise,608158.95,USD,Paid,ACH Bank Transfer,2025-08-28,2025-09-01,Not Requested
INV-004661,CUST-00904,Enterprise,893790.75,USD,Paid,Wire Transfer,2025-08-28,2025-08-29,Not Requested
INV-004662,CUST-00905,Starter,657.83,USD,Paid,Credit Card,2025-08-28,2025-08-28,Not Requested
INV-004663,CUST-00905,Starter,657.83,USD,Paid,Credit Card,2025-09-27,2025-09-27,Not Requested
INV-004664,CUST-00905,Starter,657.83,USD,Paid,Credit Card,2025-10-27,2025-11-02,Not Requested
INV-004665,CUST-00905,Starter,657.83,USD,Paid,Credit Card,2025-11-26,2025-12-01,Not Requested
INV-004666,CUST-00905,Starter,657.83,USD,Paid,Credit Card,2025-12-26,2025-12-30,Not Requested
INV-004667,CUST-00905,Starter,657.83,USD,Paid,Credit Card,2026-01-25,2026-01-29,Not Requested
INV-004668,CUST-00905,Starter,657.83,USD,Paid,Credit Card,2026-02-24,2026-02-25,Not Requested
INV-004669,CUST-00905,Starter,657.83,USD,Paid,Credit Card,2026-03-26,2026-03-28,Not Requested
INV-004670,CUST-00905,Starter,657.83,USD,Paid,Credit Card,2026-04-25,2026-04-25,Not Requested
INV-004671,CUST-00905,Starter,657.83,USD,Paid,Credit Card,2026-05-25,2026-05-28,Not Requested
INV-004672,CUST-00905,Starter,657.83,USD,Paid,Credit Card,2026-06-24,2026-06-24,Not Requested
INV-004673,CUST-00905,Starter,657.83,USD,Paid,Credit Card,2026-07-24,2026-07-25,Not Requested
INV-004674,CUST-00907,Professional,5992.05,EUR,Paid,Credit Card,2025-08-28,2025-08-29,Not Requested
INV-004675,CUST-00907,Professional,5992.05,EUR,Paid,Credit Card,2025-09-27,2025-10-02,Not Requested
INV-004676,CUST-00907,Professional,5992.05,EUR,Paid,Credit Card,2025-10-27,2025-10-31,Not Requested
INV-004677,CUST-00907,Professional,5992.05,EUR,Paid,Credit Card,2025-11-26,2025-12-01,Not Requested
INV-004678,CUST-00907,Professional,5992.05,EUR,Paid,Credit Card,2025-12-26,2025-12-30,Not Requested
INV-004679,CUST-00907,Professional,5992.05,EUR,Paid,Credit Card,2026-01-25,2026-01-25,Not Requested
INV-004680,CUST-00907,Professional,5992.05,EUR,Paid,Credit Card,2026-02-24,2026-02-25,Not Requested
INV-004681,CUST-00907,Professional,5992.05,EUR,Paid,Credit Card,2026-03-26,2026-04-01,Not Requested
INV-004682,CUST-00907,Professional,5992.05,EUR,Paid,Credit Card,2026-04-25,2026-04-27,Not Requested
INV-004683,CUST-00907,Professional,5992.05,EUR,Paid,Credit Card,2026-05-25,2026-05-27,Not Requested
INV-004684,CUST-00907,Professional,5992.05,EUR,Paid,ACH Bank Transfer,2026-06-24,2026-06-25,Not Requested
INV-004685,CUST-00907,Professional,5992.05,EUR,Paid,Credit Card,2026-07-24,2026-07-27,Not Requested
INV-004686,CUST-00908,Enterprise,379190.39,USD,Paid,Credit Card,2025-08-28,2025-08-30,Not Requested
INV-004687,CUST-00909,Starter,185.53,AUD,Paid,Credit Card,2025-08-28,2025-09-04,Not Requested
INV-004688,CUST-00909,Starter,185.53,AUD,Paid,ACH Bank Transfer,2025-09-27,2025-10-01,Not Requested
INV-004689,CUST-00909,Starter,185.53,AUD,Paid,Credit Card,2025-10-27,2025-10-29,Not Requested
INV-004690,CUST-00909,Starter,185.53,AUD,Paid,Credit Card,2025-11-26,2025-11-27,Not Requested
INV-004691,CUST-00909,Starter,185.53,AUD,Paid,Credit Card,2025-12-26,2025-12-27,Not Requested
INV-004692,CUST-00909,Starter,185.53,AUD,Paid,Credit Card,2026-01-25,2026-01-25,Not Requested
INV-004693,CUST-00909,Starter,185.53,AUD,Paid,PayPal,2026-02-24,2026-03-02,Not Requested
INV-004694,CUST-00909,Starter,185.53,AUD,Paid,Credit Card,2026-03-26,2026-03-26,Not Requested
INV-004695,CUST-00909,Starter,185.53,AUD,Paid,Credit Card,2026-04-25,2026-04-27,Not Requested
INV-004696,CUST-00909,Starter,185.53,AUD,Paid,Credit Card,2026-05-25,2026-05-30,Not Requested
INV-004697,CUST-00909,Starter,185.53,AUD,Paid,Credit Card,2026-06-24,2026-06-27,Not Requested
INV-004698,CUST-00909,Starter,185.53,AUD,Paid,Credit Card,2026-07-24,2026-07-24,Not Requested
INV-004699,CUST-00911,Starter,620.05,USD,Paid,Credit Card,2025-08-28,2025-09-02,Not Requested
INV-004700,CUST-00911,Starter,620.05,USD,Paid,Credit Card,2025-09-27,2025-09-29,Not Requested
INV-004701,CUST-00911,Starter,620.05,USD,Paid,Credit Card,2025-10-27,2025-10-29,Not Requested
INV-004702,CUST-00911,Starter,620.05,USD,Paid,Credit Card,2025-11-26,2025-11-29,Not Requested
INV-004703,CUST-00911,Starter,620.05,USD,Paid,Credit Card,2025-12-26,2026-01-04,Not Requested
INV-004704,CUST-00911,Starter,620.05,USD,Paid,Credit Card,2026-01-25,2026-01-28,Not Requested
INV-004705,CUST-00911,Starter,620.05,USD,Paid,Credit Card,2026-02-24,2026-02-27,Not Requested
INV-004706,CUST-00911,Starter,620.05,USD,Paid,PayPal,2026-03-26,2026-04-02,Not Requested
INV-004707,CUST-00911,Starter,620.05,USD,Paid,Credit Card,2026-04-25,2026-04-25,Not Requested
INV-004708,CUST-00911,Starter,620.05,USD,Pending,Credit Card,2026-05-25,,Not Requested
INV-004709,CUST-00911,Starter,620.05,USD,Paid,Credit Card,2026-06-24,2026-07-02,Not Requested
INV-004710,CUST-00911,Starter,620.05,USD,Paid,Credit Card,2026-07-24,2026-07-25,Not Requested
INV-004711,CUST-00912,Professional,100234.95,USD,Paid,Credit Card,2025-08-28,2025-09-01,Not Requested
INV-004712,CUST-00913,Professional,1922.12,AUD,Paid,Credit Card,2025-08-28,2025-09-01,Not Requested
INV-004713,CUST-00913,Professional,1922.12,AUD,Paid,ACH Bank Transfer,2025-09-27,2025-09-30,Not Requested
INV-004714,CUST-00913,Professional,1922.12,AUD,Paid,ACH Bank Transfer,2025-10-27,2025-10-27,Not Requested
INV-004715,CUST-00913,Professional,1922.12,AUD,Paid,Credit Card,2025-11-26,2025-11-26,Not Requested
INV-004716,CUST-00913,Professional,1922.12,AUD,Paid,PayPal,2025-12-26,2025-12-26,Not Requested
INV-004717,CUST-00913,Professional,1922.12,AUD,Paid,Credit Card,2026-01-25,2026-01-30,Not Requested
INV-004718,CUST-00913,Professional,1922.12,AUD,Paid,PayPal,2026-02-24,2026-02-27,Not Requested
INV-004719,CUST-00913,Professional,1922.12,AUD,Paid,Credit Card,2026-03-26,2026-03-29,Not Requested
INV-004720,CUST-00913,Professional,1922.12,AUD,Paid,ACH Bank Transfer,2026-04-25,2026-04-26,Not Requested
INV-004721,CUST-00913,Professional,1922.12,AUD,Refunded,Credit Card,2026-05-25,2026-05-29,Approved - Refunded
INV-004722,CUST-00913,Professional,1922.12,AUD,Paid,PayPal,2026-06-24,2026-06-27,Not Requested
INV-004723,CUST-00913,Professional,1922.12,AUD,Paid,Credit Card,2026-07-24,2026-07-25,Not Requested
INV-004724,CUST-00914,Starter,491.06,USD,Paid,Credit Card,2025-08-28,2025-09-01,Not Requested
INV-004725,CUST-00914,Starter,491.06,USD,Paid,Credit Card,2025-09-27,2025-09-27,Not Requested
INV-004726,CUST-00914,Starter,491.06,USD,Paid,Credit Card,2025-10-27,2025-10-27,Not Requested
INV-004727,CUST-00914,Starter,491.06,USD,Paid,Credit Card,2025-11-26,2025-11-28,Not Requested
INV-004728,CUST-00914,Starter,491.06,USD,Paid,Credit Card,2025-12-26,2025-12-29,Not Requested
INV-004729,CUST-00914,Starter,491.06,USD,Paid,Credit Card,2026-01-25,2026-01-28,Not Requested
INV-004730,CUST-00914,Starter,491.06,USD,Paid,Credit Card,2026-02-24,2026-02-24,Not Requested
INV-004731,CUST-00914,Starter,491.06,USD,Paid,Credit Card,2026-03-26,2026-03-28,Not Requested
INV-004732,CUST-00914,Starter,491.06,USD,Paid,Credit Card,2026-04-25,2026-04-27,Not Requested
INV-004733,CUST-00914,Starter,491.06,USD,Paid,Credit Card,2026-05-25,2026-05-26,Not Requested
INV-004734,CUST-00914,Starter,491.06,USD,Paid,PayPal,2026-06-24,2026-06-26,Not Requested
INV-004735,CUST-00914,Starter,491.06,USD,Paid,Credit Card,2026-07-24,2026-07-25,Not Requested
INV-004736,CUST-00916,Professional,2334.71,USD,Paid,PayPal,2025-08-28,2025-09-02,Not Requested
INV-004737,CUST-00916,Professional,2334.71,USD,Paid,Credit Card,2025-09-27,2025-10-05,Not Requested
INV-004738,CUST-00916,Professional,2334.71,USD,Paid,ACH Bank Transfer,2025-10-27,2025-10-31,Not Requested
INV-004739,CUST-00916,Professional,2334.71,USD,Paid,Credit Card,2025-11-26,2025-12-02,Not Requested
INV-004740,CUST-00916,Professional,2334.71,USD,Paid,Credit Card,2025-12-26,2025-12-26,Not Requested
INV-004741,CUST-00916,Professional,2334.71,USD,Paid,Credit Card,2026-01-25,2026-01-28,Not Requested
INV-004742,CUST-00916,Professional,2334.71,USD,Paid,ACH Bank Transfer,2026-02-24,2026-02-28,Not Requested
INV-004743,CUST-00916,Professional,2334.71,USD,Paid,Credit Card,2026-03-26,2026-03-30,Not Requested
INV-004744,CUST-00916,Professional,2334.71,USD,Paid,Credit Card,2026-04-25,2026-04-25,Not Requested
INV-004745,CUST-00916,Professional,2334.71,USD,Paid,Credit Card,2026-05-25,2026-05-26,Not Requested
INV-004746,CUST-00916,Professional,2334.71,USD,Paid,Credit Card,2026-06-24,2026-06-28,Not Requested
INV-004747,CUST-00916,Professional,2334.71,USD,Failed,Credit Card,2026-07-24,,Not Requested
INV-004748,CUST-00917,Enterprise,114150.83,AUD,Paid,Wire Transfer,2025-08-28,2025-08-30,Not Requested
INV-004749,CUST-00919,Enterprise,2564878.5,USD,Paid,Wire Transfer,2025-08-28,2025-08-28,Not Requested
INV-004750,CUST-00921,Professional,44200.01,USD,Paid,Credit Card,2025-08-28,2025-08-28,Not Requested
INV-004751,CUST-00922,Starter,5202.33,USD,Paid,Credit Card,2025-08-28,2025-08-30,Not Requested
INV-004752,CUST-00923,Professional,35467.59,USD,Paid,ACH Bank Transfer,2025-08-28,2025-08-28,Not Requested
INV-004753,CUST-00926,Starter,7294.72,USD,Refunded,Credit Card,2025-08-28,2025-08-30,Approved - Refunded
INV-004754,CUST-00927,Starter,5597.91,GBP,Paid,Credit Card,2025-08-28,2025-08-29,Not Requested
INV-004755,CUST-00928,Professional,10289.07,USD,Paid,Credit Card,2025-08-28,2025-08-31,Not Requested
INV-004756,CUST-00930,Professional,23870.09,USD,Paid,Credit Card,2025-08-28,2025-08-31,Not Requested
INV-004757,CUST-00931,Professional,9083.59,EUR,Paid,Credit Card,2025-08-28,2025-08-30,Not Requested
INV-004758,CUST-00931,Professional,9083.59,EUR,Paid,PayPal,2025-09-27,2025-09-28,Not Requested
INV-004759,CUST-00931,Professional,9083.59,EUR,Paid,PayPal,2025-10-27,2025-10-28,Not Requested
INV-004760,CUST-00931,Professional,9083.59,EUR,Paid,Credit Card,2025-11-26,2025-11-29,Not Requested
INV-004761,CUST-00931,Professional,9083.59,EUR,Refunded,Credit Card,2025-12-26,2025-12-30,Approved - Refunded
INV-004762,CUST-00931,Professional,9083.59,EUR,Paid,Credit Card,2026-01-25,2026-01-31,Not Requested
INV-004763,CUST-00931,Professional,9083.59,EUR,Paid,PayPal,2026-02-24,2026-02-27,Not Requested
INV-004764,CUST-00931,Professional,9083.59,EUR,Paid,Credit Card,2026-03-26,2026-03-27,Not Requested
INV-004765,CUST-00931,Professional,9083.59,EUR,Paid,PayPal,2026-04-25,2026-04-29,Not Requested
INV-004766,CUST-00931,Professional,9083.59,EUR,Paid,Credit Card,2026-05-25,2026-05-29,Not Requested
INV-004767,CUST-00931,Professional,9083.59,EUR,Paid,Credit Card,2026-06-24,2026-06-24,Not Requested
INV-004768,CUST-00931,Professional,9083.59,EUR,Paid,Credit Card,2026-07-24,2026-07-26,Not Requested
INV-004769,CUST-00932,Starter,170.41,USD,Paid,Credit Card,2025-08-28,2025-08-30,Not Requested
INV-004770,CUST-00932,Starter,170.41,USD,Paid,Credit Card,2025-09-27,2025-09-30,Not Requested
INV-004771,CUST-00932,Starter,170.41,USD,Paid,Credit Card,2025-10-27,2025-10-27,Not Requested
INV-004772,CUST-00932,Starter,170.41,USD,Paid,Credit Card,2025-11-26,2025-12-03,Not Requested
INV-004773,CUST-00932,Starter,170.41,USD,Paid,Credit Card,2025-12-26,2025-12-28,Not Requested
INV-004774,CUST-00932,Starter,170.41,USD,Paid,Credit Card,2026-01-25,2026-01-26,Not Requested
INV-004775,CUST-00932,Starter,170.41,USD,Paid,Credit Card,2026-02-24,2026-02-24,Not Requested
INV-004776,CUST-00932,Starter,170.41,USD,Paid,Credit Card,2026-03-26,2026-03-30,Not Requested
INV-004777,CUST-00932,Starter,170.41,USD,Paid,Credit Card,2026-04-25,2026-04-25,Not Requested
INV-004778,CUST-00932,Starter,170.41,USD,Paid,Credit Card,2026-05-25,2026-05-29,Not Requested
INV-004779,CUST-00932,Starter,170.41,USD,Paid,PayPal,2026-06-24,2026-07-01,Not Requested
INV-004780,CUST-00932,Starter,170.41,USD,Paid,Credit Card,2026-07-24,2026-07-26,Not Requested
INV-004781,CUST-00934,Professional,3629.03,USD,Paid,Credit Card,2025-08-28,2025-08-29,Not Requested
INV-004782,CUST-00934,Professional,3629.03,USD,Failed,Credit Card,2025-09-27,,Requested
INV-004783,CUST-00934,Professional,3629.03,USD,Paid,ACH Bank Transfer,2025-10-27,2025-10-31,Not Requested
INV-004784,CUST-00934,Professional,3629.03,USD,Paid,PayPal,2025-11-26,2025-12-01,Not Requested
INV-004785,CUST-00934,Professional,3629.03,USD,Paid,ACH Bank Transfer,2025-12-26,2025-12-30,Not Requested
INV-004786,CUST-00934,Professional,3629.03,USD,Paid,ACH Bank Transfer,2026-01-25,2026-01-30,Not Requested
INV-004787,CUST-00934,Professional,3629.03,USD,Paid,Credit Card,2026-02-24,2026-03-02,Not Requested
INV-004788,CUST-00934,Professional,3629.03,USD,Paid,Credit Card,2026-03-26,2026-03-29,Not Requested
INV-004789,CUST-00934,Professional,3629.03,USD,Pending,Credit Card,2026-04-25,,Not Requested
INV-004790,CUST-00934,Professional,3629.03,USD,Paid,Credit Card,2026-05-25,2026-05-31,Not Requested
INV-004791,CUST-00934,Professional,3629.03,USD,Paid,ACH Bank Transfer,2026-06-24,2026-06-24,Not Requested
INV-004792,CUST-00934,Professional,3629.03,USD,Paid,Credit Card,2026-07-24,2026-07-26,Not Requested
INV-004793,CUST-00935,Starter,582.74,USD,Paid,Credit Card,2025-08-28,2025-08-29,Not Requested
INV-004794,CUST-00935,Starter,582.74,USD,Paid,PayPal,2025-09-27,2025-10-01,Not Requested
INV-004795,CUST-00935,Starter,582.74,USD,Paid,Credit Card,2025-10-27,2025-10-28,Not Requested
INV-004796,CUST-00935,Starter,582.74,USD,Paid,Credit Card,2025-11-26,2025-11-30,Not Requested
INV-004797,CUST-00935,Starter,582.74,USD,Paid,Credit Card,2025-12-26,2025-12-27,Not Requested
INV-004798,CUST-00935,Starter,582.74,USD,Paid,Credit Card,2026-01-25,2026-01-29,Not Requested
INV-004799,CUST-00935,Starter,582.74,USD,Paid,Credit Card,2026-02-24,2026-02-25,Not Requested
INV-004800,CUST-00935,Starter,582.74,USD,Paid,Credit Card,2026-03-26,2026-03-31,Not Requested
INV-004801,CUST-00935,Starter,582.74,USD,Paid,PayPal,2026-04-25,2026-04-25,Not Requested
INV-004802,CUST-00935,Starter,582.74,USD,Paid,Credit Card,2026-05-25,2026-05-30,Not Requested
INV-004803,CUST-00935,Starter,582.74,USD,Paid,Credit Card,2026-06-24,2026-06-26,Not Requested
INV-004804,CUST-00935,Starter,582.74,USD,Paid,Credit Card,2026-07-24,2026-07-24,Not Requested
INV-004805,CUST-00936,Professional,6027.32,USD,Paid,Credit Card,2025-08-28,2025-08-30,Not Requested
INV-004806,CUST-00936,Professional,6027.32,USD,Paid,ACH Bank Transfer,2025-09-27,2025-09-30,Not Requested
INV-004807,CUST-00936,Professional,6027.32,USD,Refunded,Credit Card,2025-10-27,2025-10-29,Approved - Refunded
INV-004808,CUST-00936,Professional,6027.32,USD,Paid,Credit Card,2025-11-26,2025-11-27,Not Requested
INV-004809,CUST-00936,Professional,6027.32,USD,Paid,Credit Card,2025-12-26,2025-12-27,Not Requested
INV-004810,CUST-00936,Professional,6027.32,USD,Pending,Credit Card,2026-01-25,,Not Requested
INV-004811,CUST-00936,Professional,6027.32,USD,Paid,PayPal,2026-02-24,2026-02-25,Not Requested
INV-004812,CUST-00936,Professional,6027.32,USD,Paid,Credit Card,2026-03-26,2026-04-02,Not Requested
INV-004813,CUST-00936,Professional,6027.32,USD,Failed,Credit Card,2026-04-25,,Not Requested
INV-004814,CUST-00936,Professional,6027.32,USD,Paid,Credit Card,2026-05-25,2026-05-27,Not Requested
INV-004815,CUST-00936,Professional,6027.32,USD,Paid,ACH Bank Transfer,2026-06-24,2026-06-30,Not Requested
INV-004816,CUST-00936,Professional,6027.32,USD,Paid,Credit Card,2026-07-24,2026-07-30,Not Requested
INV-004817,CUST-00938,Professional,995.0,USD,Paid,Credit Card,2025-08-28,2025-08-31,Not Requested
INV-004818,CUST-00938,Professional,995.0,USD,Paid,ACH Bank Transfer,2025-09-27,2025-09-29,Not Requested
INV-004819,CUST-00938,Professional,995.0,USD,Pending,ACH Bank Transfer,2025-10-27,,Not Requested
INV-004820,CUST-00938,Professional,995.0,USD,Paid,ACH Bank Transfer,2025-11-26,2025-11-26,Not Requested
INV-004821,CUST-00938,Professional,995.0,USD,Paid,Credit Card,2025-12-26,2025-12-29,Not Requested
INV-004822,CUST-00938,Professional,995.0,USD,Failed,Credit Card,2026-01-25,,Not Requested
INV-004823,CUST-00938,Professional,995.0,USD,Paid,Credit Card,2026-02-24,2026-03-01,Not Requested
INV-004824,CUST-00938,Professional,995.0,USD,Paid,Credit Card,2026-03-26,2026-03-26,Not Requested
INV-004825,CUST-00938,Professional,995.0,USD,Paid,Credit Card,2026-04-25,2026-04-27,Not Requested
INV-004826,CUST-00938,Professional,995.0,USD,Paid,Credit Card,2026-05-25,2026-05-25,Not Requested
INV-004827,CUST-00938,Professional,995.0,USD,Paid,ACH Bank Transfer,2026-06-24,2026-06-29,Not Requested
INV-004828,CUST-00938,Professional,995.0,USD,Paid,Credit Card,2026-07-24,2026-07-25,Not Requested
INV-004829,CUST-00939,Professional,127654.7,CAD,Paid,Credit Card,2025-08-28,2025-08-31,Not Requested
INV-004830,CUST-00941,Professional,22399.66,USD,Paid,Credit Card,2025-08-28,2025-08-29,Not Requested
INV-004831,CUST-00943,Professional,3710.5,USD,Paid,Credit Card,2025-08-28,2025-08-30,Not Requested
INV-004832,CUST-00943,Professional,3710.5,USD,Paid,Credit Card,2025-09-27,2025-09-29,Not Requested
INV-004833,CUST-00943,Professional,3710.5,USD,Paid,Credit Card,2025-10-27,2025-10-31,Not Requested
INV-004834,CUST-00943,Professional,3710.5,USD,Paid,Credit Card,2025-11-26,2025-11-27,Not Requested
INV-004835,CUST-00943,Professional,3710.5,USD,Failed,PayPal,2025-12-26,,Not Requested
INV-004836,CUST-00943,Professional,3710.5,USD,Paid,Credit Card,2026-01-25,2026-01-26,Not Requested
INV-004837,CUST-00943,Professional,3710.5,USD,Paid,ACH Bank Transfer,2026-02-24,2026-02-25,Not Requested
INV-004838,CUST-00943,Professional,3710.5,USD,Paid,Credit Card,2026-03-26,2026-03-26,Not Requested
INV-004839,CUST-00943,Professional,3710.5,USD,Paid,Credit Card,2026-04-25,2026-04-25,Not Requested
INV-004840,CUST-00943,Professional,3710.5,USD,Paid,ACH Bank Transfer,2026-05-25,2026-05-27,Not Requested
INV-004841,CUST-00943,Professional,3710.5,USD,Paid,PayPal,2026-06-24,2026-06-28,Not Requested
INV-004842,CUST-00943,Professional,3710.5,USD,Failed,PayPal,2026-07-24,,Not Requested
INV-004843,CUST-00944,Professional,925.91,USD,Paid,Credit Card,2025-08-28,2025-08-28,Not Requested
INV-004844,CUST-00944,Professional,925.91,USD,Paid,Credit Card,2025-09-27,2025-09-27,Not Requested
INV-004845,CUST-00944,Professional,925.91,USD,Paid,Credit Card,2025-10-27,2025-10-31,Not Requested
INV-004846,CUST-00944,Professional,925.91,USD,Paid,PayPal,2025-11-26,2025-11-26,Not Requested
INV-004847,CUST-00944,Professional,925.91,USD,Paid,PayPal,2025-12-26,2025-12-28,Not Requested
INV-004848,CUST-00944,Professional,925.91,USD,Pending,ACH Bank Transfer,2026-01-25,,Not Requested
INV-004849,CUST-00944,Professional,925.91,USD,Paid,Credit Card,2026-02-24,2026-02-24,Not Requested
INV-004850,CUST-00944,Professional,925.91,USD,Failed,Credit Card,2026-03-26,,Not Requested
INV-004851,CUST-00944,Professional,925.91,USD,Paid,Credit Card,2026-04-25,2026-04-27,Not Requested
INV-004852,CUST-00944,Professional,925.91,USD,Paid,Credit Card,2026-05-25,2026-05-27,Not Requested
INV-004853,CUST-00944,Professional,925.91,USD,Paid,Credit Card,2026-06-24,2026-06-26,Not Requested
INV-004854,CUST-00944,Professional,925.91,USD,Paid,Credit Card,2026-07-24,2026-07-28,Not Requested
INV-004855,CUST-00945,Enterprise,416558.05,USD,Paid,Wire Transfer,2025-08-28,2025-09-01,Not Requested
INV-004856,CUST-00946,Enterprise,796802.67,USD,Paid,Wire Transfer,2025-08-28,2025-08-29,Not Requested
INV-004857,CUST-00947,Starter,401.43,USD,Paid,PayPal,2025-08-28,2025-09-04,Not Requested
INV-004858,CUST-00947,Starter,401.43,USD,Paid,Credit Card,2025-09-27,2025-09-27,Not Requested
INV-004859,CUST-00947,Starter,401.43,USD,Paid,Credit Card,2025-10-27,2025-10-28,Not Requested
INV-004860,CUST-00947,Starter,401.43,USD,Refunded,Credit Card,2025-11-26,2025-11-28,Approved - Refunded
INV-004861,CUST-00947,Starter,401.43,USD,Paid,Credit Card,2025-12-26,2025-12-27,Not Requested
INV-004862,CUST-00947,Starter,401.43,USD,Paid,Credit Card,2026-01-25,2026-01-27,Not Requested
INV-004863,CUST-00947,Starter,401.43,USD,Paid,Credit Card,2026-02-24,2026-03-01,Not Requested
INV-004864,CUST-00947,Starter,401.43,USD,Paid,Credit Card,2026-03-26,2026-03-26,Not Requested
INV-004865,CUST-00947,Starter,401.43,USD,Paid,Credit Card,2026-04-25,2026-04-29,Not Requested
INV-004866,CUST-00947,Starter,401.43,USD,Paid,Credit Card,2026-05-25,2026-05-29,Not Requested
INV-004867,CUST-00947,Starter,401.43,USD,Paid,Credit Card,2026-06-24,2026-06-24,Not Requested
INV-004868,CUST-00947,Starter,401.43,USD,Paid,Credit Card,2026-07-24,2026-08-01,Not Requested
INV-004869,CUST-00948,Enterprise,215803.97,USD,Paid,ACH Bank Transfer,2025-08-28,2025-09-01,Not Requested
INV-004870,CUST-00949,Starter,210.95,USD,Paid,Credit Card,2025-08-28,2025-08-30,Not Requested
INV-004871,CUST-00949,Starter,210.95,USD,Paid,Credit Card,2025-09-27,2025-10-01,Not Requested
INV-004872,CUST-00949,Starter,210.95,USD,Paid,Credit Card,2025-10-27,2025-10-28,Not Requested
INV-004873,CUST-00949,Starter,210.95,USD,Paid,Credit Card,2025-11-26,2025-11-30,Not Requested
INV-004874,CUST-00949,Starter,210.95,USD,Paid,Credit Card,2025-12-26,2026-01-02,Not Requested
INV-004875,CUST-00949,Starter,210.95,USD,Paid,Credit Card,2026-01-25,2026-01-26,Not Requested
INV-004876,CUST-00949,Starter,210.95,USD,Paid,Credit Card,2026-02-24,2026-03-02,Not Requested
INV-004877,CUST-00949,Starter,210.95,USD,Paid,Credit Card,2026-03-26,2026-03-31,Not Requested
INV-004878,CUST-00949,Starter,210.95,USD,Paid,Credit Card,2026-04-25,2026-04-27,Not Requested
INV-004879,CUST-00949,Starter,210.95,USD,Paid,Credit Card,2026-05-25,2026-05-27,Not Requested
INV-004880,CUST-00949,Starter,210.95,USD,Paid,Credit Card,2026-06-24,2026-06-28,Not Requested
INV-004881,CUST-00949,Starter,210.95,USD,Paid,ACH Bank Transfer,2026-07-24,2026-07-24,Not Requested
INV-004882,CUST-00950,Professional,33096.05,USD,Paid,Credit Card,2025-08-28,2025-08-29,Not Requested
INV-004883,CUST-00951,Enterprise,515368.13,USD,Refunded,ACH Bank Transfer,2025-08-28,2025-08-28,Approved - Refunded
INV-004884,CUST-00952,Starter,582.35,CAD,Paid,ACH Bank Transfer,2025-08-28,2025-08-31,Not Requested
INV-004885,CUST-00952,Starter,582.35,CAD,Paid,Credit Card,2025-09-27,2025-09-28,Not Requested
INV-004886,CUST-00952,Starter,582.35,CAD,Paid,Credit Card,2025-10-27,2025-10-27,Not Requested
INV-004887,CUST-00952,Starter,582.35,CAD,Paid,PayPal,2025-11-26,2025-11-28,Not Requested
INV-004888,CUST-00952,Starter,582.35,CAD,Paid,Credit Card,2025-12-26,2025-12-30,Not Requested
INV-004889,CUST-00952,Starter,582.35,CAD,Paid,Credit Card,2026-01-25,2026-01-27,Not Requested
INV-004890,CUST-00952,Starter,582.35,CAD,Paid,Credit Card,2026-02-24,2026-02-24,Not Requested
INV-004891,CUST-00952,Starter,582.35,CAD,Paid,Credit Card,2026-03-26,2026-03-26,Not Requested
INV-004892,CUST-00952,Starter,582.35,CAD,Paid,Credit Card,2026-04-25,2026-04-26,Not Requested
INV-004893,CUST-00952,Starter,582.35,CAD,Paid,Credit Card,2026-05-25,2026-05-28,Not Requested
INV-004894,CUST-00952,Starter,582.35,CAD,Paid,Credit Card,2026-06-24,2026-07-01,Not Requested
INV-004895,CUST-00952,Starter,582.35,CAD,Failed,Credit Card,2026-07-24,,Not Requested
INV-004896,CUST-00953,Professional,98334.29,USD,Paid,Credit Card,2025-08-28,2025-08-29,Not Requested
INV-004897,CUST-00954,Starter,576.66,USD,Paid,Credit Card,2025-08-28,2025-08-28,Not Requested
INV-004898,CUST-00954,Starter,576.66,USD,Paid,Credit Card,2025-09-27,2025-10-01,Not Requested
INV-004899,CUST-00954,Starter,576.66,USD,Paid,Credit Card,2025-10-27,2025-10-28,Not Requested
INV-004900,CUST-00954,Starter,576.66,USD,Paid,Credit Card,2025-11-26,2025-11-27,Not Requested
INV-004901,CUST-00954,Starter,576.66,USD,Paid,Credit Card,2025-12-26,2025-12-30,Not Requested
INV-004902,CUST-00954,Starter,576.66,USD,Paid,Credit Card,2026-01-25,2026-02-02,Not Requested
INV-004903,CUST-00954,Starter,576.66,USD,Paid,Credit Card,2026-02-24,2026-02-28,Not Requested
INV-004904,CUST-00954,Starter,576.66,USD,Paid,Credit Card,2026-03-26,2026-03-27,Not Requested
INV-004905,CUST-00954,Starter,576.66,USD,Paid,Credit Card,2026-04-25,2026-04-25,Not Requested
INV-004906,CUST-00954,Starter,576.66,USD,Paid,Credit Card,2026-05-25,2026-05-29,Not Requested
INV-004907,CUST-00954,Starter,576.66,USD,Paid,Credit Card,2026-06-24,2026-06-28,Not Requested
INV-004908,CUST-00954,Starter,576.66,USD,Paid,PayPal,2026-07-24,2026-07-24,Not Requested
INV-004909,CUST-00955,Starter,73.25,USD,Paid,PayPal,2025-08-28,2025-08-28,Not Requested
INV-004910,CUST-00955,Starter,73.25,USD,Paid,Credit Card,2025-09-27,2025-09-30,Not Requested
INV-004911,CUST-00955,Starter,73.25,USD,Paid,Credit Card,2025-10-27,2025-10-27,Not Requested
INV-004912,CUST-00955,Starter,73.25,USD,Paid,Credit Card,2025-11-26,2025-11-30,Not Requested
INV-004913,CUST-00955,Starter,73.25,USD,Paid,Credit Card,2025-12-26,2025-12-27,Not Requested
INV-004914,CUST-00955,Starter,73.25,USD,Paid,Credit Card,2026-01-25,2026-01-28,Not Requested
INV-004915,CUST-00955,Starter,73.25,USD,Paid,Credit Card,2026-02-24,2026-02-25,Not Requested
INV-004916,CUST-00955,Starter,73.25,USD,Paid,Credit Card,2026-03-26,2026-03-29,Not Requested
INV-004917,CUST-00955,Starter,73.25,USD,Paid,Credit Card,2026-04-25,2026-04-28,Not Requested
INV-004918,CUST-00955,Starter,73.25,USD,Failed,Credit Card,2026-05-25,,Not Requested
INV-004919,CUST-00955,Starter,73.25,USD,Paid,Credit Card,2026-06-24,2026-06-28,Not Requested
INV-004920,CUST-00955,Starter,73.25,USD,Paid,Credit Card,2026-07-24,2026-07-26,Not Requested
INV-004921,CUST-00957,Starter,483.48,AUD,Paid,Credit Card,2025-08-28,2025-08-30,Not Requested
INV-004922,CUST-00957,Starter,483.48,AUD,Paid,Credit Card,2025-09-27,2025-09-28,Not Requested
INV-004923,CUST-00957,Starter,483.48,AUD,Pending,PayPal,2025-10-27,,Not Requested
INV-004924,CUST-00957,Starter,483.48,AUD,Paid,Credit Card,2025-11-26,2025-11-29,Not Requested
INV-004925,CUST-00957,Starter,483.48,AUD,Paid,PayPal,2025-12-26,2025-12-26,Not Requested
INV-004926,CUST-00957,Starter,483.48,AUD,Paid,Credit Card,2026-01-25,2026-01-31,Not Requested
INV-004927,CUST-00957,Starter,483.48,AUD,Paid,Credit Card,2026-02-24,2026-03-01,Not Requested
INV-004928,CUST-00957,Starter,483.48,AUD,Paid,Credit Card,2026-03-26,2026-03-30,Not Requested
INV-004929,CUST-00957,Starter,483.48,AUD,Paid,Credit Card,2026-04-25,2026-04-27,Not Requested
INV-004930,CUST-00957,Starter,483.48,AUD,Paid,Credit Card,2026-05-25,2026-05-30,Not Requested
INV-004931,CUST-00957,Starter,483.48,AUD,Paid,Credit Card,2026-06-24,2026-06-24,Not Requested
INV-004932,CUST-00957,Starter,483.48,AUD,Paid,Credit Card,2026-07-24,2026-07-28,Not Requested
INV-004933,CUST-00958,Starter,443.56,EUR,Paid,Credit Card,2025-08-28,2025-08-29,Not Requested
INV-004934,CUST-00958,Starter,443.56,EUR,Paid,Credit Card,2025-09-27,2025-09-29,Not Requested
INV-004935,CUST-00958,Starter,443.56,EUR,Paid,Credit Card,2025-10-27,2025-10-27,Not Requested
INV-004936,CUST-00958,Starter,443.56,EUR,Paid,Credit Card,2025-11-26,2025-11-27,Not Requested
INV-004937,CUST-00958,Starter,443.56,EUR,Paid,Credit Card,2025-12-26,2025-12-28,Not Requested
INV-004938,CUST-00958,Starter,443.56,EUR,Refunded,Credit Card,2026-01-25,2026-01-25,Requested
INV-004939,CUST-00958,Starter,443.56,EUR,Paid,Credit Card,2026-02-24,2026-02-25,Not Requested
INV-004940,CUST-00958,Starter,443.56,EUR,Paid,Credit Card,2026-03-26,2026-03-29,Not Requested
INV-004941,CUST-00958,Starter,443.56,EUR,Paid,Credit Card,2026-04-25,2026-04-26,Not Requested
INV-004942,CUST-00958,Starter,443.56,EUR,Paid,Credit Card,2026-05-25,2026-05-26,Not Requested
INV-004943,CUST-00958,Starter,443.56,EUR,Paid,Credit Card,2026-06-24,2026-06-25,Not Requested
INV-004944,CUST-00958,Starter,443.56,EUR,Paid,Credit Card,2026-07-24,2026-07-28,Not Requested
INV-004945,CUST-00959,Starter,4972.83,USD,Paid,Credit Card,2025-08-28,2025-09-04,Not Requested
INV-004946,CUST-00960,Starter,101.36,USD,Paid,Credit Card,2025-08-28,2025-08-29,Not Requested
INV-004947,CUST-00960,Starter,101.36,USD,Paid,PayPal,2025-09-27,2025-09-27,Not Requested
INV-004948,CUST-00960,Starter,101.36,USD,Paid,Credit Card,2025-10-27,2025-10-28,Not Requested
INV-004949,CUST-00960,Starter,101.36,USD,Paid,Credit Card,2025-11-26,2025-12-03,Not Requested
INV-004950,CUST-00960,Starter,101.36,USD,Paid,Credit Card,2025-12-26,2025-12-29,Not Requested
INV-004951,CUST-00960,Starter,101.36,USD,Paid,Credit Card,2026-01-25,2026-01-27,Not Requested
INV-004952,CUST-00960,Starter,101.36,USD,Paid,Credit Card,2026-02-24,2026-03-01,Not Requested
INV-004953,CUST-00960,Starter,101.36,USD,Paid,PayPal,2026-03-26,2026-03-31,Not Requested
INV-004954,CUST-00960,Starter,101.36,USD,Paid,ACH Bank Transfer,2026-04-25,2026-04-26,Not Requested
INV-004955,CUST-00960,Starter,101.36,USD,Paid,PayPal,2026-05-25,2026-05-28,Not Requested
INV-004956,CUST-00960,Starter,101.36,USD,Paid,Credit Card,2026-06-24,2026-06-28,Not Requested
INV-004957,CUST-00960,Starter,101.36,USD,Paid,Credit Card,2026-07-24,2026-07-27,Not Requested
INV-004958,CUST-00961,Starter,265.78,USD,Paid,Credit Card,2025-08-28,2025-09-01,Not Requested
INV-004959,CUST-00961,Starter,265.78,USD,Paid,Credit Card,2025-09-27,2025-09-29,Not Requested
INV-004960,CUST-00961,Starter,265.78,USD,Paid,PayPal,2025-10-27,2025-10-29,Not Requested
INV-004961,CUST-00961,Starter,265.78,USD,Paid,Credit Card,2025-11-26,2025-11-28,Not Requested
INV-004962,CUST-00961,Starter,265.78,USD,Paid,PayPal,2025-12-26,2025-12-27,Not Requested
INV-004963,CUST-00961,Starter,265.78,USD,Paid,Credit Card,2026-01-25,2026-01-30,Not Requested
INV-004964,CUST-00961,Starter,265.78,USD,Paid,Credit Card,2026-02-24,2026-02-25,Not Requested
INV-004965,CUST-00961,Starter,265.78,USD,Paid,PayPal,2026-03-26,2026-03-29,Not Requested
INV-004966,CUST-00961,Starter,265.78,USD,Paid,Credit Card,2026-04-25,2026-04-28,Not Requested
INV-004967,CUST-00961,Starter,265.78,USD,Pending,Credit Card,2026-05-25,,Not Requested
INV-004968,CUST-00961,Starter,265.78,USD,Paid,Credit Card,2026-06-24,2026-06-25,Not Requested
INV-004969,CUST-00961,Starter,265.78,USD,Paid,PayPal,2026-07-24,2026-07-25,Not Requested
INV-004970,CUST-00962,Starter,628.99,USD,Failed,Credit Card,2025-08-28,,Not Requested
INV-004971,CUST-00962,Starter,628.99,USD,Paid,Credit Card,2025-09-27,2025-10-02,Not Requested
INV-004972,CUST-00962,Starter,628.99,USD,Paid,Credit Card,2025-10-27,2025-10-27,Not Requested
INV-004973,CUST-00962,Starter,628.99,USD,Paid,PayPal,2025-11-26,2025-11-29,Not Requested
INV-004974,CUST-00962,Starter,628.99,USD,Paid,Credit Card,2025-12-26,2025-12-27,Not Requested
INV-004975,CUST-00962,Starter,628.99,USD,Paid,Credit Card,2026-01-25,2026-01-25,Not Requested
INV-004976,CUST-00962,Starter,628.99,USD,Paid,Credit Card,2026-02-24,2026-02-27,Not Requested
INV-004977,CUST-00962,Starter,628.99,USD,Paid,Credit Card,2026-03-26,2026-03-31,Not Requested
INV-004978,CUST-00962,Starter,628.99,USD,Paid,PayPal,2026-04-25,2026-04-27,Not Requested
INV-004979,CUST-00962,Starter,628.99,USD,Paid,Credit Card,2026-05-25,2026-05-26,Not Requested
INV-004980,CUST-00962,Starter,628.99,USD,Paid,Credit Card,2026-06-24,2026-06-24,Not Requested
INV-004981,CUST-00962,Starter,628.99,USD,Paid,Credit Card,2026-07-24,2026-07-28,Not Requested
INV-004982,CUST-00963,Enterprise,123054.59,EUR,Paid,ACH Bank Transfer,2025-08-28,2025-09-01,Not Requested
INV-004983,CUST-00964,Enterprise,334356.08,EUR,Paid,Wire Transfer,2025-08-28,2025-08-28,Not Requested
INV-004984,CUST-00965,Starter,1859.17,USD,Paid,Credit Card,2025-08-28,2025-08-30,Not Requested
INV-004985,CUST-00966,Starter,11895.95,AUD,Paid,Credit Card,2025-08-28,2025-08-31,Not Requested
INV-004986,CUST-00967,Starter,280.34,USD,Paid,ACH Bank Transfer,2025-08-28,2025-08-28,Not Requested
INV-004987,CUST-00967,Starter,280.34,USD,Paid,Credit Card,2025-09-27,2025-09-29,Not Requested
INV-004988,CUST-00967,Starter,280.34,USD,Paid,Credit Card,2025-10-27,2025-11-01,Not Requested
INV-004989,CUST-00967,Starter,280.34,USD,Paid,ACH Bank Transfer,2025-11-26,2025-11-27,Not Requested
INV-004990,CUST-00967,Starter,280.34,USD,Paid,Credit Card,2025-12-26,2025-12-26,Not Requested
INV-004991,CUST-00967,Starter,280.34,USD,Paid,Credit Card,2026-01-25,2026-01-29,Not Requested
INV-004992,CUST-00967,Starter,280.34,USD,Paid,Credit Card,2026-02-24,2026-03-02,Not Requested
INV-004993,CUST-00967,Starter,280.34,USD,Paid,Credit Card,2026-03-26,2026-03-28,Not Requested
INV-004994,CUST-00967,Starter,280.34,USD,Paid,Credit Card,2026-04-25,2026-04-25,Not Requested
INV-004995,CUST-00967,Starter,280.34,USD,Paid,Credit Card,2026-05-25,2026-05-27,Not Requested
INV-004996,CUST-00967,Starter,280.34,USD,Paid,Credit Card,2026-06-24,2026-06-30,Not Requested
INV-004997,CUST-00967,Starter,280.34,USD,Paid,Credit Card,2026-07-24,2026-07-31,Not Requested
INV-004998,CUST-00968,Professional,40820.17,USD,Failed,Credit Card,2025-08-28,,Not Requested
INV-004999,CUST-00969,Starter,5871.42,USD,Paid,Credit Card,2025-08-28,2025-08-30,Not Requested
INV-005000,CUST-00970,Starter,543.81,USD,Paid,Credit Card,2025-08-28,2025-08-29,Not Requested
INV-005001,CUST-00970,Starter,543.81,USD,Paid,Credit Card,2025-09-27,2025-09-28,Not Requested
INV-005002,CUST-00970,Starter,543.81,USD,Paid,Credit Card,2025-10-27,2025-10-29,Not Requested
INV-005003,CUST-00970,Starter,543.81,USD,Failed,Credit Card,2025-11-26,,Not Requested
INV-005004,CUST-00970,Starter,543.81,USD,Paid,Credit Card,2025-12-26,2025-12-28,Not Requested
INV-005005,CUST-00970,Starter,543.81,USD,Paid,Credit Card,2026-01-25,2026-01-26,Not Requested
INV-005006,CUST-00970,Starter,543.81,USD,Paid,Credit Card,2026-02-24,2026-02-25,Not Requested
INV-005007,CUST-00970,Starter,543.81,USD,Paid,Credit Card,2026-03-26,2026-03-28,Not Requested
INV-005008,CUST-00970,Starter,543.81,USD,Paid,Credit Card,2026-04-25,2026-04-28,Not Requested
INV-005009,CUST-00970,Starter,543.81,USD,Paid,Credit Card,2026-05-25,2026-05-25,Not Requested
INV-005010,CUST-00970,Starter,543.81,USD,Paid,Credit Card,2026-06-24,2026-06-26,Not Requested
INV-005011,CUST-00970,Starter,543.81,USD,Paid,Credit Card,2026-07-24,2026-07-25,Not Requested
INV-005012,CUST-00971,Professional,5289.37,USD,Paid,Credit Card,2025-08-28,2025-08-29,Not Requested
INV-005013,CUST-00971,Professional,5289.37,USD,Paid,Credit Card,2025-09-27,2025-09-28,Not Requested
INV-005014,CUST-00971,Professional,5289.37,USD,Paid,Credit Card,2025-10-27,2025-10-29,Not Requested
INV-005015,CUST-00971,Professional,5289.37,USD,Paid,Credit Card,2025-11-26,2025-11-28,Not Requested
INV-005016,CUST-00971,Professional,5289.37,USD,Paid,ACH Bank Transfer,2025-12-26,2025-12-26,Not Requested
INV-005017,CUST-00971,Professional,5289.37,USD,Paid,Credit Card,2026-01-25,2026-01-26,Not Requested
INV-005018,CUST-00971,Professional,5289.37,USD,Paid,PayPal,2026-02-24,2026-02-26,Not Requested
INV-005019,CUST-00971,Professional,5289.37,USD,Paid,Credit Card,2026-03-26,2026-04-01,Not Requested
INV-005020,CUST-00971,Professional,5289.37,USD,Failed,Credit Card,2026-04-25,,Not Requested
INV-005021,CUST-00971,Professional,5289.37,USD,Paid,Credit Card,2026-05-25,2026-05-30,Not Requested
INV-005022,CUST-00971,Professional,5289.37,USD,Paid,Credit Card,2026-06-24,2026-06-25,Not Requested
INV-005023,CUST-00971,Professional,5289.37,USD,Paid,ACH Bank Transfer,2026-07-24,2026-07-28,Not Requested
INV-005024,CUST-00972,Enterprise,1099714.12,EUR,Paid,Wire Transfer,2025-08-28,2025-08-29,Not Requested
INV-005025,CUST-00973,Professional,10867.26,USD,Paid,Credit Card,2025-08-28,2025-09-01,Not Requested
INV-005026,CUST-00974,Enterprise,713639.76,EUR,Paid,Credit Card,2025-08-28,2025-08-28,Not Requested
INV-005027,CUST-00976,Professional,37369.09,USD,Paid,Credit Card,2025-08-28,2025-08-30,Not Requested
INV-005028,CUST-00977,Professional,9630.89,USD,Paid,Credit Card,2025-08-28,2025-08-29,Not Requested
INV-005029,CUST-00977,Professional,9630.89,USD,Paid,Credit Card,2025-09-27,2025-10-03,Not Requested
INV-005030,CUST-00977,Professional,9630.89,USD,Paid,Credit Card,2025-10-27,2025-10-30,Not Requested
INV-005031,CUST-00977,Professional,9630.89,USD,Paid,ACH Bank Transfer,2025-11-26,2025-11-27,Not Requested
INV-005032,CUST-00977,Professional,9630.89,USD,Paid,Credit Card,2025-12-26,2025-12-26,Not Requested
INV-005033,CUST-00977,Professional,9630.89,USD,Paid,ACH Bank Transfer,2026-01-25,2026-01-27,Not Requested
INV-005034,CUST-00977,Professional,9630.89,USD,Paid,PayPal,2026-02-24,2026-02-24,Not Requested
INV-005035,CUST-00977,Professional,9630.89,USD,Paid,Credit Card,2026-03-26,2026-03-26,Not Requested
INV-005036,CUST-00977,Professional,9630.89,USD,Paid,Credit Card,2026-04-25,2026-04-26,Not Requested
INV-005037,CUST-00977,Professional,9630.89,USD,Paid,Credit Card,2026-05-25,2026-05-29,Not Requested
INV-005038,CUST-00977,Professional,9630.89,USD,Paid,Credit Card,2026-06-24,2026-06-24,Not Requested
INV-005039,CUST-00977,Professional,9630.89,USD,Paid,Credit Card,2026-07-24,2026-07-24,Not Requested
INV-005040,CUST-00978,Professional,72794.12,USD,Paid,Credit Card,2025-08-28,2025-09-02,Not Requested
INV-005041,CUST-00979,Professional,34174.74,USD,Paid,Credit Card,2025-08-28,2025-08-28,Not Requested
INV-005042,CUST-00980,Professional,97856.93,USD,Paid,Credit Card,2025-08-28,2025-08-31,Not Requested
INV-005043,CUST-00981,Professional,1842.86,USD,Paid,Credit Card,2025-08-28,2025-08-28,Not Requested
INV-005044,CUST-00981,Professional,1842.86,USD,Paid,Credit Card,2025-09-27,2025-09-27,Not Requested
INV-005045,CUST-00981,Professional,1842.86,USD,Paid,Credit Card,2025-10-27,2025-10-28,Not Requested
INV-005046,CUST-00981,Professional,1842.86,USD,Paid,Credit Card,2025-11-26,2025-11-27,Not Requested
INV-005047,CUST-00981,Professional,1842.86,USD,Paid,Credit Card,2025-12-26,2026-01-02,Not Requested
INV-005048,CUST-00981,Professional,1842.86,USD,Paid,Credit Card,2026-01-25,2026-01-26,Not Requested
INV-005049,CUST-00981,Professional,1842.86,USD,Paid,Credit Card,2026-02-24,2026-02-24,Not Requested
INV-005050,CUST-00981,Professional,1842.86,USD,Paid,Credit Card,2026-03-26,2026-03-28,Not Requested
INV-005051,CUST-00981,Professional,1842.86,USD,Paid,ACH Bank Transfer,2026-04-25,2026-04-27,Not Requested
INV-005052,CUST-00981,Professional,1842.86,USD,Paid,Credit Card,2026-05-25,2026-05-27,Not Requested
INV-005053,CUST-00981,Professional,1842.86,USD,Paid,Credit Card,2026-06-24,2026-06-27,Not Requested
INV-005054,CUST-00981,Professional,1842.86,USD,Paid,Credit Card,2026-07-24,2026-07-27,Not Requested
INV-005055,CUST-00982,Starter,373.61,GBP,Paid,Credit Card,2025-08-28,2025-08-30,Not Requested
INV-005056,CUST-00982,Starter,373.61,GBP,Paid,Credit Card,2025-09-27,2025-10-02,Not Requested
INV-005057,CUST-00982,Starter,373.61,GBP,Paid,Credit Card,2025-10-27,2025-10-31,Not Requested
INV-005058,CUST-00982,Starter,373.61,GBP,Paid,Credit Card,2025-11-26,2025-11-26,Not Requested
INV-005059,CUST-00982,Starter,373.61,GBP,Paid,Credit Card,2025-12-26,2025-12-28,Not Requested
INV-005060,CUST-00982,Starter,373.61,GBP,Paid,Credit Card,2026-01-25,2026-01-30,Not Requested
INV-005061,CUST-00982,Starter,373.61,GBP,Failed,Credit Card,2026-02-24,,Not Requested
INV-005062,CUST-00982,Starter,373.61,GBP,Paid,Credit Card,2026-03-26,2026-03-26,Not Requested
INV-005063,CUST-00982,Starter,373.61,GBP,Paid,Credit Card,2026-04-25,2026-04-28,Not Requested
INV-005064,CUST-00982,Starter,373.61,GBP,Paid,Credit Card,2026-05-25,2026-05-28,Not Requested
INV-005065,CUST-00982,Starter,373.61,GBP,Paid,Credit Card,2026-06-24,2026-06-25,Not Requested
INV-005066,CUST-00982,Starter,373.61,GBP,Paid,Credit Card,2026-07-24,2026-07-28,Not Requested
INV-005067,CUST-00984,Enterprise,2792520.51,USD,Failed,Wire Transfer,2025-08-28,,Requested
INV-005068,CUST-00985,Professional,23169.11,USD,Paid,Credit Card,2025-08-28,2025-08-28,Not Requested
INV-005069,CUST-00987,Starter,397.79,USD,Refunded,Credit Card,2025-08-28,2025-08-29,Approved - Refunded
INV-005070,CUST-00987,Starter,397.79,USD,Paid,Credit Card,2025-09-27,2025-09-30,Not Requested
INV-005071,CUST-00987,Starter,397.79,USD,Paid,Credit Card,2025-10-27,2025-10-29,Not Requested
INV-005072,CUST-00987,Starter,397.79,USD,Paid,ACH Bank Transfer,2025-11-26,2025-11-28,Not Requested
INV-005073,CUST-00987,Starter,397.79,USD,Paid,Credit Card,2025-12-26,2025-12-29,Not Requested
INV-005074,CUST-00987,Starter,397.79,USD,Pending,Credit Card,2026-01-25,,Not Requested
INV-005075,CUST-00987,Starter,397.79,USD,Paid,Credit Card,2026-02-24,2026-03-06,Not Requested
INV-005076,CUST-00987,Starter,397.79,USD,Paid,Credit Card,2026-03-26,2026-03-31,Not Requested
INV-005077,CUST-00987,Starter,397.79,USD,Paid,Credit Card,2026-04-25,2026-04-29,Not Requested
INV-005078,CUST-00987,Starter,397.79,USD,Paid,Credit Card,2026-05-25,2026-05-29,Not Requested
INV-005079,CUST-00987,Starter,397.79,USD,Paid,Credit Card,2026-06-24,2026-06-24,Not Requested
INV-005080,CUST-00987,Starter,397.79,USD,Paid,Credit Card,2026-07-24,2026-07-25,Not Requested
INV-005081,CUST-00989,Professional,7372.1,EUR,Paid,ACH Bank Transfer,2025-08-28,2025-09-05,Not Requested
INV-005082,CUST-00989,Professional,7372.1,EUR,Paid,Credit Card,2025-09-27,2025-10-01,Not Requested
INV-005083,CUST-00989,Professional,7372.1,EUR,Paid,Credit Card,2025-10-27,2025-10-29,Not Requested
INV-005084,CUST-00989,Professional,7372.1,EUR,Pending,Credit Card,2025-11-26,,Not Requested
INV-005085,CUST-00989,Professional,7372.1,EUR,Paid,ACH Bank Transfer,2025-12-26,2025-12-30,Not Requested
INV-005086,CUST-00989,Professional,7372.1,EUR,Paid,Credit Card,2026-01-25,2026-01-25,Not Requested
INV-005087,CUST-00989,Professional,7372.1,EUR,Paid,Credit Card,2026-02-24,2026-02-24,Not Requested
INV-005088,CUST-00989,Professional,7372.1,EUR,Paid,PayPal,2026-03-26,2026-04-01,Not Requested
INV-005089,CUST-00989,Professional,7372.1,EUR,Paid,Credit Card,2026-04-25,2026-04-29,Not Requested
INV-005090,CUST-00989,Professional,7372.1,EUR,Paid,Credit Card,2026-05-25,2026-05-30,Not Requested
INV-005091,CUST-00989,Professional,7372.1,EUR,Paid,Credit Card,2026-06-24,2026-06-26,Not Requested
INV-005092,CUST-00989,Professional,7372.1,EUR,Paid,Credit Card,2026-07-24,2026-07-24,Not Requested
INV-005093,CUST-00990,Starter,457.47,EUR,Paid,Credit Card,2025-08-28,2025-08-31,Not Requested
INV-005094,CUST-00990,Starter,457.47,EUR,Paid,Credit Card,2025-09-27,2025-09-30,Not Requested
INV-005095,CUST-00990,Starter,457.47,EUR,Paid,Credit Card,2025-10-27,2025-10-28,Not Requested
INV-005096,CUST-00990,Starter,457.47,EUR,Paid,Credit Card,2025-11-26,2025-11-28,Not Requested
INV-005097,CUST-00990,Starter,457.47,EUR,Paid,Credit Card,2025-12-26,2025-12-30,Not Requested
INV-005098,CUST-00990,Starter,457.47,EUR,Paid,Credit Card,2026-01-25,2026-01-28,Not Requested
INV-005099,CUST-00990,Starter,457.47,EUR,Paid,Credit Card,2026-02-24,2026-02-24,Not Requested
INV-005100,CUST-00990,Starter,457.47,EUR,Paid,Credit Card,2026-03-26,2026-03-29,Not Requested
INV-005101,CUST-00990,Starter,457.47,EUR,Paid,Credit Card,2026-04-25,2026-04-30,Not Requested
INV-005102,CUST-00990,Starter,457.47,EUR,Paid,Credit Card,2026-05-25,2026-05-25,Not Requested
INV-005103,CUST-00990,Starter,457.47,EUR,Paid,Credit Card,2026-06-24,2026-06-28,Not Requested
INV-005104,CUST-00990,Starter,457.47,EUR,Paid,Credit Card,2026-07-24,2026-07-27,Not Requested
INV-005105,CUST-00991,Enterprise,260463.32,EUR,Paid,Wire Transfer,2025-08-28,2025-08-31,Not Requested
INV-005106,CUST-00992,Starter,2627.42,USD,Paid,Credit Card,2025-08-28,2025-09-03,Not Requested
INV-005107,CUST-00993,Professional,9069.62,CAD,Paid,ACH Bank Transfer,2025-08-28,2025-08-31,Not Requested
INV-005108,CUST-00993,Professional,9069.62,CAD,Paid,Credit Card,2025-09-27,2025-09-29,Not Requested
INV-005109,CUST-00993,Professional,9069.62,CAD,Paid,Credit Card,2025-10-27,2025-10-29,Not Requested
INV-005110,CUST-00993,Professional,9069.62,CAD,Paid,Credit Card,2025-11-26,2025-12-02,Not Requested
INV-005111,CUST-00993,Professional,9069.62,CAD,Paid,PayPal,2025-12-26,2025-12-28,Not Requested
INV-005112,CUST-00993,Professional,9069.62,CAD,Paid,Credit Card,2026-01-25,2026-01-29,Not Requested
INV-005113,CUST-00993,Professional,9069.62,CAD,Paid,Credit Card,2026-02-24,2026-02-28,Not Requested
INV-005114,CUST-00993,Professional,9069.62,CAD,Paid,Credit Card,2026-03-26,2026-03-28,Not Requested
INV-005115,CUST-00993,Professional,9069.62,CAD,Paid,Credit Card,2026-04-25,2026-04-28,Not Requested
INV-005116,CUST-00993,Professional,9069.62,CAD,Paid,ACH Bank Transfer,2026-05-25,2026-05-27,Not Requested
INV-005117,CUST-00993,Professional,9069.62,CAD,Paid,Credit Card,2026-06-24,2026-06-26,Not Requested
INV-005118,CUST-00993,Professional,9069.62,CAD,Failed,ACH Bank Transfer,2026-07-24,,Requested
INV-005119,CUST-00994,Professional,4882.93,EUR,Paid,PayPal,2025-08-28,2025-08-30,Not Requested
INV-005120,CUST-00994,Professional,4882.93,EUR,Paid,Credit Card,2025-09-27,2025-09-29,Not Requested
INV-005121,CUST-00994,Professional,4882.93,EUR,Paid,ACH Bank Transfer,2025-10-27,2025-10-31,Not Requested
INV-005122,CUST-00994,Professional,4882.93,EUR,Paid,ACH Bank Transfer,2025-11-26,2025-11-26,Not Requested
INV-005123,CUST-00994,Professional,4882.93,EUR,Failed,Credit Card,2025-12-26,,Not Requested
INV-005124,CUST-00994,Professional,4882.93,EUR,Paid,Credit Card,2026-01-25,2026-01-30,Not Requested
INV-005125,CUST-00994,Professional,4882.93,EUR,Paid,PayPal,2026-02-24,2026-02-25,Not Requested
INV-005126,CUST-00994,Professional,4882.93,EUR,Paid,Credit Card,2026-03-26,2026-03-31,Not Requested
INV-005127,CUST-00994,Professional,4882.93,EUR,Paid,Credit Card,2026-04-25,2026-04-25,Not Requested
INV-005128,CUST-00994,Professional,4882.93,EUR,Paid,Credit Card,2026-05-25,2026-05-27,Not Requested
INV-005129,CUST-00994,Professional,4882.93,EUR,Paid,Credit Card,2026-06-24,2026-06-27,Not Requested
INV-005130,CUST-00994,Professional,4882.93,EUR,Paid,PayPal,2026-07-24,2026-07-27,Not Requested
INV-005131,CUST-00995,Professional,143139.97,CAD,Refunded,Credit Card,2025-08-28,2025-09-04,Denied
INV-005132,CUST-00996,Enterprise,1121388.15,CAD,Paid,Wire Transfer,2025-08-28,2025-08-31,Not Requested
INV-005133,CUST-00997,Enterprise,1167855.03,USD,Paid,Wire Transfer,2025-08-28,2025-08-29,Not Requested
INV-005134,CUST-00998,Professional,33109.72,USD,Failed,Credit Card,2025-08-28,,Not Requested
INV-005135,CUST-00999,Professional,17187.02,USD,Paid,Credit Card,2025-08-28,2025-09-05,Not Requested
