customer_id,full_name,email,company_name,country,timezone,phone,subscription_plan,account_status,registration_date,renewal_date,last_login,preferred_language,support_tier,account_manager,monthly_revenue,lifetime_value
CUST-00001,Allison Hill,allison.hill@eastjillretail.com,East Jill Retail,Philippines,Asia/Manila,+1-581-896-0013x38908,Starter,Active,2017-06-17,2026-08-29,2026-06-24 18:27,English,Standard,,226.47,24063.22
CUST-00002,Kevin Pacheco,kevin.pacheco@smithwealth.com,Smith Wealth,Singapore,Asia/Singapore,(865)342-3511,Starter,Active,2015-04-23,2027-04-20,2026-07-06 04:13,Mandarin,Standard,,367.25,50663.56
CUST-00003,Gregory Baker,gregory.baker@lakestephenvilletrav.com,Lake Stephenville Travel,India,Asia/Kolkata,(518)349-5931x0341,Professional,Cancelled,2023-08-26,2026-08-25,2025-05-20 14:11,English,Priority,,4146.85,90290.58
CUST-00004,Jesse Flowers,jesse.flowers@martinmarketplace.com,Martin Marketplace,United Kingdom,Europe/London,(534)719-2832x764,Professional,Active,2023-06-19,2026-09-01,2026-08-02 21:41,English,Priority,,2998.94,100964.66
CUST-00005,Patty Perez,patty.perez@portleslieviewtechno.com,Port Leslieview Technologies,Sweden,Europe/Stockholm,639-453-7672,Professional,Active,2022-06-08,2026-08-16,2026-07-09 12:17,Swedish,Priority,,10090.37,458777.15
CUST-00006,Justin Baker,justin.baker@hurstfurtsystems.com,Hurstfurt Systems,Philippines,Asia/Manila,(332)887-1012x269,Professional,Active,2018-04-17,2027-04-15,2026-07-05 23:37,English,Priority,Hana Sato,5632.84,588257.67
CUST-00007,Zachary Rice,zachary.rice@lakejennifersidesoft.com,Lake Jenniferside Software,Australia,Australia/Melbourne,001-645-514-6270x48281,Professional,Active,2018-10-01,2026-09-29,2026-07-13 12:38,English,Priority,,9789.43,784463.86
CUST-00008,Phillip Ryan,phillip.ryan@newmariotownhomeandl.com,New Mariotown Home & Living,South Africa,Africa/Johannesburg,954-330-3911,Professional,Active,2021-09-29,2026-09-28,2026-07-05 16:48,English,Priority,,2149.99,113597.03
CUST-00009,Kim Martinez,kim.martinez@kellerclinical.com,Keller Clinical,Philippines,Asia/Manila,+1-624-889-6383,Starter,Active,2015-03-05,2027-03-02,2026-06-26 11:56,English,Standard,,283.9,40404.24
CUST-00010,Marie Kim DDS,marie.dds@eastjeffreymouthsoft.com,East Jeffreymouth Software,United States,America/Denver,5983393010,Professional,Active,2025-10-27,2026-10-27,2026-07-27 13:13,English,Priority,,7375.73,66249.08
CUST-00011,Shannon Jones,shannon.jones@youngwellness.com,Young Wellness,Sweden,Europe/Stockholm,+1-873-782-9973x76311,Starter,Active,2020-04-28,2027-04-27,2026-08-03 20:03,Swedish,Standard,,113.19,7349.02
CUST-00012,John Daniel,john.daniel@nunezhospitalitygrou.com,Nunez Hospitality Group,United Kingdom,Europe/London,+1-410-665-1333x8726,Starter,Cancelled,2025-10-06,2026-10-06,2026-01-11 10:56,English,Standard,,421.36,1337.09
CUST-00013,Shannon Jones,shannon.jones@mortonretail.com,Morton Retail,Mexico,America/Mexico_City,+1-910-980-1326,Starter,Past Due,2020-09-26,2026-09-25,2026-06-27 13:11,English,Standard,,131.08,9402.83
CUST-00014,James Brown,james.brown@smithfurtretail.com,Smithfurt Retail,Singapore,Asia/Singapore,274-768-7234x309,Professional,Active,2017-04-03,2027-04-01,2026-07-19 06:55,Mandarin,Priority,Elena Voss,5613.08,583235.06
CUST-00015,Kevin Shaw,kevin.shaw@farrelltechnologies.com,Farrell Technologies,New Zealand,Pacific/Auckland,(808)312-1913,Enterprise,Cancelled,2026-01-28,2027-01-28,2026-04-30 00:00,English,Premium 24/7,Priya Natarajan,64402.75,199053.68
CUST-00016,Laura Riley,laura.riley@newchristophershiref.com,New Christophershire Financial,Australia,Australia/Melbourne,001-485-643-5346,Starter,Active,2016-09-07,2026-09-05,2026-06-26 18:15,English,Standard,,436.59,49946.41
CUST-00017,Timothy Walls,timothy.walls@southchristineshirej.com,South Christineshire Journeys,France,Europe/Paris,518-738-4251,Starter,Active,2018-02-05,2027-02-03,2026-07-09 02:00,English,Standard,,608.59,53589.94
CUST-00018,Jeffrey Daniels,jeffrey.daniels@turnercaresystems.com,Turner Care Systems,Canada,America/Vancouver,+1-680-584-1241x1824,Starter,Active,2020-08-22,2026-08-21,2026-07-23 22:19,English,Standard,,509.94,35739.25
CUST-00019,Christina Walters,christina.walters@williamviewtravel.com,Williamview Travel,United States,America/Chicago,4169400524,Professional,Active,2021-06-25,2026-08-28,2026-07-02 21:40,English,Priority,,4669.56,291437.53
CUST-00020,Jessica Smith,jessica.smith@jonestechnologies.com,Jones Technologies,United States,America/Denver,001-728-205-9826x204,Starter,Active,2021-01-13,2027-01-12,2026-08-03 13:35,English,Standard,,712.99,45537.02
CUST-00021,Christine Wright,christine.wright@garciaclinical.com,Garcia Clinical,Netherlands,Europe/Amsterdam,001-686-492-3226x02563,Starter,Active,2016-01-21,2026-08-26,2026-07-31 03:22,English,Standard,Ben Ashworth,200.4,22720.77
CUST-00022,Ashley Brennan,ashley.brennan@garrisonpayments.com,Garrison Payments,Canada,America/Toronto,837.754.3303,Professional,Active,2024-05-24,2026-08-12,2026-07-04 08:10,English,Priority,,938.28,22057.27
CUST-00023,Benjamin Ayala,benjamin.ayala@darlenefurtair.com,Darlenefurt Air,Sweden,Europe/Stockholm,+1-785-801-4294x01965,Enterprise,Active,2019-06-30,2027-06-28,2026-07-06 11:41,English,Premium 24/7,Nadia Farouk,53485.6,3893338.9
CUST-00024,Kayla Cruz,kayla.cruz@westbradleywealth.com,West Bradley Wealth,Ireland,Europe/Dublin,(608)883-5615x95148,Starter,Active,2024-11-27,2026-08-19,2026-07-16 19:32,English,Standard,,523.96,9062.44
CUST-00025,Michael Spencer,michael.spencer@southelizabethhomean.com,South Elizabeth Home & Living,Italy,Europe/Rome,(729)994-6804x4369,Professional,Active,2019-08-01,2027-07-30,2026-07-31 10:39,English,Priority,,2342.76,179166.1
CUST-00026,Michael Dixon,michael.dixon@leontechnologies.com,Leon Technologies,Germany,Europe/Berlin,001-221-248-9513x4332,Starter,Active,2024-08-04,2026-08-24,2026-06-30 19:36,English,Standard,,76.56,1633.32
CUST-00027,John Atkinson,john.atkinson@southrobertshireclin.com,South Robertshire Clinical,New Zealand,Pacific/Auckland,567.463.2016,Professional,Active,2019-12-15,2026-08-10,2026-06-29 21:05,English,Priority,,5067.67,419505.96
CUST-00028,Melissa Marshall,melissa.marshall@portdavidjourneys.com,Port David Journeys,United Kingdom,Europe/London,(878)989-5798,Starter,Active,2025-10-26,2026-08-22,2026-07-18 13:56,English,Standard,,397.08,3282.86
CUST-00029,Natasha Wells,natasha.wells@karenviewretail.com,Karenview Retail,Philippines,Asia/Manila,001-487-434-7143x45581,Starter,Trial,2026-07-20,2026-08-03,2026-07-21 14:08,English,Standard,,0.0,0.0
CUST-00030,Michael Mccarthy,michael.mccarthy@southricksidecloud.com,South Rickside Cloud,United Arab Emirates,Asia/Dubai,760.636.6909x670,Enterprise,Active,2025-02-28,2027-02-28,2026-07-05 07:53,English,Premium 24/7,Grace Kim,59327.52,917117.19
CUST-00031,Sarah Ashley,sarah.ashley@barnesjourneys.com,Barnes Journeys,United States,America/Denver,001-489-937-3467x0656,Starter,Active,2018-04-07,2027-04-05,2026-06-28 22:13,English,Standard,,347.27,32352.44
CUST-00032,Veronica Ferguson,veronica.ferguson@vargastownsystems.com,Vargastown Systems,Canada,America/Vancouver,562-972-0465,Professional,Active,2023-09-11,2026-08-26,2026-07-08 12:54,French,Priority,,9532.53,340470.96
CUST-00033,Philip Gray,philip.gray@waltonbank.com,Walton Bank,Australia,Australia/Sydney,(241)470-8053x10033,Starter,Active,2024-03-25,2026-08-12,2026-06-27 19:34,English,Standard,Tomas Novak,573.61,14047.02
CUST-00034,John Wilson,john.wilson@gouldpayments.com,Gould Payments,Italy,Europe/Rome,645.829.9124x190,Starter,Active,2025-05-11,2026-08-04,2026-07-13 08:48,English,Standard,,131.76,1938.8
CUST-00035,Miguel Jones,miguel.jones@northheidijourneys.com,North Heidi Journeys,United States,America/Chicago,891-990-5865x1850,Professional,Active,2015-11-10,2026-08-14,2026-07-28 04:15,English,Priority,,2138.45,245956.67
CUST-00036,Tyler Reid,tyler.reid@pooleair.com,Poole Air,Brazil,America/Sao_Paulo,001-626-728-4987x769,Professional,Active,2017-09-24,2026-09-22,2026-06-20 09:36,English,Priority,,3083.52,323707.75
CUST-00037,Sandra Miller,sandra.miller@sanchezmouthfinancia.com,Sanchezmouth Financial,Philippines,Asia/Manila,001-596-750-7527,Starter,Active,2017-11-16,2026-11-14,2026-07-23 13:42,English,Standard,,591.24,63015.42
CUST-00038,Gina Beard,gina.beard@angelahavenmarketpla.com,Angelahaven Marketplace,Australia,Australia/Sydney,913.267.8377,Professional,Trial,2026-07-23,2026-08-06,2026-07-27 19:51,English,Priority,,0.0,0.0
CUST-00039,Daniel Holt,daniel.holt@elizabethstadoutfitt.com,Elizabethstad Outfitters,United Kingdom,Europe/London,388.556.8557x4443,Starter,Active,2023-08-30,2026-08-29,2026-07-09 05:31,English,Standard,,282.72,10177.89
CUST-00040,Patrick Tapia,patrick.tapia@vaughngetaways.com,Vaughn Getaways,Brazil,America/Sao_Paulo,537.649.8941,Enterprise,Active,2024-04-11,2027-04-11,2026-07-19 20:45,English,Premium 24/7,Liam O'Sullivan,3213.58,79591.12
CUST-00041,Christopher Smith,christopher.smith@westbrandonbank.com,West Brandon Bank,Brazil,America/Sao_Paulo,9849271094,Starter,Active,2022-11-15,2026-11-14,2026-07-11 22:29,English,Standard,,246.03,9737.98
CUST-00042,Cody Williams,cody.williams@everettmedical.com,Everett Medical,United States,America/Los_Angeles,511.367.1902x2941,Professional,Active,2021-07-05,2027-07-04,2026-07-03 11:11,English,Priority,,8004.87,418855.93
CUST-00043,Jennifer Carlson,jennifer.carlson@portalexandracaresys.com,Port Alexandra Care Systems,United States,America/Chicago,574.696.4990x913,Starter,Past Due,2026-03-04,2027-03-04,2026-07-07 15:30,English,Standard,,101.05,512.47
CUST-00044,Brooke Thompson,brooke.thompson@jonesmarketplace.com,Jones Marketplace,United States,America/Los_Angeles,6679974034,Professional,Active,2018-07-25,2027-07-23,2026-07-08 02:15,English,Priority,,7047.22,683856.79
CUST-00045,David Baker,david.baker@moodywellness.com,Moody Wellness,United Kingdom,Europe/London,001-336-218-3242,Starter,Past Due,2024-10-11,2026-09-01,2026-07-28 23:06,English,Standard,,300.32,5739.34
CUST-00046,Eric Curry,eric.curry@carrollhealth.com,Carroll Health,Canada,America/Toronto,271-874-6488x7719,Starter,Active,2025-09-13,2026-09-13,2026-08-03 09:44,French,Standard,,286.2,3059.85
CUST-00047,Lindsey Johnson,lindsey.johnson@perezmedical.com,Perez Medical,Philippines,Asia/Manila,+1-899-904-9027x87429,Professional,Active,2021-02-13,2027-02-12,2026-07-08 19:47,English,Priority,,8015.54,520308.0
CUST-00048,Julie Ortiz,julie.ortiz@morrisclinical.com,Morris Clinical,Ireland,Europe/Dublin,925-367-4680,Starter,Active,2024-11-07,2026-08-29,2026-06-20 02:14,English,Standard,Nadia Farouk,295.69,6165.0
CUST-00049,Frank Cordova,frank.cordova@hancocktowncloud.com,Hancocktown Cloud,Canada,America/Toronto,+1-487-660-3859x77034,Enterprise,Active,2024-12-08,2026-12-08,2026-07-19 11:26,French,Premium 24/7,Connor Whitfield,54975.94,959123.02
CUST-00050,Michael Martinez,michael.martinez@lakeerictechnologies.com,Lake Eric Technologies,Italy,Europe/Rome,+1-408-961-3171,Starter,Active,2015-12-26,2026-12-23,2026-07-09 03:49,English,Standard,Priya Natarajan,680.32,81552.45
CUST-00051,Dorothy Thornton,dorothy.thornton@perrywealth.com,Perry Wealth,United States,America/Chicago,873.778.2639x8214,Professional,Active,2016-04-26,2027-04-24,2026-07-07 14:56,English,Priority,,4285.84,481602.63
CUST-00052,Katie Hoover,katie.hoover@campbellwellness.com,Campbell Wellness,United States,America/New_York,999-772-7875x5886,Enterprise,Cancelled,2025-07-06,2027-07-06,2025-12-02 20:26,English,Premium 24/7,Liam O'Sullivan,44227.07,207881.32
CUST-00053,Veronica Allen,veronica.allen@hallchesterwealth.com,Hallchester Wealth,Spain,Europe/Madrid,7573662702,Enterprise,Past Due,2021-05-11,2027-05-10,2026-07-06 00:18,English,Premium 24/7,Tomas Novak,86472.51,5140610.86
CUST-00054,Jessica Fox,jessica.fox@bryantcloud.com,Bryant Cloud,United States,America/Chicago,001-826-721-7459x6158,Starter,Active,2023-08-16,2026-08-15,2026-07-01 22:15,English,Standard,,387.49,13758.88
CUST-00055,Stacy Freeman,stacy.freeman@newcaseyportsystems.com,New Caseyport Systems,Brazil,America/Sao_Paulo,216.711.7240,Professional,Active,2018-07-29,2027-07-27,2026-07-26 10:55,Portuguese,Priority,Liam O'Sullivan,1870.9,169296.43
CUST-00056,Elaine Brooks,elaine.brooks@eastamandapayments.com,East Amanda Payments,South Africa,Africa/Johannesburg,001-922-421-9693,Enterprise,Active,2021-02-08,2027-02-07,2026-06-24 10:54,English,Premium 24/7,Connor Whitfield,80126.61,5277096.96
CUST-00057,Mark Stevens,mark.stevens@estradahomeandliving.com,Estrada Home & Living,Singapore,Asia/Singapore,648.521.7594x647,Professional,Cancelled,2020-04-06,2027-04-05,2020-05-02 13:15,Mandarin,Priority,Priya Natarajan,5820.85,4344.0
CUST-00058,Dr. Ashley James MD,dr..md@phillipslabs.com,Phillips Labs,Netherlands,Europe/Amsterdam,001-740-564-0909x743,Starter,Active,2019-03-15,2027-03-13,2026-07-13 19:43,Dutch,Standard,,519.03,43329.7
CUST-00059,Lisa Byrd,lisa.byrd@lakecoltontechnologi.com,Lake Colton Technologies,Ireland,Europe/Dublin,+1-504-470-9521x4562,Enterprise,Active,2021-08-12,2027-08-11,2026-07-11 18:19,English,Premium 24/7,Ben Ashworth,28655.96,1556431.51
CUST-00060,Sherri Diaz,sherri.diaz@shawsoftware.com,Shaw Software,Spain,Europe/Madrid,724-374-5171x236,Professional,Active,2021-10-13,2026-08-18,2026-07-06 00:36,Spanish,Priority,Ben Ashworth,8799.09,522525.34
CUST-00061,Alexis Herrera,alexis.herrera@richardsonviewwealth.com,Richardsonview Wealth,United Arab Emirates,Asia/Dubai,001-765-513-7098,Starter,Active,2020-10-13,2026-08-13,2026-07-31 21:53,Arabic,Standard,,626.33,39754.17
CUST-00062,Madison Marshall,madison.marshall@hayneshomeandliving.com,Haynes Home & Living,Sweden,Europe/Stockholm,+1-861-920-0471x1382,Starter,Past Due,2022-06-28,2027-06-27,2026-06-27 17:56,English,Standard,,309.68,13718.76
CUST-00063,Travis Horton,travis.horton@matthewsbergair.com,Matthewsberg Air,Australia,Australia/Sydney,(717)796-4053x77351,Professional,Active,2020-03-22,2026-08-18,2026-07-14 17:23,English,Priority,,469.62,31362.16
CUST-00064,Donald Donaldson,donald.donaldson@rushgetaways.com,Rush Getaways,Netherlands,Europe/Amsterdam,513.590.0532x931,Professional,Active,2020-05-28,2026-08-25,2026-07-24 10:58,Dutch,Priority,,8330.97,562383.89
CUST-00065,Crystal Schroeder,crystal.schroeder@kramergoodsco.com,Kramer Goods Co.,Italy,Europe/Rome,+1-704-522-8421x020,Starter,Cancelled,2017-10-07,2026-08-21,2018-01-14 17:38,English,Standard,,198.99,634.87
CUST-00066,Alexis Baker,alexis.baker@lakerobertwellness.com,Lake Robert Wellness,Australia,Australia/Sydney,517-275-8917,Starter,Active,2020-01-13,2026-08-09,2026-07-12 03:43,English,Standard,,593.25,43355.58
CUST-00067,Susan Hopkins,susan.hopkins@turnermarketplace.com,Turner Marketplace,Canada,America/Vancouver,+1-400-376-6177x1159,Starter,Active,2015-08-22,2026-08-19,2026-06-27 18:13,English,Standard,,500.72,58740.42
CUST-00068,Marcus Richards,marcus.richards@oscarhavenjourneys.com,Oscarhaven Journeys,United Kingdom,Europe/London,778-996-1183x6736,Professional,Active,2018-05-29,2027-05-27,2026-06-30 03:42,English,Priority,,6341.74,558566.95
CUST-00069,Nicholas Edwards,nicholas.edwards@edwardsgoodsco.com,Edwards Goods Co.,France,Europe/Paris,252-771-1116x152,Starter,Active,2017-09-17,2026-09-15,2026-07-12 16:37,French,Standard,,287.27,26263.49
CUST-00070,Jennifer Russo,jennifer.russo@pughcaresystems.com,Pugh Care Systems,New Zealand,Pacific/Auckland,(704)794-5198x32731,Enterprise,Active,2025-11-26,2027-11-26,2026-08-03 14:04,English,Premium 24/7,Connor Whitfield,52008.04,372350.13
CUST-00071,Donald Perez,donald.perez@brucesideclinical.com,Bruceside Clinical,India,Asia/Kolkata,2944024455,Starter,Active,2021-10-10,2026-08-15,2026-06-25 22:07,English,Standard,,260.69,15280.04
CUST-00072,Kylie Morales,kylie.morales@thomassoftware.com,Thomas Software,Spain,Europe/Madrid,+1-301-283-6675x2545,Starter,Active,2018-08-02,2027-07-31,2026-06-24 02:05,English,Standard,,392.82,36247.36
CUST-00073,Paul Williams,paul.williams@millerclinical.com,Miller Clinical,Japan,Asia/Tokyo,367.697.6438x156,Starter,Active,2024-08-24,2026-08-14,2026-07-27 09:22,Japanese,Standard,,222.96,4908.04
CUST-00074,Leslie Rose,leslie.rose@parkergetaways.com,Parker Getaways,United States,America/Los_Angeles,669.600.3432,Professional,Active,2024-10-14,2026-08-05,2026-07-28 21:41,English,Priority,,4044.59,78972.84
CUST-00075,Adam Burgess,adam.burgess@thompsonair.com,Thompson Air,United Arab Emirates,Asia/Dubai,(783)888-5160x6071,Starter,Active,2024-02-25,2026-08-13,2026-06-20 02:47,Arabic,Standard,,436.98,11792.22
CUST-00076,Michelle Butler,michelle.butler@southandrewmouthgeta.com,South Andrewmouth Getaways,South Africa,Africa/Johannesburg,(897)351-6136,Enterprise,Active,2016-04-11,2028-04-08,2026-07-16 15:38,English,Premium 24/7,Hana Sato,25867.31,3047351.62
CUST-00077,Eric Morgan,eric.morgan@cooksoftware.com,Cook Software,Netherlands,Europe/Amsterdam,(418)518-8355,Professional,Active,2022-01-29,2027-01-28,2026-07-27 01:00,Dutch,Priority,,3878.83,210336.28
CUST-00078,David Thompson,david.thompson@hernandeztravel.com,Hernandez Travel,Germany,Europe/Berlin,001-312-977-9979x95527,Professional,Active,2023-09-09,2026-09-08,2026-07-24 21:51,English,Priority,,916.61,30009.16
CUST-00079,Eric Hill,eric.hill@browngetaways.com,Brown Getaways,United States,America/Denver,814.977.0054x11998,Starter,Active,2021-08-27,2026-08-26,2026-07-09 05:51,English,Standard,,342.17,20627.24
CUST-00080,Tiffany Stevenson,tiffany.stevenson@williamscloud.com,Williams Cloud,United Kingdom,Europe/London,001-335-797-8207,Starter,Past Due,2022-10-11,2026-08-21,2026-06-23 16:40,English,Standard,,256.77,10793.33
CUST-00081,Mrs. Maria Williams,mrs..williams@zimmermancapital.com,Zimmerman Capital,South Africa,Africa/Johannesburg,288.792.5546x659,Starter,Active,2018-08-04,2027-08-02,2026-07-29 15:29,English,Standard,,571.51,57416.38
CUST-00082,Brandon Gregory,brandon.gregory@mitchelljourneys.com,Mitchell Journeys,France,Europe/Paris,001-692-851-9254x6291,Professional,Active,2021-04-28,2027-04-27,2026-06-23 09:29,English,Priority,,6597.73,360489.95
CUST-00083,Erin Anderson,erin.anderson@lakeellenhavenclinic.com,Lake Ellenhaven Clinical,United States,America/Denver,(305)642-3573x322,Professional,Active,2016-01-31,2026-08-06,2026-07-30 06:20,English,Priority,,1226.15,156401.54
CUST-00084,Ashley Wise,ashley.wise@lakematthewberghomea.com,Lake Matthewberg Home & Living,France,Europe/Paris,+1-962-622-9270x653,Starter,Active,2025-01-06,2026-08-29,2026-07-12 11:58,English,Standard,,356.13,5768.41
CUST-00085,Rachel Young,rachel.young@allentravel.com,Allen Travel,Philippines,Asia/Manila,435.697.7468x8623,Professional,Active,2020-10-24,2026-08-24,2026-07-27 04:21,English,Priority,,2781.21,175661.53
CUST-00086,John Watson,john.watson@lakemeghanvillelabs.com,Lake Meghanville Labs,Philippines,Asia/Manila,812-247-8261x3750,Enterprise,Active,2023-08-11,2026-08-10,2026-07-31 22:53,English,Premium 24/7,Nadia Farouk,70842.93,2333374.88
CUST-00087,James Hughes,james.hughes@westjeffreymouthjour.com,West Jeffreymouth Journeys,Netherlands,Europe/Amsterdam,952-220-4727,Starter,Active,2019-06-20,2027-06-18,2026-07-07 03:32,Dutch,Standard,,542.42,42871.39
CUST-00088,Alicia Lewis,alicia.lewis@newshelbywealth.com,New Shelby Wealth,Canada,America/Toronto,+1-986-314-3410x369,Starter,Active,2024-05-17,2026-08-05,2026-07-17 19:18,French,Standard,,255.47,6852.22
CUST-00089,Taylor Carlson,taylor.carlson@lakezacharyburybank.com,Lake Zacharybury Bank,Australia,Australia/Sydney,001-724-360-9539x621,Professional,Active,2021-06-25,2027-06-24,2026-06-29 06:51,English,Priority,Priya Natarajan,8606.42,506413.96
CUST-00090,Kimberly Hartman,kimberly.hartman@romerohealth.com,Romero Health,United States,America/Los_Angeles,3677065405,Professional,Active,2018-06-20,2026-08-07,2026-07-03 14:56,English,Priority,Hana Sato,1089.91,98178.16
CUST-00091,Matthew Garcia,matthew.garcia@perkinsoutfitters.com,Perkins Outfitters,Spain,Europe/Madrid,001-252-605-8527x72217,Starter,Active,2022-09-06,2026-09-05,2026-07-19 22:53,Spanish,Standard,,472.37,18832.69
CUST-00092,Rick Blackwell,rick.blackwell@stewartoutfitters.com,Stewart Outfitters,United States,America/Denver,386-787-4034x5054,Starter,Cancelled,2024-08-27,2026-08-27,2024-10-28 05:04,English,Standard,,485.71,844.15
CUST-00093,James Gonzales,james.gonzales@morganburghmedical.com,Morganburgh Medical,Australia,Australia/Melbourne,775.384.1616x9284,Starter,Active,2023-01-28,2027-01-27,2026-07-31 21:05,English,Standard,,507.69,21537.4
CUST-00094,Matthew Parker,matthew.parker@morrisonhealth.com,Morrison Health,Australia,Australia/Melbourne,(427)257-0596x40165,Professional,Active,2023-07-15,2027-07-14,2026-06-23 11:15,English,Priority,,5118.1,172406.7
CUST-00095,Lawrence Harrington,lawrence.harrington@eastcarlosstadpaymen.com,East Carlosstad Payments,France,Europe/Paris,(469)709-2755x719,Professional,Active,2018-03-09,2026-08-24,2026-07-18 01:18,French,Priority,,3774.46,347370.55
CUST-00096,Matthew Wright,matthew.wright@northjillfortwellnes.com,North Jillfort Wellness,Germany,Europe/Berlin,368.914.4739x47312,Professional,Active,2019-06-13,2026-08-05,2026-06-22 20:21,English,Priority,,6050.61,481926.19
CUST-00097,Micheal Osborn,micheal.osborn@elizabethlandtechnol.com,Elizabethland Technologies,Sweden,Europe/Stockholm,+1-384-542-2583,Professional,Active,2021-02-21,2027-02-20,2026-07-16 19:52,Swedish,Priority,,4909.96,293594.47
CUST-00098,Cynthia Snyder,cynthia.snyder@angelastadhospitalit.com,Angelastad Hospitality Group,Germany,Europe/Berlin,382.491.1467x866,Starter,Active,2023-01-17,2026-08-29,2026-07-11 19:27,English,Standard,,97.5,4048.33
CUST-00099,Maria Cole,maria.cole@davidsidemedical.com,Davidside Medical,Netherlands,Europe/Amsterdam,+1-792-526-8018x2422,Starter,Active,2024-12-27,2026-12-27,2026-07-30 11:23,English,Standard,Priya Natarajan,544.88,9809.47
CUST-00100,Todd Jacobson,todd.jacobson@westjamessidehospita.com,West Jamesside Hospitality Group,Netherlands,Europe/Amsterdam,724-298-1829x922,Professional,Active,2024-02-02,2027-02-01,2026-06-26 00:47,Dutch,Priority,,7050.12,184516.65
CUST-00101,Alyssa Williams,alyssa.williams@mayhospitalitygroup.com,May Hospitality Group,United Arab Emirates,Asia/Dubai,001-643-696-9078,Professional,Active,2026-03-06,2027-03-06,2026-06-23 14:11,English,Priority,Nadia Farouk,5534.08,26869.43
CUST-00102,Dr. Michael Evans,dr..evans@lakebrianmouthcaresy.com,Lake Brianmouth Care Systems,Singapore,Asia/Singapore,(377)735-9255x56258,Professional,Active,2019-01-25,2027-01-23,2026-07-01 04:15,Mandarin,Priority,,9199.74,783005.25
CUST-00103,Bryan Cole,bryan.cole@northbrentwealth.com,North Brent Wealth,Singapore,Asia/Singapore,(996)632-5953x2787,Starter,Active,2025-11-24,2026-08-21,2026-07-25 02:08,Mandarin,Standard,,447.6,3519.06
CUST-00104,Brandon Long MD,brandon.md@allenclinical.com,Allen Clinical,United States,America/Chicago,001-250-304-7974,Enterprise,Active,2016-05-27,2027-05-25,2026-06-29 10:59,English,Premium 24/7,Connor Whitfield,73750.52,9183334.05
CUST-00105,Stephen Luna,stephen.luna@gallagherwealth.com,Gallagher Wealth,Ireland,Europe/Dublin,(906)609-8358x416,Professional,Active,2017-04-04,2027-04-02,2026-07-26 04:10,English,Priority,,8280.93,947935.39
CUST-00106,Lisa Carr,lisa.carr@andersonhomeandlivin.com,Anderson Home & Living,United States,America/Denver,865-258-5239,Starter,Active,2015-11-04,2026-08-08,2026-07-07 20:19,English,Standard,,624.73,75758.6
CUST-00107,Chad Cook,chad.cook@wellsgoodsco.com,Wells Goods Co.,Brazil,America/Sao_Paulo,729.982.5952x694,Professional,Active,2018-05-20,2026-08-06,2026-07-11 12:08,English,Priority,,1902.96,176674.6
CUST-00108,Elizabeth Cabrera,elizabeth.cabrera@richardsonlabs.com,Richardson Labs,Ireland,Europe/Dublin,+1-916-494-0974x99309,Starter,Cancelled,2024-07-16,2026-08-05,2025-06-17 02:41,English,Standard,,521.64,5415.64
CUST-00109,Michelle Hampton,michelle.hampton@jamessoftware.com,James Software,Germany,Europe/Berlin,+1-930-291-3075x62636,Starter,Active,2020-07-24,2027-07-23,2026-06-22 09:31,English,Standard,,84.71,5731.58
CUST-00110,Kelly Hoffman,kelly.hoffman@boltonhospitalitygro.com,Bolton Hospitality Group,Ireland,Europe/Dublin,586.552.7858x5497,Starter,Active,2019-07-12,2027-07-10,2026-07-13 16:28,English,Standard,,602.84,44610.14
CUST-00111,Edwin David,edwin.david@kellieboroughtechnol.com,Kellieborough Technologies,United States,America/Los_Angeles,001-875-775-8441x986,Starter,Cancelled,2018-05-25,2027-05-23,2018-07-05 07:40,English,Standard,,499.41,653.32
CUST-00112,Regina Roberts,regina.roberts@stephanielandbank.com,Stephanieland Bank,Australia,Australia/Melbourne,(574)573-3848x421,Starter,Active,2021-11-15,2026-11-14,2026-07-21 17:31,English,Standard,,77.53,4316.55
CUST-00113,Taylor Perez,taylor.perez@northcraigcaresystem.com,North Craig Care Systems,Italy,Europe/Rome,271-320-8267x73454,Professional,Active,2015-10-05,2026-10-02,2026-07-30 18:36,Italian,Priority,,7288.17,923790.67
CUST-00114,Crystal Rodgers,crystal.rodgers@eastrobertburghlabs.com,East Robertburgh Labs,India,Asia/Kolkata,3677240049,Starter,Active,2017-08-17,2026-08-15,2026-07-15 04:26,English,Standard,,629.26,69300.71
CUST-00115,William Daniels,william.daniels@smallberggoodsco.com,Smallberg Goods Co.,South Africa,Africa/Johannesburg,574.431.5274x20549,Professional,Cancelled,2025-11-21,2026-11-21,2026-03-02 00:00,English,Priority,,4574.96,13352.94
CUST-00116,Margaret Sullivan,margaret.sullivan@pattersongetaways.com,Patterson Getaways,United Kingdom,Europe/London,616-712-2753x04637,Enterprise,Cancelled,2021-08-23,2027-08-22,2022-04-26 09:48,English,Premium 24/7,Aisha Bello,16411.36,126625.37
CUST-00117,Nathan Smith,nathan.smith@valdezjourneys.com,Valdez Journeys,Spain,Europe/Madrid,001-730-517-4268x414,Starter,Active,2022-12-06,2026-12-05,2026-07-19 06:12,English,Standard,Ben Ashworth,271.55,11589.37
CUST-00118,Casey Hernandez,casey.hernandez@adkinscapital.com,Adkins Capital,Japan,Asia/Tokyo,+1-756-387-8339x187,Enterprise,Active,2020-05-20,2029-05-18,2026-07-19 03:43,Japanese,Premium 24/7,Priya Natarajan,81410.8,5340370.11
CUST-00119,Ashley Poole,ashley.poole@newamandasystems.com,New Amanda Systems,Philippines,Asia/Manila,(958)271-3971,Professional,Active,2021-07-25,2026-08-28,2026-06-24 20:36,English,Priority,,948.99,50601.8
CUST-00120,Jose Bryant,jose.bryant@newstevenportmarketp.com,New Stevenport Marketplace,Canada,America/Toronto,001-206-340-3910x6518,Starter,Active,2021-08-27,2026-08-26,2026-07-27 03:59,French,Standard,,614.48,34493.99
CUST-00121,Mrs. Donna White,mrs..white@taylorwellness.com,Taylor Wellness,United States,America/Chicago,+1-865-467-6618x2512,Professional,Active,2025-06-15,2026-08-09,2026-06-19 23:21,English,Priority,,3102.67,42989.68
CUST-00122,Courtney Smith,courtney.smith@johnsoncloud.com,Johnson Cloud,Spain,Europe/Madrid,378-268-6337x5243,Starter,Active,2018-04-25,2026-08-11,2026-06-19 08:24,Spanish,Standard,,316.47,28593.39
CUST-00123,Jennifer Miranda,jennifer.miranda@stephensonhealth.com,Stephenson Health,South Africa,Africa/Johannesburg,2335119079,Starter,Active,2017-10-24,2026-10-22,2026-08-01 16:59,English,Standard,,657.35,62894.4
CUST-00124,Jennifer Young,jennifer.young@portmichellecapital.com,Port Michelle Capital,India,Asia/Kolkata,7285439599,Professional,Active,2023-07-17,2027-07-16,2026-07-19 17:51,English,Priority,,1558.93,54422.52
CUST-00125,Charles Keller,charles.keller@walkerhomeandliving.com,Walker Home & Living,Netherlands,Europe/Amsterdam,740-889-2687x0568,Professional,Past Due,2019-09-12,2026-09-10,2026-07-09 16:28,Dutch,Priority,,7315.51,575680.86
CUST-00126,Elijah White,elijah.white@medinamarketplace.com,Medina Marketplace,New Zealand,Pacific/Auckland,434.827.0866,Starter,Active,2025-07-13,2027-07-13,2026-06-20 12:16,English,Standard,,511.67,6049.18
CUST-00127,Dalton Lucas,dalton.lucas@boonelandhomeandlivi.com,Booneland Home & Living,Brazil,America/Sao_Paulo,+1-530-546-9901,Enterprise,Active,2025-10-01,2026-10-01,2026-07-30 23:41,English,Premium 24/7,Connor Whitfield,42181.4,436771.52
CUST-00128,Sean Cook,sean.cook@eastsharonvillesoftw.com,East Sharonville Software,Spain,Europe/Madrid,001-773-693-6385x4678,Professional,Active,2022-12-17,2026-08-28,2026-07-14 16:08,Spanish,Priority,,686.99,28165.76
CUST-00129,Jose Crawford,jose.crawford@porttinafortwellness.com,Port Tinafort Wellness,South Africa,Africa/Johannesburg,001-853-655-6093x20489,Professional,Active,2022-12-04,2026-12-03,2026-06-26 01:51,English,Priority,,525.32,19922.87
CUST-00130,Gary James,gary.james@southandreamarketpla.com,South Andrea Marketplace,India,Asia/Kolkata,+1-254-277-7252x28728,Professional,Active,2016-02-26,2027-02-23,2026-07-02 01:08,Hindi,Priority,,5425.28,682112.06
CUST-00131,Angela Meyers,angela.meyers@portadambergbank.com,Port Adamberg Bank,France,Europe/Paris,+1-931-220-3875x0997,Enterprise,Active,2024-06-08,2027-06-08,2026-06-30 20:43,English,Premium 24/7,Grace Kim,38985.96,923832.94
CUST-00132,Juan Smith,juan.smith@morenocloud.com,Moreno Cloud,Philippines,Asia/Manila,584-608-6211x823,Starter,Active,2023-08-09,2026-08-08,2026-07-04 07:19,English,Standard,,107.25,4004.03
CUST-00133,Debra Sanders,debra.sanders@watsonmedical.com,Watson Medical,Singapore,Asia/Singapore,(979)233-4101x6668,Starter,Active,2016-12-07,2026-12-05,2026-07-23 23:53,English,Standard,,410.53,46141.6
CUST-00134,Michele Miller,michele.miller@newmanmouthwealth.com,Newmanmouth Wealth,United States,America/Denver,001-218-303-3974,Professional,Active,2022-08-18,2026-08-17,2026-07-01 23:07,English,Priority,Ben Ashworth,3451.51,147110.6
CUST-00135,Diana Daniels,diana.daniels@barretthospitalitygr.com,Barrett Hospitality Group,France,Europe/Paris,(450)539-2614,Professional,Active,2023-03-25,2027-03-24,2026-06-25 23:30,English,Priority,Connor Whitfield,5167.58,200325.39
CUST-00136,Sarah Rhodes,sarah.rhodes@fernandezfinancial.com,Fernandez Financial,United Kingdom,Europe/London,(821)785-0163x1599,Enterprise,Active,2024-07-11,2027-07-11,2026-07-13 18:53,English,Premium 24/7,Liam O'Sullivan,68103.66,1660532.19
CUST-00137,Donald Riddle,donald.riddle@henrysystems.com,Henry Systems,Ireland,Europe/Dublin,(386)662-9619x431,Professional,Active,2018-04-20,2027-04-18,2026-07-23 20:03,English,Priority,,1637.58,160126.92
CUST-00138,Michael Walters,michael.walters@singhmarketplace.com,Singh Marketplace,United Arab Emirates,Asia/Dubai,951-810-4754x12126,Professional,Active,2018-07-20,2027-07-18,2026-07-12 01:39,English,Priority,,495.83,45910.94
CUST-00139,Brandon Spencer,brandon.spencer@michelletownhomeandl.com,Michelletown Home & Living,United States,America/New_York,666-618-3982x6224,Professional,Active,2026-06-05,2027-06-05,2026-06-30 03:58,English,Priority,,3807.35,6930.14
CUST-00140,Arthur Hamilton MD,arthur.md@washingtonhospitalit.com,Washington Hospitality Group,Netherlands,Europe/Amsterdam,354-437-9937,Enterprise,Active,2020-08-13,2026-08-12,2026-07-30 20:48,Dutch,Premium 24/7,Marcus Webb,42481.33,2922304.96
CUST-00141,Travis Cook,travis.cook@olivergoodsco.com,Oliver Goods Co.,United States,America/Chicago,775-669-2459x37526,Professional,Active,2022-08-04,2026-08-13,2026-07-22 01:14,English,Priority,Ben Ashworth,9248.55,380921.4
CUST-00142,Mackenzie Faulkner,mackenzie.faulkner@westnicholasgetaways.com,West Nicholas Getaways,United States,America/Denver,(651)393-9828x0737,Starter,Cancelled,2022-03-20,2027-03-19,2024-03-18 13:12,English,Standard,,268.33,6553.98
CUST-00143,Rebecca Ortiz,rebecca.ortiz@portercaresystems.com,Porter Care Systems,Mexico,America/Mexico_City,+1-843-242-6617x9796,Professional,Trial,2026-08-02,2026-08-16,2026-08-02 13:14,Spanish,Priority,,0.0,0.0
CUST-00144,Heather Woodard,heather.woodard@northkaylastadoutfit.com,North Kaylastad Outfitters,France,Europe/Paris,(390)696-5610,Professional,Active,2023-08-01,2026-08-15,2026-07-31 12:05,English,Priority,,1291.42,40994.78
CUST-00145,Paul Grant,paul.grant@wattspayments.com,Watts Payments,Brazil,America/Sao_Paulo,275.967.9825,Starter,Active,2022-01-28,2026-08-05,2026-06-25 04:05,Portuguese,Standard,,535.47,26990.92
CUST-00146,Jason Nixon,jason.nixon@portsheliabergoutfit.com,Port Sheliaberg Outfitters,United States,America/New_York,(745)373-8757x177,Professional,Trial,2026-07-21,2026-08-04,2026-07-22 23:57,English,Priority,,0.0,0.0
CUST-00147,Robert Wilson,robert.wilson@sweeneybank.com,Sweeney Bank,Canada,America/Toronto,+1-812-438-2825x8673,Professional,Active,2024-11-28,2026-11-28,2026-06-23 11:16,English,Priority,,8294.04,148261.44
CUST-00148,Matthew Foster,matthew.foster@mclaughlinbank.com,Mclaughlin Bank,United States,America/Los_Angeles,379.366.0334,Starter,Trial,2026-07-20,2026-08-03,2026-08-02 20:38,English,Standard,,0.0,0.0
CUST-00149,Kimberly Diaz,kimberly.diaz@gonzaleztechnologies.com,Gonzalez Technologies,Canada,America/Vancouver,347-785-9696,Starter,Active,2026-03-05,2027-03-05,2026-07-13 08:52,French,Standard,,524.98,2714.89
CUST-00150,Jimmy Thompson,jimmy.thompson@samanthashirehealth.com,Samanthashire Health,Canada,America/Toronto,425-813-4125,Professional,Active,2024-12-29,2026-08-21,2026-07-15 21:31,English,Priority,,3863.48,64953.35
CUST-00151,Chad Reyes,chad.reyes@lopezsoftware.com,Lopez Software,Italy,Europe/Rome,+1-782-282-7422x5790,Professional,Active,2026-07-11,2027-07-11,2026-07-23 21:23,Italian,Priority,,4366.04,2906.2
CUST-00152,Mr. James Hoffman,mr..hoffman@ortizforthealth.com,Ortizfort Health,Philippines,Asia/Manila,(477)921-9034x04384,Professional,Active,2022-08-07,2026-08-06,2026-07-05 07:32,English,Priority,,6455.7,304437.27
CUST-00153,Patricia Simpson,patricia.simpson@dixonmedical.com,Dixon Medical,Brazil,America/Sao_Paulo,001-514-885-8078,Starter,Active,2024-06-28,2026-08-17,2026-06-28 11:19,English,Standard,,239.45,5534.25
CUST-00154,Ronald Potter,ronald.potter@evanssystems.com,Evans Systems,United States,America/Los_Angeles,7748517133,Starter,Trial,2026-08-01,2026-08-15,2026-08-03 05:59,English,Standard,,0.0,0.0
CUST-00155,Charles Clark,charles.clark@clarksystems.com,Clark Systems,Singapore,Asia/Singapore,6956849825,Starter,Active,2024-11-08,2026-08-30,2026-07-01 14:37,Mandarin,Standard,,626.85,11787.06
CUST-00156,Tiffany Robertson,tiffany.robertson@mcculloughhomeandliv.com,Mccullough Home & Living,Brazil,America/Sao_Paulo,726-504-2232,Enterprise,Active,2022-06-22,2028-06-20,2026-07-20 16:40,English,Premium 24/7,Tomas Novak,47598.05,2272066.05
CUST-00157,Megan Burns,megan.burns@courtneyfurthospital.com,Courtneyfurt Hospitality Group,Netherlands,Europe/Amsterdam,311.968.4577x590,Professional,Active,2021-10-31,2026-10-30,2026-06-27 10:07,Dutch,Priority,,3071.54,153847.39
CUST-00158,Melissa Horn,melissa.horn@flynncloud.com,Flynn Cloud,Spain,Europe/Madrid,(936)737-4545x8929,Starter,Active,2019-01-18,2027-01-16,2026-06-27 05:20,English,Standard,,402.63,34481.15
CUST-00159,Pamela Williams,pamela.williams@smithburghcloud.com,Smithburgh Cloud,Canada,America/Vancouver,370.763.2424x154,Professional,Active,2024-06-25,2027-06-25,2026-06-29 02:36,English,Priority,,3604.44,82297.92
CUST-00160,Mariah Williams,mariah.williams@jessicaburyjourneys.com,Jessicabury Journeys,Singapore,Asia/Singapore,(711)303-7129x38700,Professional,Active,2026-04-09,2027-04-09,2026-06-26 08:49,Mandarin,Priority,,984.6,3490.14
CUST-00161,Jennifer Anderson MD,jennifer.md@davisvillesoftware.com,Davisville Software,Canada,America/Vancouver,255-442-6221,Professional,Active,2015-11-20,2026-11-17,2026-06-24 14:55,English,Priority,,3765.99,482293.95
CUST-00162,Nathan Fuller,nathan.fuller@southchristinagetawa.com,South Christina Getaways,Brazil,America/Sao_Paulo,531.612.1965x652,Starter,Active,2019-10-18,2026-10-16,2026-07-11 17:17,Portuguese,Standard,,636.58,50024.58
CUST-00163,Danielle Burke,danielle.burke@kimberlytowngoodsco.com,Kimberlytown Goods Co.,Australia,Australia/Melbourne,+1-543-989-8364x03761,Professional,Cancelled,2021-05-19,2026-08-21,2021-07-22 00:53,English,Priority,,6494.5,12977.39
CUST-00164,Andrea Oneal,andrea.oneal@smithsystems.com,Smith Systems,Ireland,Europe/Dublin,(352)269-6582x710,Professional,Past Due,2017-04-01,2026-08-12,2026-08-02 11:29,English,Priority,,335.82,38350.87
CUST-00165,Andrew Brown,andrew.brown@hunterhaventechnolog.com,Hunterhaven Technologies,United States,America/Denver,001-566-461-8892x41418,Professional,Active,2024-10-18,2026-10-18,2026-07-07 10:35,English,Priority,,8518.68,188011.69
CUST-00166,Jeanette Walters,jeanette.walters@davenportretail.com,Davenport Retail,United Arab Emirates,Asia/Dubai,+1-614-463-0316x17990,Professional,Active,2017-12-12,2026-12-10,2026-07-16 06:44,Arabic,Priority,Aisha Bello,3025.89,321563.58
CUST-00167,Michael Miles,michael.miles@martinair.com,Martin Air,United States,America/Denver,(688)342-5241x056,Professional,Active,2016-04-28,2027-04-26,2026-08-02 07:27,English,Priority,,289.94,30901.12
CUST-00168,William Burton,william.burton@gibsonstadwealth.com,Gibsonstad Wealth,Japan,Asia/Tokyo,3795252419,Starter,Active,2017-11-12,2026-11-10,2026-06-23 07:24,Japanese,Standard,,147.1,14214.13
CUST-00169,April Trevino,april.trevino@eastbrandonstadpayme.com,East Brandonstad Payments,Germany,Europe/Berlin,(722)308-6353x6541,Professional,Active,2018-05-14,2027-05-12,2026-07-28 20:10,English,Priority,,3763.79,326745.57
CUST-00170,Stephanie White,stephanie.white@southcaseymouthwelln.com,South Caseymouth Wellness,Italy,Europe/Rome,545-918-7053x4949,Starter,Active,2017-12-03,2026-12-01,2026-07-16 10:50,Italian,Standard,,561.69,56087.61
CUST-00171,Wesley Cuevas,wesley.cuevas@lakerachelcaresystem.com,Lake Rachel Care Systems,India,Asia/Kolkata,001-332-506-0385x05064,Professional,Trial,2026-07-30,2026-08-13,2026-08-02 09:41,English,Priority,,0.0,0.0
CUST-00172,Cynthia Vasquez,cynthia.vasquez@eastjenniferlandpaym.com,East Jenniferland Payments,United States,America/Los_Angeles,4388657191,Starter,Past Due,2015-06-07,2027-06-04,2026-07-13 18:26,English,Standard,,222.51,30997.81
CUST-00173,Keith Graham,keith.graham@eastkellyretail.com,East Kelly Retail,United Arab Emirates,Asia/Dubai,465-957-4313x29121,Starter,Active,2016-07-08,2027-07-06,2026-08-03 16:49,English,Standard,,366.18,42344.55
CUST-00174,Jason Herrera,jason.herrera@oconnellbank.com,Oconnell Bank,India,Asia/Kolkata,274.574.1124,Starter,Cancelled,2018-08-24,2026-08-22,2020-06-20 15:01,Hindi,Standard,,242.9,4601.98
CUST-00175,Erin Davis,erin.davis@westrandymarketplace.com,West Randy Marketplace,Italy,Europe/Rome,5443206788,Starter,Active,2019-02-06,2026-08-28,2026-08-02 00:10,English,Standard,Grace Kim,530.38,47358.1
CUST-00176,Robert Taylor,robert.taylor@northmariaburyjourne.com,North Mariabury Journeys,Canada,America/Toronto,(236)351-9941,Enterprise,Active,2017-10-23,2027-10-21,2026-07-22 02:16,English,Premium 24/7,Liam O'Sullivan,51925.57,4707736.06
CUST-00177,Matthew Lamb,matthew.lamb@davisbank.com,Davis Bank,Japan,Asia/Tokyo,710-570-2966x70662,Professional,Past Due,2017-09-30,2026-09-28,2026-06-21 00:15,Japanese,Priority,,6991.97,656780.54
CUST-00178,Denise Griffin,denise.griffin@hernandezwellness.com,Hernandez Wellness,United States,America/Chicago,+1-899-434-7687x014,Starter,Cancelled,2022-05-03,2027-05-02,2022-07-04 01:35,English,Standard,,549.23,1145.55
CUST-00179,Marvin Robles,marvin.robles@lakevirginiatechnolo.com,Lake Virginia Technologies,United States,America/Denver,+1-706-857-8759,Starter,Active,2025-05-28,2027-05-28,2026-07-25 09:47,English,Standard,,606.05,9006.32
CUST-00180,Alexander Harper,alexander.harper@portkimberlytonwealt.com,Port Kimberlyton Wealth,United Arab Emirates,Asia/Dubai,885.793.2133x4803,Starter,Active,2024-05-11,2027-05-11,2026-07-29 22:56,Arabic,Standard,Priya Natarajan,621.15,16550.31
CUST-00181,Wendy Thompson,wendy.thompson@newlouisgoodsco.com,New Louis Goods Co.,Germany,Europe/Berlin,001-459-905-9929x3784,Starter,Active,2016-07-03,2027-07-01,2026-06-21 07:57,English,Standard,,368.09,44505.19
CUST-00182,Anthony Guzman,anthony.guzman@smithhomeandliving.com,Smith Home & Living,Japan,Asia/Tokyo,405.393.2525x0029,Professional,Active,2016-07-23,2026-08-30,2026-07-04 09:16,English,Priority,Hana Sato,5231.85,569226.74
CUST-00183,Shannon Yu,shannon.yu@janetfurtcapital.com,Janetfurt Capital,United States,America/Denver,001-715-445-2267,Professional,Active,2018-11-06,2026-11-04,2026-06-26 17:22,English,Priority,,7221.34,585933.25
CUST-00184,Kristina Preston,kristina.preston@austingetaways.com,Austin Getaways,Canada,America/Toronto,(239)426-4422x096,Professional,Active,2017-03-17,2026-08-27,2026-07-14 16:03,French,Priority,,2716.32,284504.95
CUST-00185,Tammy Ponce,tammy.ponce@walkerclinical.com,Walker Clinical,Sweden,Europe/Stockholm,001-417-325-1355,Professional,Trial,2026-07-21,2026-08-04,2026-07-24 04:12,English,Priority,,0.0,0.0
CUST-00186,Meagan Daniel,meagan.daniel@seanviewretail.com,Seanview Retail,Ireland,Europe/Dublin,931.854.1006,Starter,Active,2018-01-19,2026-08-05,2026-07-10 03:02,English,Standard,,549.48,55978.01
CUST-00187,Stacey Snyder,stacey.snyder@bellfurtmarketplace.com,Bellfurt Marketplace,Australia,Australia/Sydney,279-732-7104,Starter,Active,2019-05-12,2027-05-10,2026-06-28 01:39,English,Standard,,469.08,39045.88
CUST-00188,Brian Peterson,brian.peterson@barronoutfitters.com,Barron Outfitters,United States,America/Chicago,(818)415-9970,Starter,Active,2020-10-01,2026-09-30,2026-06-20 12:50,English,Standard,,462.96,31215.28
CUST-00189,Jessica Brown,jessica.brown@riveratechnologies.com,Rivera Technologies,France,Europe/Paris,268.884.4431,Starter,Active,2021-06-18,2026-08-21,2026-07-22 11:49,French,Standard,Marcus Webb,272.84,15148.58
CUST-00190,Sara Hernandez,sara.hernandez@adamlandgoodsco.com,Adamland Goods Co.,New Zealand,Pacific/Auckland,897-931-0324x1714,Enterprise,Active,2019-01-22,2028-01-20,2026-08-02 11:58,English,Premium 24/7,Ben Ashworth,70206.37,6109026.02
CUST-00191,Matthew Davis MD,matthew.md@westnicolemedical.com,West Nicole Medical,United States,America/Chicago,(427)304-7743x490,Professional,Cancelled,2022-02-03,2027-02-02,2022-03-05 00:45,English,Priority,,3712.25,3247.17
CUST-00192,Gregg Weaver,gregg.weaver@arellanotravel.com,Arellano Travel,Canada,America/Toronto,001-538-906-8687,Professional,Cancelled,2017-08-25,2026-08-23,2017-10-12 15:37,English,Priority,,4951.2,6738.86
CUST-00193,James Nash,james.nash@johnsontechnologies.com,Johnson Technologies,Italy,Europe/Rome,001-589-592-1722,Enterprise,Active,2023-03-02,2027-03-01,2026-07-13 09:46,English,Premium 24/7,Elena Voss,24929.74,1063573.85
CUST-00194,Jay Mcneil,jay.mcneil@grahamcloud.com,Graham Cloud,Japan,Asia/Tokyo,+1-929-245-1168x6854,Professional,Cancelled,2020-02-12,2027-02-10,2020-07-06 07:23,Japanese,Priority,,4932.14,23963.53
CUST-00195,Lisa Mills,lisa.mills@barneshospitalitygro.com,Barnes Hospitality Group,United States,America/Denver,(622)899-9119x14856,Starter,Active,2023-01-09,2027-01-08,2026-06-19 01:24,English,Standard,,227.38,9218.82
CUST-00196,Laura Kennedy,laura.kennedy@jacksongetaways.com,Jackson Getaways,Spain,Europe/Madrid,(229)796-0653x0745,Professional,Trial,2026-07-20,2026-08-03,2026-07-20 09:01,English,Priority,,0.0,0.0
CUST-00197,Elizabeth Ramirez,elizabeth.ramirez@garrisonvillelabs.com,Garrisonville Labs,Canada,America/Toronto,524.975.4691,Professional,Past Due,2017-04-01,2026-08-12,2026-07-19 22:01,French,Priority,Elena Voss,6635.14,646851.57
CUST-00198,Rodney Figueroa,rodney.figueroa@lorihavenpayments.com,Lorihaven Payments,Canada,America/Vancouver,(414)586-2890,Professional,Active,2021-02-10,2027-02-09,2026-06-25 01:25,French,Priority,,5340.18,304233.04
CUST-00199,Christina Brown,christina.brown@johnsonwellness.com,Johnson Wellness,Mexico,America/Mexico_City,2535457861,Starter,Active,2021-09-15,2026-08-20,2026-07-08 12:30,English,Standard,Aisha Bello,136.05,7387.17
CUST-00200,Kirk Thompson,kirk.thompson@harrelltechnologies.com,Harrell Technologies,Netherlands,Europe/Amsterdam,001-885-252-4140,Starter,Active,2021-01-25,2027-01-24,2026-06-22 04:48,Dutch,Standard,,392.57,24240.12
CUST-00201,Kenneth Hanna,kenneth.hanna@lakejeffreymedical.com,Lake Jeffrey Medical,United Arab Emirates,Asia/Dubai,246.580.0722,Professional,Trial,2026-07-26,2026-08-09,2026-07-29 15:19,Arabic,Priority,,0.0,0.0
CUST-00202,Robert Torres,robert.torres@rasmussenclinical.com,Rasmussen Clinical,Australia,Australia/Melbourne,+1-346-265-7437x4896,Enterprise,Active,2018-11-29,2026-11-27,2026-07-16 02:43,English,Premium 24/7,Dante Russo,53594.44,4782183.49
CUST-00203,Mary Bridges,mary.bridges@brooksretail.com,Brooks Retail,France,Europe/Paris,+1-699-544-1715x4544,Starter,Active,2021-05-10,2026-08-12,2026-06-19 22:39,English,Standard,,173.19,10514.81
CUST-00204,Ralph Yoder,ralph.yoder@guerrerobergretail.com,Guerreroberg Retail,United Arab Emirates,Asia/Dubai,001-507-944-6660x9935,Starter,Active,2022-11-15,2026-11-14,2026-07-20 18:38,English,Standard,,286.16,12411.56
CUST-00205,Megan Romero,megan.romero@brucesoftware.com,Bruce Software,Mexico,America/Mexico_City,+1-582-641-7248x25135,Enterprise,Active,2016-04-07,2028-04-04,2026-06-20 10:52,English,Premium 24/7,Aisha Bello,40247.77,5091246.89
CUST-00206,Stephen Watson,stephen.watson@richardsgoodsco.com,Richards Goods Co.,Mexico,America/Mexico_City,817.609.9917x381,Enterprise,Active,2022-05-11,2028-05-09,2026-06-24 06:28,Spanish,Premium 24/7,Hana Sato,81363.27,3934239.23
CUST-00207,Seth Hernandez,seth.hernandez@westroberthomeandliv.com,West Robert Home & Living,Netherlands,Europe/Amsterdam,001-772-252-1752,Starter,Active,2024-03-17,2026-08-04,2026-07-25 00:11,Dutch,Standard,Dante Russo,100.99,2710.67
CUST-00208,Donald Juarez,donald.juarez@jacksonbank.com,Jackson Bank,Netherlands,Europe/Amsterdam,001-527-712-9666x67600,Professional,Active,2017-12-09,2026-12-07,2026-07-20 19:28,Dutch,Priority,Liam O'Sullivan,8744.91,800824.38
CUST-00209,Stephanie Sherman,stephanie.sherman@schmidtoutfitters.com,Schmidt Outfitters,Ireland,Europe/Dublin,6034354216,Starter,Trial,2026-07-30,2026-08-13,2026-08-01 20:26,English,Standard,Nadia Farouk,0.0,0.0
CUST-00210,Angel Fry,angel.fry@lunahavenwealth.com,Lunahaven Wealth,United States,America/Chicago,262-457-5326x03323,Starter,Active,2022-01-05,2026-08-12,2026-07-16 12:54,English,Standard,,237.0,12812.98
CUST-00211,Michael Conner,michael.conner@brookscloud.com,Brooks Cloud,India,Asia/Kolkata,+1-848-390-9010x0167,Professional,Active,2023-07-22,2027-07-21,2026-07-07 09:43,English,Priority,,6264.17,222822.06
CUST-00212,Kara Hernandez,kara.hernandez@nealair.com,Neal Air,Ireland,Europe/Dublin,+1-304-661-8499x2618,Professional,Active,2016-06-08,2026-08-15,2026-08-01 04:46,English,Priority,,4690.56,533354.67
CUST-00213,Brian Gonzalez,brian.gonzalez@portjosehomeandlivin.com,Port Jose Home & Living,Spain,Europe/Madrid,235.364.2087x37530,Professional,Active,2020-02-24,2026-08-21,2026-07-19 21:22,English,Priority,,8457.78,567994.65
CUST-00214,Sara Caldwell,sara.caldwell@northkimberlygetaway.com,North Kimberly Getaways,United States,America/Chicago,314-437-4470,Starter,Active,2022-09-09,2026-09-08,2026-07-03 23:55,English,Standard,,336.16,15197.92
CUST-00215,Sarah Ward,sarah.ward@rhodesmarketplace.com,Rhodes Marketplace,Sweden,Europe/Stockholm,(711)400-2255x79415,Professional,Active,2016-10-04,2026-10-02,2026-06-26 21:24,English,Priority,,2447.69,256864.55
CUST-00216,James Bryant,james.bryant@houstonwellness.com,Houston Wellness,Italy,Europe/Rome,001-976-421-2021x697,Professional,Active,2016-12-22,2026-09-01,2026-06-30 10:40,Italian,Priority,,4344.85,503358.39
CUST-00217,Peggy Carr,peggy.carr@southsamanthapayment.com,South Samantha Payments,Japan,Asia/Tokyo,567-701-4508,Professional,Active,2024-11-20,2026-11-20,2026-07-19 12:00,Japanese,Priority,,6830.1,143066.09
CUST-00218,Melissa Montgomery,melissa.montgomery@reynoldsmedical.com,Reynolds Medical,United Arab Emirates,Asia/Dubai,001-937-456-2890x0287,Starter,Active,2020-03-27,2027-03-26,2026-06-27 03:24,English,Standard,,101.96,7054.25
CUST-00219,John Allen,john.allen@brentburyclinical.com,Brentbury Clinical,South Africa,Africa/Johannesburg,+1-366-931-7797,Starter,Active,2018-03-01,2027-02-27,2026-07-01 05:58,English,Standard,,276.36,24470.37
CUST-00220,Bryan Jimenez,bryan.jimenez@northrichardtonhomea.com,North Richardton Home & Living,South Africa,Africa/Johannesburg,+1-580-919-9488,Starter,Active,2016-01-01,2026-08-06,2026-07-23 19:03,English,Standard,,648.15,70764.08
CUST-00221,Heidi Brown,heidi.brown@walkersystems.com,Walker Systems,United States,America/Los_Angeles,758.799.7571x130,Professional,Active,2018-08-06,2026-08-24,2026-06-19 09:26,English,Priority,,4715.22,447549.95
CUST-00222,Tracey Carter,tracey.carter@jacquelinetonhomeand.com,Jacquelineton Home & Living,Italy,Europe/Rome,(372)861-4933,Starter,Active,2017-07-18,2026-08-30,2026-07-05 16:12,English,Standard,,297.62,30981.14
CUST-00223,Roger Lee,roger.lee@morgantechnologies.com,Morgan Technologies,Canada,America/Vancouver,001-860-991-7798x27080,Starter,Active,2017-08-21,2026-08-19,2026-06-24 16:04,English,Standard,Nadia Farouk,262.84,29500.92
CUST-00224,Priscilla Kent,priscilla.kent@holtsoftware.com,Holt Software,Ireland,Europe/Dublin,(821)569-9586,Starter,Active,2021-09-05,2026-08-10,2026-07-16 23:07,English,Standard,Priya Natarajan,84.78,4904.5
CUST-00225,Victor Waller,victor.waller@ballardbergair.com,Ballardberg Air,Canada,America/Toronto,(498)748-5833x39452,Enterprise,Active,2017-03-31,2027-03-29,2026-07-14 12:29,French,Premium 24/7,Hana Sato,94698.86,10717525.32
CUST-00226,Paige Hart,paige.hart@aguilarfinancial.com,Aguilar Financial,Philippines,Asia/Manila,+1-668-446-0810x62003,Professional,Cancelled,2018-09-26,2026-08-15,2019-12-18 09:05,English,Priority,,2347.0,32732.77
CUST-00227,Miss Brianna Brown,miss.brown@muellersoftware.com,Mueller Software,Italy,Europe/Rome,880.557.1983,Professional,Active,2020-03-08,2027-03-07,2026-07-22 22:44,Italian,Priority,,4198.8,316930.93
CUST-00228,Rebecca Horton,rebecca.horton@southpaulmouthlabs.com,South Paulmouth Labs,Philippines,Asia/Manila,+1-500-543-9735,Professional,Cancelled,2016-05-21,2026-08-27,2017-09-13 16:36,English,Priority,,5078.41,83605.9
CUST-00229,Christopher Fleming,christopher.fleming@eastjillmedical.com,East Jill Medical,United States,America/Chicago,660-264-8422,Starter,Trial,2026-07-26,2026-08-09,2026-07-27 15:28,English,Standard,,0.0,0.0
CUST-00230,Michael Moore,michael.moore@hernandezmarketplace.com,Hernandez Marketplace,United States,America/New_York,390-494-7985x15832,Professional,Active,2017-03-14,2026-08-24,2026-07-21 17:13,English,Priority,Connor Whitfield,1195.78,137202.95
CUST-00231,Joshua Davis,joshua.davis@eastelizabethclinica.com,East Elizabeth Clinical,France,Europe/Paris,554-239-8780x15739,Professional,Active,2025-04-24,2026-08-17,2026-07-03 00:21,English,Priority,,4950.75,69938.58
CUST-00232,Erica Moon,erica.moon@landrygoodsco.com,Landry Goods Co.,United States,America/Los_Angeles,(548)740-8588x7704,Professional,Active,2024-05-04,2026-08-22,2026-07-01 03:59,English,Priority,,3446.86,80925.75
CUST-00233,Tiffany Jackson,tiffany.jackson@huberhomeandliving.com,Huber Home & Living,Italy,Europe/Rome,+1-880-313-3613,Enterprise,Active,2026-06-21,2029-06-20,2026-06-24 22:30,English,Premium 24/7,Tomas Novak,69912.39,97062.2
CUST-00234,Brittany Stevens,brittany.stevens@benjaminlandmedical.com,Benjaminland Medical,Canada,America/Toronto,8249819346,Starter,Active,2022-05-19,2027-05-18,2026-07-27 22:48,English,Standard,,375.08,17801.69
CUST-00235,Jessica Smith,jessica.smith@newadamlandpayments.com,New Adamland Payments,United States,America/Chicago,001-890-215-8144x91476,Enterprise,Active,2022-03-15,2028-03-13,2026-07-02 06:13,English,Premium 24/7,Nadia Farouk,50834.73,2343560.36
CUST-00236,Joseph Taylor,joseph.taylor@roblessidewealth.com,Roblesside Wealth,Brazil,America/Sao_Paulo,824-350-8821x0099,Professional,Active,2023-01-23,2027-01-22,2026-07-31 22:26,English,Priority,Hana Sato,498.55,18023.39
CUST-00237,Paul Berger,paul.berger@cooperretail.com,Cooper Retail,United States,America/Chicago,(982)322-3943x12908,Professional,Active,2021-08-03,2027-08-02,2026-06-22 22:50,English,Priority,,7929.68,481503.92
CUST-00238,Austin Garcia,austin.garcia@lynnstadclinical.com,Lynnstad Clinical,United States,America/Los_Angeles,(931)749-1357,Professional,Active,2020-06-28,2026-08-26,2026-08-02 09:44,English,Priority,Hana Sato,7591.71,580236.16
CUST-00239,Elizabeth Silva,elizabeth.silva@cunninghamhealth.com,Cunningham Health,France,Europe/Paris,(756)920-5336x452,Starter,Active,2025-02-05,2026-08-29,2026-08-03 20:23,French,Standard,,229.24,3620.99
CUST-00240,Ian Torres,ian.torres@eastdebbielandgoodsc.com,East Debbieland Goods Co.,Mexico,America/Mexico_City,828-534-1108x099,Professional,Active,2016-01-27,2027-01-24,2026-06-27 05:37,English,Priority,,8052.02,894845.74
CUST-00241,Kristen Stephens,kristen.stephens@lutzgetaways.com,Lutz Getaways,United States,America/Chicago,725.263.9427x8816,Enterprise,Active,2021-12-01,2027-11-30,2026-06-23 22:20,English,Premium 24/7,Elena Voss,41722.97,2222533.35
CUST-00242,Sarah Drake,sarah.drake@mendezclinical.com,Mendez Clinical,Italy,Europe/Rome,(982)772-2992,Starter,Past Due,2022-08-09,2026-08-08,2026-07-28 16:30,Italian,Standard,,367.2,18081.68
CUST-00243,Philip Hall,philip.hall@miketonmedical.com,Miketon Medical,India,Asia/Kolkata,+1-438-856-7700x51844,Professional,Active,2017-09-14,2026-09-12,2026-07-07 00:58,Hindi,Priority,,8267.1,756600.15
CUST-00244,Holly Valdez,holly.valdez@newjohnburybank.com,New Johnbury Bank,Philippines,Asia/Manila,665.557.7908x27231,Enterprise,Active,2015-04-30,2027-04-27,2026-07-02 21:27,English,Premium 24/7,Dante Russo,73607.13,10199064.05
CUST-00245,Christopher Guzman,christopher.guzman@lakejerrymouthsoftwa.com,Lake Jerrymouth Software,South Africa,Africa/Johannesburg,001-417-477-3926x0302,Starter,Active,2022-08-08,2026-08-07,2026-06-30 08:35,English,Standard,,285.55,12714.4
CUST-00246,Amanda Armstrong,amanda.armstrong@brownsystems.com,Brown Systems,Sweden,Europe/Stockholm,928-969-9041x379,Starter,Active,2015-04-18,2026-08-18,2026-07-26 01:44,Swedish,Standard,,466.08,63610.25
CUST-00247,Ronald Burke,ronald.burke@nortonhealth.com,Norton Health,Germany,Europe/Berlin,001-429-384-2579x91366,Enterprise,Active,2015-11-08,2026-11-05,2026-07-14 17:18,German,Premium 24/7,Aisha Bello,94839.52,12739298.17
CUST-00248,Joseph Blankenship,joseph.blankenship@serranovilletravel.com,Serranoville Travel,South Africa,Africa/Johannesburg,(979)490-8811,Professional,Active,2015-04-11,2027-04-08,2026-07-24 02:19,English,Priority,,5390.68,754337.45
CUST-00249,Kimberly Smith,kimberly.smith@pacecapital.com,Pace Capital,Australia,Australia/Melbourne,+1-368-865-0863x76599,Professional,Active,2017-09-24,2026-08-08,2026-06-22 17:29,English,Priority,,1287.21,121641.76
CUST-00250,John Hall,john.hall@trevinotechnologies.com,Trevino Technologies,Japan,Asia/Tokyo,898-564-3009x8180,Professional,Active,2021-07-22,2026-08-25,2026-07-09 15:28,English,Priority,,5370.8,285379.31
CUST-00251,Emily Cox,emily.cox@southdeniseair.com,South Denise Air,Japan,Asia/Tokyo,948-469-5946x368,Starter,Active,2020-02-17,2026-08-14,2026-07-06 11:08,English,Standard,Liam O'Sullivan,438.49,30947.26
CUST-00252,Justin King,justin.king@beckyfurtgoodsco.com,Beckyfurt Goods Co.,Singapore,Asia/Singapore,001-221-437-2138x6589,Starter,Active,2018-04-20,2027-04-18,2026-07-29 02:46,English,Standard,Grace Kim,555.59,53373.51
CUST-00253,Mark Brock,mark.brock@southsaramedical.com,South Sara Medical,Spain,Europe/Madrid,(211)443-5190x66984,Professional,Active,2025-10-01,2026-10-01,2026-07-14 07:57,English,Priority,,8265.39,76966.39
CUST-00254,Jessica Harris,jessica.harris@jameshavengoodsco.com,Jameshaven Goods Co.,Australia,Australia/Melbourne,839.520.5302x14656,Professional,Active,2018-11-18,2026-11-16,2026-06-30 18:36,English,Priority,,8723.0,691950.62
CUST-00255,Nancy Jones,nancy.jones@davislabs.com,Davis Labs,United Arab Emirates,Asia/Dubai,689-455-4393x7690,Starter,Active,2019-10-19,2026-08-13,2026-07-13 15:58,English,Standard,Priya Natarajan,589.27,47545.46
CUST-00256,Brian Jones,brian.jones@matthewvilleair.com,Matthewville Air,Australia,Australia/Melbourne,248.994.7697x35779,Professional,Active,2023-08-26,2026-08-10,2026-06-23 16:16,English,Priority,Dante Russo,8313.41,296708.87
CUST-00257,Austin Schultz,austin.schultz@lakejacquelinesystem.com,Lake Jacqueline Systems,Netherlands,Europe/Amsterdam,465-988-0434x16518,Starter,Past Due,2025-01-10,2027-01-10,2026-07-30 08:13,Dutch,Standard,,378.14,7163.04
CUST-00258,Daniel Berry,daniel.berry@lakefeliciapayments.com,Lake Felicia Payments,Mexico,America/Mexico_City,573.733.4333,Professional,Active,2025-11-25,2026-11-25,2026-07-30 13:01,Spanish,Priority,,2616.76,20470.92
CUST-00259,Brian Mora,brian.mora@lowefinancial.com,Lowe Financial,Japan,Asia/Tokyo,+1-479-608-0759x57947,Enterprise,Active,2024-04-03,2027-04-03,2026-07-31 09:05,Japanese,Premium 24/7,Liam O'Sullivan,90113.32,2578368.46
CUST-00260,Paul Anderson,paul.anderson@mendozasidepayments.com,Mendozaside Payments,Canada,America/Toronto,7852627187,Professional,Trial,2026-07-31,2026-08-14,2026-08-02 14:38,English,Priority,,0.0,0.0
CUST-00261,Daniel Carpenter,daniel.carpenter@michaelviewwealth.com,Michaelview Wealth,United States,America/New_York,(484)934-7955,Professional,Active,2018-07-08,2027-07-06,2026-07-28 19:02,English,Priority,,2569.86,238311.89
CUST-00262,Jason Goodwin,jason.goodwin@diazcloud.com,Diaz Cloud,United States,America/New_York,(847)529-2931x4386,Enterprise,Active,2024-10-13,2026-10-13,2026-07-11 18:51,English,Premium 24/7,Hana Sato,14226.23,308493.76
CUST-00263,Tyler Hernandez,tyler.hernandez@eastrobertberggetawa.com,East Robertberg Getaways,United States,America/Denver,+1-288-557-4489x0612,Starter,Active,2015-04-28,2027-04-25,2026-06-19 12:41,English,Standard,,338.57,39869.81
CUST-00264,Karen Soto,karen.soto@colecaresystems.com,Cole Care Systems,Italy,Europe/Rome,445-658-8450x61593,Professional,Active,2021-05-05,2026-08-07,2026-07-15 17:50,English,Priority,,9289.78,526424.99
CUST-00265,Michael Freeman,michael.freeman@prestonfurtcaresyste.com,Prestonfurt Care Systems,Germany,Europe/Berlin,+1-447-722-5699x611,Starter,Active,2017-10-31,2026-10-29,2026-08-02 05:06,German,Standard,,364.06,37196.05
CUST-00266,Evan Carter,evan.carter@adamsgoodsco.com,Adams Goods Co.,Mexico,America/Mexico_City,+1-564-675-9876x2202,Professional,Trial,2026-08-01,2026-08-15,2026-08-01 08:14,English,Priority,,0.0,0.0
CUST-00267,Mercedes Miller,mercedes.miller@jacksonclinical.com,Jackson Clinical,Spain,Europe/Madrid,311-378-0068,Enterprise,Active,2019-02-03,2027-02-01,2026-07-31 16:18,Spanish,Premium 24/7,Priya Natarajan,67461.07,6003196.14
CUST-00268,Christopher Pena,christopher.pena@mcclurefinancial.com,Mcclure Financial,India,Asia/Kolkata,933-947-2282x0055,Professional,Cancelled,2017-02-09,2027-02-07,2018-03-20 21:26,English,Priority,,1493.11,19022.29
CUST-00269,Kimberly Nelson,kimberly.nelson@wallaceclinical.com,Wallace Clinical,South Africa,Africa/Johannesburg,001-982-599-7968x845,Enterprise,Active,2019-07-11,2027-07-09,2026-07-05 05:26,English,Premium 24/7,Grace Kim,10416.96,810190.5
CUST-00270,Jessica Diaz,jessica.diaz@erictowncaresystems.com,Erictown Care Systems,United States,America/Los_Angeles,9826547807,Professional,Active,2025-02-03,2027-02-03,2026-07-04 10:49,English,Priority,,740.97,11960.49
CUST-00271,Jeffrey Carter,jeffrey.carter@portadriancapital.com,Port Adrian Capital,Spain,Europe/Madrid,(336)886-6326x634,Starter,Active,2015-05-19,2027-05-16,2026-07-07 02:25,English,Standard,,211.06,26129.12
CUST-00272,Kellie Marsh,kellie.marsh@justinsidejourneys.com,Justinside Journeys,Japan,Asia/Tokyo,963-512-2417x974,Professional,Past Due,2026-05-09,2027-05-09,2026-07-04 08:13,Japanese,Priority,,4536.19,11668.69
CUST-00273,Christian Booker,christian.booker@eastteresaportretail.com,East Teresaport Retail,United Arab Emirates,Asia/Dubai,627-903-1207x356,Professional,Active,2015-04-24,2026-08-24,2026-07-12 19:20,English,Priority,Tomas Novak,4640.35,657186.9
CUST-00274,Mrs. Raven Rivera DVM,mrs..dvm@lynnhospitalitygroup.com,Lynn Hospitality Group,Australia,Australia/Melbourne,8462187234,Professional,Active,2024-08-26,2026-08-26,2026-07-11 12:55,English,Priority,,2267.14,49533.13
CUST-00275,Randy Wright,randy.wright@wrighttonretail.com,Wrightton Retail,Brazil,America/Sao_Paulo,471.283.7645,Starter,Active,2023-04-10,2027-04-09,2026-07-24 08:15,English,Standard,,565.74,19942.28
CUST-00276,Krista Martinez,krista.martinez@littleboroughpayment.com,Littleborough Payments,Italy,Europe/Rome,(803)513-6502x491,Starter,Trial,2026-07-24,2026-08-07,2026-08-03 07:52,Italian,Standard,,0.0,0.0
CUST-00277,Andrew Logan,andrew.logan@barkerbergcapital.com,Barkerberg Capital,Spain,Europe/Madrid,(313)427-1950x052,Professional,Active,2015-05-19,2027-05-16,2026-07-29 16:34,English,Priority,,4739.6,651121.97
CUST-00278,Eugene Grant DDS,eugene.dds@lindamouthsoftware.com,Lindamouth Software,United States,America/Chicago,001-930-565-2407x7848,Starter,Trial,2026-07-28,2026-08-11,2026-07-30 11:23,English,Standard,,0.0,0.0
CUST-00279,Kimberly Morris,kimberly.morris@hillsidemedical.com,Hillside Medical,Mexico,America/Mexico_City,(918)227-4485,Professional,Active,2021-07-18,2026-08-21,2026-07-20 23:28,Spanish,Priority,,4796.42,302071.74
CUST-00280,Katie Gross,katie.gross@newmelissaburyhospit.com,New Melissabury Hospitality Group,Canada,America/Toronto,318-363-8782x94565,Professional,Trial,2026-07-28,2026-08-11,2026-07-30 20:18,French,Priority,,0.0,0.0
CUST-00281,Andrea Conley,andrea.conley@eastmorgangetaways.com,East Morgan Getaways,Sweden,Europe/Stockholm,617.231.0967,Professional,Active,2015-09-06,2026-09-03,2026-07-05 23:44,Swedish,Priority,,5982.87,675405.3
CUST-00282,Larry Jones,larry.jones@conradhealth.com,Conrad Health,Australia,Australia/Sydney,271.670.5865,Starter,Active,2017-01-10,2026-08-21,2026-06-24 20:59,English,Standard,,276.88,29805.21
CUST-00283,Morgan Davenport,morgan.davenport@eastsusanvillewealth.com,East Susanville Wealth,United States,America/Chicago,438-863-3839,Starter,Active,2022-06-16,2026-08-24,2026-07-23 08:35,English,Standard,,667.41,32011.01
CUST-00284,Pamela Ray,pamela.ray@parkchesterwellness.com,Parkchester Wellness,Sweden,Europe/Stockholm,922-786-8528,Professional,Active,2022-12-13,2026-12-12,2026-06-24 14:19,English,Priority,,2607.0,96676.92
CUST-00285,Krista Shea,krista.shea@kirkbank.com,Kirk Bank,United Arab Emirates,Asia/Dubai,(865)293-9836x84577,Professional,Active,2026-03-12,2027-03-12,2026-07-16 09:38,Arabic,Priority,,8733.5,38252.28
CUST-00286,Victoria Larson,victoria.larson@holmessystems.com,Holmes Systems,Singapore,Asia/Singapore,404-333-5048x8899,Professional,Active,2023-08-25,2026-08-24,2026-07-29 07:33,Mandarin,Priority,,9351.59,307416.37
CUST-00287,Henry Taylor,henry.taylor@richardsoncapital.com,Richardson Capital,United States,America/Denver,001-533-344-1969,Professional,Active,2021-04-07,2027-04-06,2026-07-09 00:09,English,Priority,Priya Natarajan,3567.86,206427.16
CUST-00288,Rebecca Thompson,rebecca.thompson@petersensoftware.com,Petersen Software,United States,America/Chicago,001-891-894-0961x055,Starter,Active,2022-10-30,2026-08-10,2026-07-20 11:29,English,Standard,,169.96,7699.79
CUST-00289,Barbara Townsend,barbara.townsend@adkinswellness.com,Adkins Wellness,United States,America/Denver,+1-506-404-8058x925,Enterprise,Active,2023-09-20,2026-09-19,2026-07-04 12:49,English,Premium 24/7,Dante Russo,108901.63,3333084.88
CUST-00290,Nicholas Long,nicholas.long@mullinsshirehomeandl.com,Mullinsshire Home & Living,South Africa,Africa/Johannesburg,813.664.6225x17908,Starter,Active,2022-02-28,2026-08-06,2026-06-21 23:59,English,Standard,,586.36,28703.32
CUST-00291,Jonathan Ayala,jonathan.ayala@andersonfinancial.com,Anderson Financial,United States,America/Chicago,(578)537-6938,Starter,Active,2021-05-09,2027-05-08,2026-07-04 00:02,English,Standard,,181.0,9861.94
CUST-00292,Ricardo Morris,ricardo.morris@northemilychestersof.com,North Emilychester Software,Canada,America/Toronto,(453)955-9042x597,Starter,Cancelled,2016-07-04,2026-08-11,2018-01-04 04:30,English,Standard,,558.86,10092.81
CUST-00293,Robert Gonzalez,robert.gonzalez@brookslabs.com,Brooks Labs,New Zealand,Pacific/Auckland,001-211-703-9240x51477,Starter,Active,2020-10-13,2026-08-13,2026-07-24 09:34,English,Standard,,213.74,13610.31
CUST-00294,Joshua Harris,joshua.harris@anaberggetaways.com,Anaberg Getaways,Sweden,Europe/Stockholm,001-606-298-0420x439,Professional,Active,2018-08-21,2026-08-09,2026-07-23 11:29,Swedish,Priority,,8081.09,683672.75
CUST-00295,Tony Jones,tony.jones@elizabethstadcaresys.com,Elizabethstad Care Systems,United States,America/New_York,904-363-6815,Starter,Active,2023-11-08,2026-08-24,2026-07-24 04:39,English,Standard,,589.03,16786.83
CUST-00296,Jonathan Ellis,jonathan.ellis@northjohnhavenretail.com,North Johnhaven Retail,Mexico,America/Mexico_City,257-662-0555x4384,Starter,Past Due,2019-09-11,2026-09-09,2026-06-21 18:41,English,Standard,,515.28,41246.23
CUST-00297,Stefanie Briggs,stefanie.briggs@newstacyburyjourneys.com,New Stacybury Journeys,United States,America/Chicago,(856)521-6893,Starter,Cancelled,2019-11-04,2026-08-29,2020-01-25 11:22,English,Standard,,449.76,1207.39
CUST-00298,Jessica Edwards,jessica.edwards@shanebergcaresystems.com,Shaneberg Care Systems,United States,America/Chicago,829.483.2482,Professional,Trial,2026-07-22,2026-08-05,2026-07-25 17:24,English,Priority,,0.0,0.0
CUST-00299,Krystal Moore,krystal.moore@jonesclinical.com,Jones Clinical,Canada,America/Toronto,+1-612-952-0566,Starter,Active,2023-03-11,2026-08-22,2026-07-16 03:10,English,Standard,,488.06,17528.28
CUST-00300,Samantha Walsh,samantha.walsh@edwinboroughtechnolo.com,Edwinborough Technologies,India,Asia/Kolkata,522-509-9499,Professional,Cancelled,2023-07-02,2026-08-15,2025-07-15 00:26,English,Priority,,9855.08,216691.21
CUST-00301,Alexander Miller,alexander.miller@chansystems.com,Chan Systems,Sweden,Europe/Stockholm,(489)475-2677,Starter,Active,2015-07-12,2026-08-13,2026-07-08 00:19,Swedish,Standard,,313.41,42183.84
CUST-00302,Andrew Duran,andrew.duran@weststephanieburyget.com,West Stephaniebury Getaways,Brazil,America/Sao_Paulo,001-233-812-7975x7366,Professional,Active,2017-04-11,2027-04-09,2026-06-27 08:23,Portuguese,Priority,,4559.22,473575.17
CUST-00303,Jennifer Crosby,jennifer.crosby@newdanielmouthoutfit.com,New Danielmouth Outfitters,Canada,America/Vancouver,2385860868,Starter,Trial,2026-07-22,2026-08-05,2026-08-03 18:24,English,Standard,,0.0,0.0
CUST-00304,James Torres,james.torres@stevenchestersoftwar.com,Stevenchester Software,Italy,Europe/Rome,490-882-7718x1298,Starter,Active,2015-06-02,2026-08-03,2026-06-22 09:33,Italian,Standard,,519.71,66193.18
CUST-00305,Jerry White,jerry.white@southchristopherfina.com,South Christopher Financial,United Kingdom,Europe/London,821-211-7518x68926,Enterprise,Cancelled,2026-06-25,2028-06-24,2026-03-20 00:00,English,Premium 24/7,Grace Kim,38268.13,0.0
CUST-00306,Susan Cunningham,susan.cunningham@kellercapital.com,Keller Capital,Italy,Europe/Rome,(622)420-6447,Starter,Active,2019-07-24,2026-08-16,2026-07-22 07:15,Italian,Standard,,409.87,35754.12
CUST-00307,Carlos Harris,carlos.harris@deanmarketplace.com,Dean Marketplace,United States,America/Denver,907-977-8097x339,Starter,Active,2015-09-15,2026-08-18,2026-07-28 14:39,English,Standard,,249.98,30180.02
CUST-00308,Bobby Greene,bobby.greene@newjoshuaretail.com,New Joshua Retail,United Arab Emirates,Asia/Dubai,+1-683-702-2050x2099,Starter,Active,2018-06-22,2027-06-20,2026-06-26 09:28,English,Standard,,249.3,21654.93
CUST-00309,Amber Butler,amber.butler@eastemilycaresystems.com,East Emily Care Systems,Singapore,Asia/Singapore,+1-799-882-7950x145,Professional,Cancelled,2015-07-29,2026-08-30,2015-09-11 20:47,Mandarin,Priority,,4125.0,5848.97
CUST-00310,Olivia Bridges,olivia.bridges@westthomasvillemarke.com,West Thomasville Marketplace,United States,America/New_York,001-345-986-8339x019,Professional,Cancelled,2023-03-29,2027-03-28,2024-04-27 10:25,English,Priority,Liam O'Sullivan,7928.75,91545.58
CUST-00311,Lisa French,lisa.french@mannhealth.com,Mann Health,Sweden,Europe/Stockholm,(995)448-9952x99787,Enterprise,Active,2026-02-24,2028-02-24,2026-08-01 11:22,English,Premium 24/7,Dante Russo,48049.58,216447.11
CUST-00312,Crystal Roberts,crystal.roberts@northdavidsoftware.com,North David Software,Ireland,Europe/Dublin,513.696.6055x830,Enterprise,Active,2022-10-29,2028-10-27,2026-07-13 16:43,English,Premium 24/7,Hana Sato,29837.89,1258756.37
CUST-00313,Barry Evans,barry.evans@piercecaresystems.com,Pierce Care Systems,Germany,Europe/Berlin,001-901-255-6990x23557,Starter,Active,2019-09-13,2026-08-07,2026-07-22 04:27,German,Standard,,600.3,45307.48
CUST-00314,Karen Burton,karen.burton@mcclainhealth.com,Mcclain Health,Singapore,Asia/Singapore,+1-257-560-8495,Professional,Active,2015-10-28,2026-08-31,2026-07-15 09:28,Mandarin,Priority,,2994.22,342957.97
CUST-00315,Evelyn Hendricks,evelyn.hendricks@flynnclinical.com,Flynn Clinical,United Arab Emirates,Asia/Dubai,824-405-6829,Professional,Active,2020-05-15,2027-05-14,2026-06-24 22:49,English,Priority,,8121.03,560062.29
CUST-00316,Sharon Walton,sharon.walton@thorntonsystems.com,Thornton Systems,Spain,Europe/Madrid,304-761-7357x43842,Starter,Active,2015-07-01,2027-06-28,2026-07-31 06:48,Spanish,Standard,,481.71,60757.39
CUST-00317,Paula Gentry,paula.gentry@wallacelabs.com,Wallace Labs,France,Europe/Paris,7784235784,Professional,Active,2023-09-11,2026-09-10,2026-07-25 19:34,French,Priority,,7367.59,262121.71
CUST-00318,Annette Hendrix,annette.hendrix@blackclinical.com,Black Clinical,United Kingdom,Europe/London,(230)376-8104,Professional,Active,2016-04-07,2027-04-05,2026-07-08 09:29,English,Priority,,1163.87,148536.45
CUST-00319,Stephen Garcia,stephen.garcia@andrewportsoftware.com,Andrewport Software,Sweden,Europe/Stockholm,+1-435-633-4485x7142,Starter,Active,2018-03-13,2027-03-11,2026-06-20 05:29,Swedish,Standard,Marcus Webb,281.82,27791.74
CUST-00320,Tyler Castro,tyler.castro@garciafinancial.com,Garcia Financial,Brazil,America/Sao_Paulo,+1-458-354-2493,Professional,Active,2017-01-27,2027-01-25,2026-07-21 19:10,English,Priority,,1052.09,123967.35
CUST-00321,Steven Fernandez,steven.fernandez@eastanthonytoncapita.com,East Anthonyton Capital,Japan,Asia/Tokyo,960-716-6299,Starter,Active,2024-07-28,2026-08-17,2026-07-17 09:40,Japanese,Standard,,201.62,4141.49
CUST-00322,Robert Marquez,robert.marquez@lamberttravel.com,Lambert Travel,United Arab Emirates,Asia/Dubai,+1-617-992-1717,Professional,Active,2015-04-17,2027-04-14,2026-07-02 18:42,English,Priority,,6621.18,870353.29
CUST-00323,Travis Thomas,travis.thomas@robertafurtcaresyste.com,Robertafurt Care Systems,United Kingdom,Europe/London,(755)977-0171,Professional,Trial,2026-07-28,2026-08-11,2026-07-28 04:54,English,Priority,,0.0,0.0
CUST-00324,Christopher Tate,christopher.tate@munozretail.com,Munoz Retail,United States,America/Denver,(981)861-5814,Starter,Active,2019-02-21,2027-02-19,2026-06-21 02:49,English,Standard,,421.52,37715.11
CUST-00325,Cynthia Sanchez,cynthia.sanchez@mooreoutfitters.com,Moore Outfitters,Singapore,Asia/Singapore,361.953.9669x5832,Starter,Trial,2026-07-22,2026-08-05,2026-07-25 19:03,English,Standard,,0.0,0.0
CUST-00326,Kyle Nguyen,kyle.nguyen@portseanportcloud.com,Port Seanport Cloud,United States,America/Denver,(219)419-6570x1329,Enterprise,Active,2022-04-05,2028-04-03,2026-07-11 04:39,English,Premium 24/7,Grace Kim,88071.36,4335956.18
CUST-00327,Jodi Carter,jodi.carter@gonzalezmouthmedical.com,Gonzalezmouth Medical,Canada,America/Toronto,294-765-1909x8624,Enterprise,Active,2015-09-13,2027-09-10,2026-07-02 19:26,French,Premium 24/7,Priya Natarajan,34578.03,4567123.69
CUST-00328,Tracy Smith,tracy.smith@danielportgoodsco.com,Danielport Goods Co.,Canada,America/Vancouver,8365965666,Starter,Active,2021-11-23,2026-11-22,2026-06-19 03:43,French,Standard,,568.68,27388.29
CUST-00329,Karen Lopez,karen.lopez@bridgesstadbank.com,Bridgesstad Bank,Canada,America/Toronto,(824)922-0102x76212,Enterprise,Active,2025-10-21,2026-10-21,2026-07-29 14:57,French,Premium 24/7,Liam O'Sullivan,60455.49,487463.64
CUST-00330,Melissa Conrad,melissa.conrad@southwilliamgetaways.com,South William Getaways,Australia,Australia/Melbourne,+1-976-553-2690,Starter,Active,2019-11-01,2026-10-30,2026-07-11 02:09,English,Standard,,375.94,29703.4
CUST-00331,Debra House,debra.house@johnstonclinical.com,Johnston Clinical,Canada,America/Toronto,4096751971,Professional,Past Due,2022-01-28,2027-01-27,2026-06-21 08:26,English,Priority,,3913.14,215090.71
CUST-00332,Blake Wu,blake.wu@daviswealth.com,Davis Wealth,Germany,Europe/Berlin,918.794.9058x0778,Starter,Trial,2026-07-21,2026-08-04,2026-07-28 16:09,German,Standard,,0.0,0.0
CUST-00333,Tyler Yates,tyler.yates@robertsair.com,Roberts Air,Australia,Australia/Melbourne,2946940792,Enterprise,Trial,2026-07-22,2026-08-05,2026-07-30 03:00,English,Premium 24/7,Priya Natarajan,0.0,0.0
CUST-00334,Lori Mitchell,lori.mitchell@eastwilliamviewhospi.com,East Williamview Hospitality Group,United States,America/Denver,929-744-4019x292,Starter,Active,2022-03-03,2026-08-09,2026-07-29 06:20,English,Standard,,293.28,15611.58
CUST-00335,Debbie Haynes,debbie.haynes@washingtonoutfitters.com,Washington Outfitters,Mexico,America/Mexico_City,705.212.9276x63723,Starter,Active,2017-06-16,2027-06-14,2026-07-09 08:09,English,Standard,,194.85,20757.69
CUST-00336,Nicole Wilson,nicole.wilson@jacksonwellness.com,Jackson Wellness,France,Europe/Paris,(274)678-3667x4286,Starter,Past Due,2016-04-17,2027-04-15,2026-07-16 12:11,English,Standard,,307.94,33830.07
CUST-00337,Joan Gregory,joan.gregory@northsamanthastadhea.com,North Samanthastad Health,United Arab Emirates,Asia/Dubai,(794)454-4149x67393,Professional,Active,2018-02-12,2026-08-29,2026-08-02 14:06,English,Priority,,7636.87,806623.45
CUST-00338,Adam Smith,adam.smith@northroberthavencare.com,North Roberthaven Care Systems,United States,America/Chicago,375-234-4300,Starter,Active,2022-07-28,2027-07-27,2026-06-23 15:07,English,Standard,,203.29,9004.56
CUST-00339,Mary Houston,mary.houston@sampsonwealth.com,Sampson Wealth,Japan,Asia/Tokyo,+1-911-319-2692x1244,Professional,Trial,2026-07-29,2026-08-12,2026-08-02 14:25,English,Priority,,0.0,0.0
CUST-00340,Tammy Hill,tammy.hill@simmonssoftware.com,Simmons Software,Australia,Australia/Sydney,+1-954-321-4066x50442,Professional,Active,2024-12-04,2026-12-04,2026-08-02 07:11,English,Priority,,7301.47,140882.95
CUST-00341,Timothy Bishop Jr.,timothy.jr.@rodriguezsidehealth.com,Rodriguezside Health,France,Europe/Paris,001-263-991-7410x11947,Starter,Cancelled,2016-09-21,2026-08-30,2017-10-15 05:37,French,Standard,,199.05,2614.94
CUST-00342,Martin Fitzpatrick,martin.fitzpatrick@adamsmouthgoodsco.com,Adamsmouth Goods Co.,Philippines,Asia/Manila,(990)387-7661x8306,Professional,Active,2025-03-11,2026-08-03,2026-07-09 09:36,English,Priority,Hana Sato,6404.36,103507.33
CUST-00343,Taylor Howard,taylor.howard@richardlandwellness.com,Richardland Wellness,India,Asia/Kolkata,(685)817-4328x063,Professional,Active,2016-05-09,2027-05-07,2026-07-11 03:55,Hindi,Priority,Dante Russo,7455.58,850172.76
CUST-00344,Lydia Howard,lydia.howard@millersystems.com,Miller Systems,France,Europe/Paris,+1-673-920-3093x7618,Professional,Active,2025-10-24,2026-10-24,2026-07-12 13:09,English,Priority,Nadia Farouk,2104.56,16852.14
CUST-00345,Sandra Cole,sandra.cole@northmatthewmouthpay.com,North Matthewmouth Payments,United States,America/New_York,001-406-913-8782x9310,Enterprise,Active,2018-03-29,2028-03-26,2026-08-02 19:59,English,Premium 24/7,Tomas Novak,21277.79,1991714.67
CUST-00346,Kaitlin Hardin,kaitlin.hardin@williamstechnologies.com,Williams Technologies,Sweden,Europe/Stockholm,001-320-320-4179x291,Starter,Active,2026-05-02,2026-08-30,2026-07-06 13:59,English,Standard,,107.36,321.55
CUST-00347,Robert Walker PhD,robert.phd@rogersfurtwellness.com,Rogersfurt Wellness,United States,America/Los_Angeles,419-882-5309x25114,Starter,Active,2021-06-06,2027-06-05,2026-07-28 02:15,English,Standard,,691.25,37014.02
CUST-00348,Jacob Martin,jacob.martin@sanchezclinical.com,Sanchez Clinical,Philippines,Asia/Manila,001-302-219-6207,Starter,Active,2015-05-28,2027-05-25,2026-07-19 18:46,English,Standard,,305.35,35111.78
CUST-00349,Timothy Mann,timothy.mann@wheelergetaways.com,Wheeler Getaways,India,Asia/Kolkata,267-423-2487x6329,Professional,Active,2016-04-26,2026-09-01,2026-07-28 00:18,Hindi,Priority,,7514.19,931947.69
CUST-00350,Lisa Miller,lisa.miller@serranowealth.com,Serrano Wealth,Ireland,Europe/Dublin,556-908-3318x1958,Professional,Active,2017-08-30,2026-08-13,2026-06-28 21:28,English,Priority,,4682.83,449838.2
CUST-00351,Mary Hill,mary.hill@leehealth.com,Lee Health,Canada,America/Toronto,(577)822-0054,Starter,Active,2018-08-14,2026-09-01,2026-07-13 07:42,French,Standard,,200.43,19100.76
CUST-00352,Luis Wu,luis.wu@williamstonoutfitter.com,Williamston Outfitters,Netherlands,Europe/Amsterdam,+1-922-707-8113,Starter,Active,2024-02-08,2027-02-07,2026-07-23 07:24,English,Standard,,186.57,5202.84
CUST-00353,Paul Villanueva,paul.villanueva@portdanielsystems.com,Port Daniel Systems,Germany,Europe/Berlin,913.263.6317,Enterprise,Active,2016-01-31,2028-01-28,2026-07-16 19:58,English,Premium 24/7,Connor Whitfield,26697.54,2925852.13
CUST-00354,Brianna Reilly,brianna.reilly@gibsonwellness.com,Gibson Wellness,Philippines,Asia/Manila,(652)473-5435x2090,Professional,Active,2019-07-14,2026-08-06,2026-06-30 10:35,English,Priority,,1213.68,89308.92
CUST-00355,John Barnes,john.barnes@wolftechnologies.com,Wolf Technologies,United States,America/Los_Angeles,349.829.2983,Starter,Active,2015-09-11,2026-09-08,2026-07-27 21:57,English,Standard,Nadia Farouk,165.24,18873.15
CUST-00356,Katherine Forbes,katherine.forbes@hoodviewpayments.com,Hoodview Payments,India,Asia/Kolkata,4632356939,Enterprise,Active,2019-04-22,2027-04-20,2026-07-18 21:59,English,Premium 24/7,Nadia Farouk,65813.86,5204420.76
CUST-00357,Andrew Esparza,andrew.esparza@quinnair.com,Quinn Air,Italy,Europe/Rome,506.486.7177x31806,Starter,Active,2023-09-30,2026-08-15,2026-07-05 08:11,English,Standard,,243.46,7345.86
CUST-00358,David Duarte,david.duarte@southelizabethburghg.com,South Elizabethburgh Goods Co.,Australia,Australia/Sydney,001-279-390-7726x257,Starter,Active,2017-07-18,2027-07-16,2026-06-21 02:04,English,Standard,,85.45,8154.81
CUST-00359,Michael Schmidt,michael.schmidt@ronaldviewretail.com,Ronaldview Retail,Philippines,Asia/Manila,001-398-893-1950x850,Starter,Active,2023-12-09,2026-12-08,2026-07-20 15:27,English,Standard,,133.5,3607.61
CUST-00360,Manuel Diaz,manuel.diaz@lakeangelicasoftware.com,Lake Angelica Software,Brazil,America/Sao_Paulo,583-525-3817,Enterprise,Active,2021-12-14,2027-12-13,2026-06-24 11:34,English,Premium 24/7,Marcus Webb,60999.7,3078685.35
CUST-00361,Steven Gordon,steven.gordon@hendersonwealth.com,Henderson Wealth,Canada,America/Vancouver,9156577881,Starter,Active,2023-11-29,2026-08-15,2026-07-20 02:56,French,Standard,,169.25,4644.96
CUST-00362,Jacob Nunez,jacob.nunez@steelepayments.com,Steele Payments,Japan,Asia/Tokyo,337-411-6241,Professional,Active,2026-05-15,2026-08-13,2026-06-20 01:21,Japanese,Priority,,910.16,2107.8
CUST-00363,Michael Crawford,michael.crawford@newstephaniewellness.com,New Stephanie Wellness,Philippines,Asia/Manila,2466827567,Enterprise,Active,2020-05-21,2028-05-19,2026-07-30 00:30,English,Premium 24/7,Dante Russo,85753.38,5439605.55
CUST-00364,Alex Pham,alex.pham@robertmouthoutfitter.com,Robertmouth Outfitters,Philippines,Asia/Manila,+1-657-598-8774x9242,Starter,Active,2016-08-05,2026-08-03,2026-07-28 07:04,English,Standard,,624.24,65414.19
CUST-00365,Dr. Randy Williams,dr..williams@gomezclinical.com,Gomez Clinical,Mexico,America/Mexico_City,229.728.4222x231,Professional,Trial,2026-08-01,2026-08-15,2026-08-02 04:48,English,Priority,,0.0,0.0
CUST-00366,Jessica Wood,jessica.wood@harriswealth.com,Harris Wealth,Sweden,Europe/Stockholm,001-205-852-5782x841,Starter,Trial,2026-08-01,2026-08-15,2026-08-01 00:11,Swedish,Standard,,0.0,0.0
CUST-00367,Patricia Gould,patricia.gould@reillylabs.com,Reilly Labs,Italy,Europe/Rome,(408)985-4749,Professional,Active,2024-05-27,2026-08-15,2026-06-21 19:11,English,Priority,,1722.08,45382.45
CUST-00368,Brian Mendoza,brian.mendoza@eastericavillesoftwa.com,East Ericaville Software,Netherlands,Europe/Amsterdam,506-693-7515x0939,Starter,Cancelled,2017-04-22,2026-08-03,2018-09-24 02:52,Dutch,Standard,,221.07,3316.33
CUST-00369,Bradley Atkinson,bradley.atkinson@rhodeslabs.com,Rhodes Labs,Australia,Australia/Sydney,286-737-5998,Enterprise,Active,2023-05-01,2027-04-30,2026-07-28 14:02,English,Premium 24/7,Ben Ashworth,10509.74,363378.77
CUST-00370,Mike Patterson,mike.patterson@watsonportmarketplac.com,Watsonport Marketplace,New Zealand,Pacific/Auckland,(854)878-1376x742,Starter,Active,2025-02-19,2027-02-19,2026-07-01 23:43,English,Standard,,153.78,2324.0
CUST-00371,Kevin Miller,kevin.miller@clarklabs.com,Clark Labs,South Africa,Africa/Johannesburg,985.419.6106x4628,Starter,Active,2026-01-10,2027-01-10,2026-07-02 19:29,English,Standard,,184.02,1096.15
CUST-00372,Ronnie Roberts,ronnie.roberts@henryjourneys.com,Henry Journeys,Netherlands,Europe/Amsterdam,394-678-7300x2447,Starter,Active,2021-06-15,2026-08-18,2026-07-18 13:10,English,Standard,,324.22,20118.07
CUST-00373,John Watts,john.watts@northdavidmedical.com,North David Medical,Philippines,Asia/Manila,771-295-9796x471,Professional,Active,2024-05-24,2026-08-12,2026-07-02 18:30,English,Priority,,7444.94,175964.89
CUST-00374,Carla Brown,carla.brown@florescloud.com,Flores Cloud,France,Europe/Paris,001-325-520-4565x044,Enterprise,Cancelled,2015-04-11,2027-04-08,2016-09-08 14:29,English,Premium 24/7,Liam O'Sullivan,94087.91,1500003.46
CUST-00375,Catherine Davis,catherine.davis@newmarcushomeandlivi.com,New Marcus Home & Living,United Kingdom,Europe/London,944-851-8952x02845,Professional,Active,2020-01-19,2027-01-17,2026-07-30 02:01,English,Priority,,2982.93,238959.94
CUST-00376,Thomas Garcia,thomas.garcia@newjeffreyhealth.com,New Jeffrey Health,South Africa,Africa/Johannesburg,389.388.8167,Professional,Active,2024-04-02,2026-08-20,2026-07-29 14:45,English,Priority,Marcus Webb,6953.33,178385.17
CUST-00377,Tammy Mendoza,tammy.mendoza@hannahberghospitalit.com,Hannahberg Hospitality Group,United States,America/Chicago,698.452.4013x223,Professional,Active,2019-10-22,2026-08-16,2026-07-10 23:59,English,Priority,,6608.31,468823.26
CUST-00378,William Coleman,william.coleman@hinescloud.com,Hines Cloud,Netherlands,Europe/Amsterdam,210-976-0310,Starter,Active,2016-08-30,2026-08-08,2026-06-27 10:15,Dutch,Standard,,595.47,70224.4
CUST-00379,David Jones,david.jones@contrerasbank.com,Contreras Bank,United Arab Emirates,Asia/Dubai,001-711-793-9325x01249,Starter,Active,2021-05-18,2027-05-17,2026-07-17 15:32,Arabic,Standard,,547.83,32743.79
CUST-00380,Jonathan Chandler,jonathan.chandler@allencloud.com,Allen Cloud,Germany,Europe/Berlin,001-411-290-8334,Professional,Active,2016-08-19,2026-08-27,2026-06-24 02:25,German,Priority,,1356.75,146655.6
CUST-00381,Annette Lewis,annette.lewis@gordonpayments.com,Gordon Payments,Brazil,America/Sao_Paulo,001-575-892-7125x663,Starter,Cancelled,2015-09-02,2026-08-05,2016-01-16 00:48,English,Standard,,76.37,292.16
CUST-00382,William Martinez,william.martinez@newderekstadwealth.com,New Derekstad Wealth,New Zealand,Pacific/Auckland,001-648-901-5716x479,Starter,Active,2022-06-25,2026-08-03,2026-07-22 17:28,English,Standard,,199.44,8950.15
CUST-00383,Jason Mercer,jason.mercer@pattersonjourneys.com,Patterson Journeys,New Zealand,Pacific/Auckland,375-320-7167,Enterprise,Active,2016-03-22,2027-03-20,2026-07-28 05:45,English,Premium 24/7,Elena Voss,26265.66,3228626.41
CUST-00384,James Garza,james.garza@garciacapital.com,Garcia Capital,Mexico,America/Mexico_City,(515)835-3961,Starter,Active,2017-12-31,2026-12-29,2026-07-02 17:45,Spanish,Standard,,346.36,33530.64
CUST-00385,Diana Reeves,diana.reeves@perkinscaresystems.com,Perkins Care Systems,Canada,America/Toronto,365-679-6784x271,Starter,Cancelled,2018-06-03,2027-06-01,2018-07-08 07:20,French,Standard,,346.18,386.99
CUST-00386,David Dunlap Jr.,david.jr.@portcarlostownwealth.com,Port Carlostown Wealth,Japan,Asia/Tokyo,(369)952-4991,Enterprise,Active,2017-09-06,2026-09-04,2026-08-01 17:07,English,Premium 24/7,Priya Natarajan,49366.77,4715345.96
CUST-00387,Christina Bates,christina.bates@henryoutfitters.com,Henry Outfitters,Netherlands,Europe/Amsterdam,885-988-0061x675,Professional,Active,2020-02-22,2027-02-20,2026-07-23 14:43,Dutch,Priority,Hana Sato,3340.79,250658.32
CUST-00388,Andrew Hawkins,andrew.hawkins@daltonoutfitters.com,Dalton Outfitters,Australia,Australia/Melbourne,927-962-4671x9788,Professional,Active,2023-10-28,2026-10-27,2026-07-11 09:28,English,Priority,,7715.0,238627.7
CUST-00389,Brooke Brown,brooke.brown@troyfurtjourneys.com,Troyfurt Journeys,Sweden,Europe/Stockholm,+1-254-750-0902x559,Enterprise,Active,2024-06-14,2027-06-14,2026-06-28 06:19,English,Premium 24/7,Grace Kim,27463.14,732349.96
CUST-00390,Jeffrey Braun,jeffrey.braun@jenkinssoftware.com,Jenkins Software,United Arab Emirates,Asia/Dubai,3337349114,Professional,Active,2019-01-31,2026-08-22,2026-06-27 06:11,English,Priority,,7226.86,660432.46
CUST-00391,Joshua Johnson,joshua.johnson@bradleychesterhospit.com,Bradleychester Hospitality Group,Japan,Asia/Tokyo,907-390-5696x591,Professional,Active,2015-03-21,2027-03-18,2026-07-29 20:30,Japanese,Priority,,4745.54,613874.35
CUST-00392,Christine Crawford,christine.crawford@cainfinancial.com,Cain Financial,Brazil,America/Sao_Paulo,+1-252-694-5637x18344,Starter,Cancelled,2016-08-28,2026-08-26,2017-11-18 04:27,English,Standard,Marcus Webb,371.88,5258.28
CUST-00393,Jennifer Perez PhD,jennifer.phd@daviswealth.com,Davis Wealth,Ireland,Europe/Dublin,001-819-554-1987,Starter,Past Due,2018-03-14,2027-03-12,2026-07-12 13:40,English,Standard,,319.78,33376.65
CUST-00394,Billy Colon,billy.colon@ryansidecapital.com,Ryanside Capital,Australia,Australia/Melbourne,936-564-9878x20829,Professional,Active,2022-05-25,2026-09-01,2026-07-08 08:43,English,Priority,,6320.01,270831.67
CUST-00395,Samantha Hurley,samantha.hurley@sharonsideair.com,Sharonside Air,Australia,Australia/Melbourne,+1-869-808-3572x324,Starter,Cancelled,2018-10-26,2026-10-24,2019-01-30 20:52,English,Standard,,122.91,339.66
CUST-00396,Ronald Brown,ronald.brown@harristechnologies.com,Harris Technologies,United States,America/New_York,(644)924-9363x12303,Starter,Trial,2026-07-22,2026-08-05,2026-07-23 07:08,English,Standard,,0.0,0.0
CUST-00397,Dr. Javier Bullock,dr..bullock@eastjosephmarketplac.com,East Joseph Marketplace,United States,America/Chicago,3447820700,Professional,Active,2026-01-09,2027-01-09,2026-06-21 21:32,English,Priority,,3836.81,23522.2
CUST-00398,Sharon Lester,sharon.lester@mosleylandretail.com,Mosleyland Retail,United States,America/New_York,(523)319-8189x8471,Starter,Past Due,2019-04-22,2027-04-20,2026-06-28 23:17,English,Standard,,530.18,45043.01
CUST-00399,Emily Collier,emily.collier@mclaughlinhealth.com,Mclaughlin Health,Australia,Australia/Melbourne,001-236-932-1234x7649,Professional,Active,2020-01-11,2026-08-07,2026-06-29 17:00,English,Priority,Grace Kim,7576.44,576960.17
CUST-00400,Melissa Rodriguez,melissa.rodriguez@wellsburygoodsco.com,Wellsbury Goods Co.,Sweden,Europe/Stockholm,825-675-4090x034,Enterprise,Active,2020-04-07,2028-04-05,2026-06-26 14:07,Swedish,Premium 24/7,Liam O'Sullivan,47016.48,3427341.05
CUST-00401,Mercedes Leach,mercedes.leach@jenningsoutfitters.com,Jennings Outfitters,United States,America/Chicago,+1-537-660-6441,Starter,Active,2022-02-27,2027-02-26,2026-07-24 13:18,English,Standard,,142.37,7642.14
CUST-00402,Steve Moon,steve.moon@welchjourneys.com,Welch Journeys,Mexico,America/Mexico_City,001-360-741-7765x61248,Professional,Active,2024-01-20,2026-08-07,2026-06-24 03:09,English,Priority,,2026.78,63343.47
CUST-00403,Nicholas Kelley,nicholas.kelley@shawntownoutfitters.com,Shawntown Outfitters,Canada,America/Toronto,001-502-472-0634x59112,Starter,Active,2024-03-24,2026-08-11,2026-07-20 08:48,French,Standard,,660.47,17209.76
CUST-00404,Melissa Sparks,melissa.sparks@shannonbergwellness.com,Shannonberg Wellness,Mexico,America/Mexico_City,529-254-3165x266,Professional,Active,2025-05-11,2027-05-11,2026-07-20 07:40,Spanish,Priority,,1199.24,16760.71
CUST-00405,Tammy Holland,tammy.holland@northterripayments.com,North Terri Payments,United States,America/New_York,442.306.9694,Starter,Active,2017-04-28,2026-08-09,2026-07-20 14:12,English,Standard,,477.43,50857.33
CUST-00406,Carolyn Bradley,carolyn.bradley@smithclinical.com,Smith Clinical,New Zealand,Pacific/Auckland,567.571.3334x47626,Professional,Cancelled,2017-10-31,2026-10-29,2018-06-15 02:30,English,Priority,,5525.64,36217.87
CUST-00407,Diane Byrd MD,diane.md@sparkstownbank.com,Sparkstown Bank,Italy,Europe/Rome,743-897-3597x1072,Professional,Active,2026-03-01,2026-08-28,2026-07-25 15:30,Italian,Priority,,6162.18,30184.19
CUST-00408,Michelle Erickson,michelle.erickson@charlessidecaresyste.com,Charlesside Care Systems,Spain,Europe/Madrid,2056375990,Starter,Active,2016-03-04,2027-03-02,2026-07-26 00:48,English,Standard,,411.61,47386.03
CUST-00409,Jane Madden,jane.madden@lambertgoodsco.com,Lambert Goods Co.,Netherlands,Europe/Amsterdam,(780)992-4287,Professional,Active,2016-08-18,2026-08-16,2026-06-20 17:20,Dutch,Priority,,7113.65,875442.89
CUST-00410,Evan Moreno,evan.moreno@westdarrylmarketplac.com,West Darryl Marketplace,Ireland,Europe/Dublin,6277456449,Enterprise,Active,2023-12-01,2027-11-30,2026-06-25 22:43,English,Premium 24/7,Connor Whitfield,56068.29,1801232.98
CUST-00411,Christopher Doyle,christopher.doyle@henrywealth.com,Henry Wealth,France,Europe/Paris,(287)903-2032,Enterprise,Active,2016-11-07,2026-11-05,2026-07-08 18:25,French,Premium 24/7,Tomas Novak,107588.86,12483840.68
CUST-00412,Michael Graham,michael.graham@carneyhomeandliving.com,Carney Home & Living,Japan,Asia/Tokyo,507.658.7771x2151,Starter,Trial,2026-08-01,2026-08-15,2026-08-03 09:32,English,Standard,,0.0,0.0
CUST-00413,Christopher Hicks,christopher.hicks@annashiretechnologie.com,Annashire Technologies,Italy,Europe/Rome,990.389.2613,Professional,Active,2019-03-19,2026-08-09,2026-06-30 18:31,Italian,Priority,,7285.14,630063.41
CUST-00414,Allison Maldonado,allison.maldonado@southnathanielvillew.com,South Nathanielville Wellness,New Zealand,Pacific/Auckland,720-417-7749x05097,Professional,Active,2019-08-30,2026-08-28,2026-06-28 23:43,English,Priority,,6540.73,552131.39
CUST-00415,Anthony Schneider,anthony.schneider@morrispayments.com,Morris Payments,United States,America/Denver,5188961642,Starter,Active,2020-06-16,2027-06-15,2026-07-01 00:15,English,Standard,,579.13,39785.62
CUST-00416,Samuel Martin,samuel.martin@chancapital.com,Chan Capital,United States,America/Chicago,521-947-6492x5158,Starter,Trial,2026-07-20,2026-08-03,2026-07-20 23:31,English,Standard,,0.0,0.0
CUST-00417,James Adams,james.adams@davischestermarketpl.com,Davischester Marketplace,Germany,Europe/Berlin,(992)366-1085x732,Professional,Past Due,2024-01-24,2027-01-23,2026-06-26 18:47,German,Priority,,8135.02,252759.36
CUST-00418,Jeffrey Solomon,jeffrey.solomon@evansberghealth.com,Evansberg Health,United Kingdom,Europe/London,+1-843-886-4908x10818,Starter,Trial,2026-07-27,2026-08-10,2026-07-30 04:06,English,Standard,,0.0,0.0
CUST-00419,Matthew Carroll,matthew.carroll@kinghealth.com,King Health,Ireland,Europe/Dublin,891-680-1722x601,Starter,Cancelled,2022-04-05,2027-04-04,2022-08-25 21:50,English,Standard,,81.68,392.86
CUST-00420,Nathaniel Todd,nathaniel.todd@colegoodsco.com,Cole Goods Co.,United States,America/Chicago,252-832-1941x680,Starter,Active,2023-04-20,2027-04-19,2026-07-04 14:24,English,Standard,Hana Sato,280.55,11471.93
CUST-00421,Christopher Woods,christopher.woods@holtbank.com,Holt Bank,United Arab Emirates,Asia/Dubai,+1-397-249-9564x12203,Enterprise,Cancelled,2022-04-11,2028-04-09,2022-07-26 11:56,English,Premium 24/7,Ben Ashworth,60037.59,210003.5
CUST-00422,Chelsea Johnson,chelsea.johnson@castillogetaways.com,Castillo Getaways,Canada,America/Toronto,(936)883-1472,Starter,Active,2022-06-28,2027-06-27,2026-06-22 20:41,English,Standard,,567.65,25948.51
CUST-00423,Christopher Hernandez,christopher.hernandez@maynardfortair.com,Maynardfort Air,Philippines,Asia/Manila,7792334960,Starter,Active,2018-01-29,2027-01-27,2026-07-09 14:30,English,Standard,,647.16,60474.77
CUST-00424,Ryan Reynolds,ryan.reynolds@perryfinancial.com,Perry Financial,Germany,Europe/Berlin,599.284.0767x8997,Starter,Past Due,2020-03-12,2026-08-08,2026-07-30 19:40,German,Standard,Liam O'Sullivan,227.78,17820.83
CUST-00425,Jennifer Stewart,jennifer.stewart@browncloud.com,Brown Cloud,United States,America/Chicago,+1-967-717-9576x0243,Starter,Active,2023-06-01,2027-05-31,2026-08-03 16:27,English,Standard,,442.67,16717.36
CUST-00426,Jordan Matthews,jordan.matthews@sandramouthair.com,Sandramouth Air,Canada,America/Vancouver,(646)365-7293,Starter,Active,2019-10-18,2026-08-12,2026-07-07 23:43,English,Standard,,447.4,31192.65
CUST-00427,Betty Gonzalez,betty.gonzalez@obrienwealth.com,Obrien Wealth,Ireland,Europe/Dublin,767-643-3800,Starter,Active,2025-06-09,2027-06-09,2026-07-09 22:25,English,Standard,,652.91,8712.51
CUST-00428,Christopher Clayton,christopher.clayton@klinehomeandliving.com,Kline Home & Living,United States,America/Denver,5159619318,Starter,Active,2023-02-09,2026-08-22,2026-07-27 22:47,English,Standard,,514.87,19558.58
CUST-00429,Gerald Kelly,gerald.kelly@portnatalieviewjourn.com,Port Natalieview Journeys,Spain,Europe/Madrid,(389)210-7711,Professional,Active,2020-12-31,2026-12-30,2026-07-10 14:08,Spanish,Priority,,8548.54,516800.71
CUST-00430,Carol Wilson,carol.wilson@harrisgoodsco.com,Harris Goods Co.,France,Europe/Paris,(524)978-7125x521,Enterprise,Active,2023-04-01,2027-03-31,2026-07-28 08:33,English,Premium 24/7,Hana Sato,17772.98,746549.8
CUST-00431,Patricia Smith,patricia.smith@petersonhavenwealth.com,Petersonhaven Wealth,United Arab Emirates,Asia/Dubai,(814)556-5328,Professional,Trial,2026-07-31,2026-08-14,2026-07-31 15:16,Arabic,Priority,,0.0,0.0
CUST-00432,Jeffrey Hardin,jeffrey.hardin@villanuevamarketplac.com,Villanueva Marketplace,Australia,Australia/Sydney,250.872.0811x55626,Professional,Active,2026-03-21,2026-08-18,2026-06-28 03:22,English,Priority,,4429.75,17231.54
CUST-00433,Mary May,mary.may@laketinahavengetaway.com,Lake Tinahaven Getaways,Australia,Australia/Melbourne,966-584-5504x8926,Professional,Active,2015-04-03,2027-03-31,2026-07-15 02:15,English,Priority,,4927.35,660779.71
CUST-00434,Lori Montgomery,lori.montgomery@ramosmarketplace.com,Ramos Marketplace,Mexico,America/Mexico_City,(663)541-0856x288,Enterprise,Active,2022-06-02,2028-05-31,2026-07-31 15:29,English,Premium 24/7,Tomas Novak,49143.65,2565185.75
CUST-00435,Juan Boyd,juan.boyd@shermanwellness.com,Sherman Wellness,Philippines,Asia/Manila,(300)289-4346,Professional,Active,2018-01-23,2027-01-21,2026-07-30 09:20,English,Priority,,9907.36,938499.08
CUST-00436,Debbie Romero,debbie.romero@martinezjourneys.com,Martinez Journeys,Spain,Europe/Madrid,001-717-649-0753x99893,Professional,Active,2015-08-16,2026-08-13,2026-07-14 09:41,Spanish,Priority,,8608.0,1129078.94
CUST-00437,Richard Espinoza,richard.espinoza@chambersmedical.com,Chambers Medical,Germany,Europe/Berlin,001-468-831-5893x571,Starter,Active,2019-08-24,2026-08-17,2026-07-19 08:36,English,Standard,,448.88,36364.31
CUST-00438,Angela Brown,angela.brown@beasleysoftware.com,Beasley Software,Italy,Europe/Rome,937.815.8698x8649,Starter,Active,2020-03-10,2026-08-06,2026-07-20 16:40,Italian,Standard,,390.33,30263.16
CUST-00439,Melissa Gould PhD,melissa.phd@colonbergcapital.com,Colonberg Capital,Germany,Europe/Berlin,727.372.8813x77028,Starter,Active,2024-10-02,2026-10-02,2026-06-23 01:32,German,Standard,,391.56,8452.14
CUST-00440,Jennifer Martinez,jennifer.martinez@armstrongair.com,Armstrong Air,Japan,Asia/Tokyo,9822154544,Starter,Active,2017-09-19,2026-09-17,2026-06-30 12:02,Japanese,Standard,,637.21,65595.44
CUST-00441,Brenda Lawrence,brenda.lawrence@westpamelaboroughclo.com,West Pamelaborough Cloud,Sweden,Europe/Stockholm,(970)618-5106,Starter,Cancelled,2019-05-12,2027-05-10,2020-02-02 03:17,Swedish,Standard,,144.4,1233.41
CUST-00442,Stephanie Harrington,stephanie.harrington@davenportbergcloud.com,Davenportberg Cloud,Sweden,Europe/Stockholm,001-828-777-7251x99663,Starter,Trial,2026-07-23,2026-08-06,2026-07-29 09:05,Swedish,Standard,,0.0,0.0
CUST-00443,Tina Wu,tina.wu@fitzgeraldfinancial.com,Fitzgerald Financial,United States,America/New_York,+1-212-509-4818x1398,Professional,Active,2024-12-07,2026-08-29,2026-07-01 02:19,English,Priority,,6249.51,109342.27
CUST-00444,Kathryn Smith,kathryn.smith@barrettsystems.com,Barrett Systems,United States,America/Chicago,+1-720-843-3971,Professional,Active,2019-09-05,2026-08-29,2026-07-14 01:21,English,Priority,,7901.97,667867.49
CUST-00445,Katherine Peck,katherine.peck@samuelchesterclinica.com,Samuelchester Clinical,South Africa,Africa/Johannesburg,4856641118,Enterprise,Active,2024-02-16,2027-02-15,2026-08-01 15:14,English,Premium 24/7,Grace Kim,4379.77,117987.13
CUST-00446,David Davis,david.davis@stephanieburghhospit.com,Stephanieburgh Hospitality Group,United States,America/Denver,7954200461,Starter,Active,2022-12-09,2026-12-08,2026-06-29 09:46,English,Standard,,427.73,16731.62
CUST-00447,Frederick Bennett,frederick.bennett@northjamesshiregetaw.com,North Jamesshire Getaways,Mexico,America/Mexico_City,978.886.1405,Professional,Active,2021-09-28,2026-09-27,2026-07-15 21:41,English,Priority,,2930.47,154377.56
CUST-00448,Allen Schultz,allen.schultz@mcintyremarketplace.com,Mcintyre Marketplace,South Africa,Africa/Johannesburg,8489913824,Starter,Active,2017-06-04,2027-06-02,2026-07-02 17:03,English,Standard,,283.64,27490.33
CUST-00449,Mark Harris,mark.harris@faulknerretail.com,Faulkner Retail,Australia,Australia/Melbourne,(682)438-6870x079,Starter,Active,2020-03-09,2026-08-05,2026-07-11 01:49,English,Standard,Ben Ashworth,513.41,34325.03
CUST-00450,Timothy Olson,timothy.olson@maryfurtsystems.com,Maryfurt Systems,United States,America/Chicago,(839)384-0289x141,Professional,Cancelled,2017-06-12,2027-06-10,2017-11-20 20:57,English,Priority,,5128.23,27188.59
CUST-00451,Molly Lutz,molly.lutz@clarkhavengoodsco.com,Clarkhaven Goods Co.,Australia,Australia/Sydney,254-974-3553x79502,Starter,Active,2019-09-09,2026-08-03,2026-06-19 07:53,English,Standard,,472.27,35298.75
CUST-00452,Adam Thompson,adam.thompson@farmersidetechnologi.com,Farmerside Technologies,Brazil,America/Sao_Paulo,718-807-1569,Starter,Active,2024-08-14,2026-08-04,2026-07-15 13:57,English,Standard,Grace Kim,619.41,12505.69
CUST-00453,Randy Terry,randy.terry@northstevenboroughho.com,North Stevenborough Home & Living,United States,America/Chicago,903.704.5319x433,Starter,Active,2018-11-06,2026-11-04,2026-06-21 21:59,English,Standard,Priya Natarajan,664.71,62316.23
CUST-00454,Johnathan Padilla,johnathan.padilla@obrienhospitalitygro.com,Obrien Hospitality Group,Australia,Australia/Melbourne,5364149872,Professional,Active,2021-12-27,2026-12-26,2026-07-11 00:52,English,Priority,Tomas Novak,2721.77,141004.52
CUST-00455,Carl Brown,carl.brown@sarahburyclinical.com,Sarahbury Clinical,Canada,America/Vancouver,843.608.9487x06056,Professional,Active,2024-03-26,2027-03-26,2026-06-21 17:21,French,Priority,,2304.6,62313.37
CUST-00456,Joseph Simpson,joseph.simpson@lakejeffreyviewhomea.com,Lake Jeffreyview Home & Living,Canada,America/Vancouver,(587)550-6351x90361,Professional,Active,2018-10-01,2026-08-20,2026-07-23 18:16,English,Priority,,5344.03,526262.81
CUST-00457,Eric Garrett,eric.garrett@davisoutfitters.com,Davis Outfitters,United States,America/Los_Angeles,560.395.4317x3505,Professional,Active,2017-12-16,2026-12-14,2026-06-19 14:21,English,Priority,,9685.75,1040227.7
CUST-00458,Lisa Duran,lisa.duran@garrettclinical.com,Garrett Clinical,Mexico,America/Mexico_City,001-211-900-6512,Starter,Active,2018-04-20,2027-04-18,2026-07-04 03:20,Spanish,Standard,,367.8,32149.8
CUST-00459,Leslie Reynolds,leslie.reynolds@garciasoftware.com,Garcia Software,Italy,Europe/Rome,5802466196,Starter,Active,2019-12-24,2026-12-22,2026-07-22 12:37,English,Standard,Tomas Novak,489.28,40697.79
CUST-00460,John Patterson,john.patterson@westdebratownsystems.com,West Debratown Systems,Brazil,America/Sao_Paulo,485.693.1109x193,Starter,Active,2025-06-05,2027-06-05,2026-07-22 03:44,Portuguese,Standard,,110.93,1601.34
CUST-00461,John Oliver,john.oliver@eastdevinhomeandlivi.com,East Devin Home & Living,Netherlands,Europe/Amsterdam,4024496854,Starter,Active,2021-08-28,2026-08-27,2026-07-12 09:23,English,Standard,,83.87,4356.53
CUST-00462,Larry Carter,larry.carter@newbrendabergsoftwar.com,New Brendaberg Software,Japan,Asia/Tokyo,5383806533,Starter,Active,2019-04-08,2027-04-06,2026-07-24 11:04,Japanese,Standard,,536.52,44308.54
CUST-00463,Michael Neal,michael.neal@greenemouthsystems.com,Greenemouth Systems,France,Europe/Paris,001-995-294-6521,Professional,Active,2018-04-08,2027-04-06,2026-07-17 21:28,French,Priority,Connor Whitfield,1787.33,175330.47
CUST-00464,Thomas Fowler DDS,thomas.dds@hansonburylabs.com,Hansonbury Labs,Italy,Europe/Rome,356.436.2050x1508,Starter,Active,2025-02-05,2026-08-29,2026-06-29 22:01,English,Standard,,163.32,2525.97
CUST-00465,Cory Willis,cory.willis@bradleytownclinical.com,Bradleytown Clinical,India,Asia/Kolkata,534.423.4258,Enterprise,Active,2025-11-01,2028-10-31,2026-07-23 05:01,Hindi,Premium 24/7,Dante Russo,35349.62,323851.61
CUST-00466,Christopher Green,christopher.green@northmariebergsoftwa.com,North Marieberg Software,Japan,Asia/Tokyo,(315)334-7355x2896,Professional,Active,2016-03-03,2026-08-08,2026-07-10 13:11,English,Priority,,8322.07,937479.78
CUST-00467,Thomas Norton,thomas.norton@leehomeandliving.com,Lee Home & Living,United States,America/Los_Angeles,(755)596-3099x3842,Starter,Active,2017-03-04,2026-08-14,2026-08-01 05:03,English,Standard,,607.31,63652.28
CUST-00468,Robert Salas,robert.salas@clarklandpayments.com,Clarkland Payments,France,Europe/Paris,791.928.6857x8725,Starter,Cancelled,2017-11-15,2026-11-13,2019-07-08 08:43,English,Standard,Aisha Bello,102.37,1938.35
CUST-00469,Kathleen Adams,kathleen.adams@moralessoftware.com,Morales Software,United States,America/Denver,001-603-833-7363,Starter,Past Due,2021-03-13,2026-08-14,2026-07-04 17:41,English,Standard,,419.68,27655.52
CUST-00470,Laura Walls,laura.walls@brookscapital.com,Brooks Capital,Australia,Australia/Melbourne,+1-212-914-7853,Enterprise,Trial,2026-07-20,2026-08-03,2026-07-29 09:41,English,Premium 24/7,Priya Natarajan,0.0,0.0
CUST-00471,Gabrielle Hayes,gabrielle.hayes@reynoldsgetaways.com,Reynolds Getaways,Australia,Australia/Sydney,(375)646-0273x415,Professional,Cancelled,2019-12-07,2026-12-05,2019-12-28 18:27,English,Priority,,6866.47,4584.11
CUST-00472,Kayla Schneider,kayla.schneider@saravillecaresystems.com,Saraville Care Systems,South Africa,Africa/Johannesburg,615-608-3535,Starter,Active,2022-04-20,2026-08-27,2026-08-03 14:17,English,Standard,,334.21,16185.33
CUST-00473,Patricia Bruce,patricia.bruce@lakecassandratravel.com,Lake Cassandra Travel,India,Asia/Kolkata,(284)904-4566,Starter,Cancelled,2025-11-06,2026-11-06,2026-01-22 00:00,Hindi,Standard,,488.11,1249.56
CUST-00474,Virginia Lynn,virginia.lynn@grimeshomeandliving.com,Grimes Home & Living,Philippines,Asia/Manila,933.773.8987,Professional,Active,2017-12-06,2026-12-04,2026-07-27 11:24,English,Priority,,397.23,38118.78
CUST-00475,Emily Lopez,emily.lopez@carrillosoftware.com,Carrillo Software,Canada,America/Vancouver,001-263-977-8052x924,Starter,Active,2023-03-10,2026-08-21,2026-07-29 09:51,English,Standard,,519.06,18142.93
CUST-00476,Sandra Morgan,sandra.morgan@barnesmedical.com,Barnes Medical,Australia,Australia/Sydney,+1-868-845-9090x22599,Enterprise,Active,2017-08-25,2026-08-23,2026-07-24 06:42,English,Premium 24/7,Marcus Webb,49518.73,4582376.4
CUST-00477,James Ferguson,james.ferguson@southdanielmedical.com,South Daniel Medical,Ireland,Europe/Dublin,001-974-212-1820,Professional,Active,2015-09-06,2026-09-03,2026-07-05 21:35,English,Priority,,7292.98,991117.64
CUST-00478,Benjamin Mccarty,benjamin.mccarty@jamieporthospitality.com,Jamieport Hospitality Group,United States,America/Chicago,+1-481-870-5802x56621,Starter,Active,2025-08-17,2026-08-17,2026-06-21 23:14,English,Standard,,426.59,4479.43
CUST-00479,Benjamin Friedman,benjamin.friedman@glennbank.com,Glenn Bank,Spain,Europe/Madrid,(534)967-2994,Professional,Active,2020-03-22,2026-08-18,2026-07-04 06:10,English,Priority,,1606.32,114836.57
CUST-00480,Adam Thomas,adam.thomas@portreginaldburycare.com,Port Reginaldbury Care Systems,United States,America/New_York,459.877.7901x47546,Starter,Active,2022-10-21,2026-10-20,2026-07-04 02:49,English,Standard,,603.34,23949.8
CUST-00481,Steven Quinn,steven.quinn@ellismarketplace.com,Ellis Marketplace,United States,America/Chicago,+1-829-316-0324x84137,Professional,Active,2018-01-08,2026-08-24,2026-06-22 09:39,English,Priority,,1193.76,111505.18
CUST-00482,Angela Garcia PhD,angela.phd@robertburghsoftware.com,Robertburgh Software,Spain,Europe/Madrid,838-207-0176x563,Starter,Past Due,2015-05-26,2027-05-23,2026-07-16 19:39,Spanish,Standard,,669.95,84605.87
CUST-00483,Brian Stark,brian.stark@murphymedical.com,Murphy Medical,France,Europe/Paris,001-477-271-1837x2742,Starter,Active,2019-07-04,2026-08-26,2026-07-05 11:26,English,Standard,,423.8,31594.32
CUST-00484,Cassandra Martinez,cassandra.martinez@figueroagoodsco.com,Figueroa Goods Co.,United States,America/Chicago,(210)542-7523,Starter,Cancelled,2023-03-09,2026-08-20,2023-08-05 14:07,English,Standard,,79.77,383.25
CUST-00485,Anthony Walters,anthony.walters@southhannahmouthgood.com,South Hannahmouth Goods Co.,United States,America/Chicago,5903063353,Professional,Trial,2026-07-23,2026-08-06,2026-07-26 02:21,English,Priority,,0.0,0.0
CUST-00486,Alexis Smith,alexis.smith@lakeelizabethclinica.com,Lake Elizabeth Clinical,France,Europe/Paris,712.520.6815,Professional,Active,2018-10-20,2026-08-09,2026-06-21 15:14,French,Priority,,3876.49,323177.59
CUST-00487,Taylor Foster,taylor.foster@pattersonhospitality.com,Patterson Hospitality Group,Australia,Australia/Sydney,231.855.2065,Starter,Cancelled,2023-04-20,2027-04-19,2023-08-15 04:22,English,Standard,,339.07,1115.51
CUST-00488,Daniel Barrett,daniel.barrett@ramirezjourneys.com,Ramirez Journeys,Canada,America/Vancouver,+1-450-613-6497x189,Starter,Active,2020-09-04,2026-09-03,2026-07-05 03:01,English,Standard,,154.15,9748.51
CUST-00489,Lindsay Jarvis,lindsay.jarvis@gregorybergbank.com,Gregoryberg Bank,Sweden,Europe/Stockholm,225-571-5099x76838,Professional,Cancelled,2024-11-21,2026-11-21,2025-01-09 04:38,English,Priority,,7829.26,11097.71
CUST-00490,Peter Martinez,peter.martinez@youngclinical.com,Young Clinical,United States,America/Chicago,(539)910-2574x32630,Professional,Trial,2026-07-29,2026-08-12,2026-07-30 16:37,English,Priority,,0.0,0.0
CUST-00491,Erin Ramirez,erin.ramirez@schneiderhealth.com,Schneider Health,New Zealand,Pacific/Auckland,001-508-864-0355x33803,Starter,Past Due,2023-07-22,2027-07-21,2026-07-09 22:23,English,Standard,,474.64,16678.27
CUST-00492,Catherine Soto,catherine.soto@brownhealth.com,Brown Health,Philippines,Asia/Manila,313.802.3212x9833,Enterprise,Active,2020-06-02,2028-05-31,2026-07-25 05:59,English,Premium 24/7,Aisha Bello,44648.68,3304252.97
CUST-00493,Emily Griffith,emily.griffith@sanchezcloud.com,Sanchez Cloud,Germany,Europe/Berlin,(993)344-9734,Professional,Active,2022-09-15,2026-09-14,2026-07-15 11:51,English,Priority,,5645.3,246587.69
CUST-00494,Heather Gray,heather.gray@alexanderhavenoutfit.com,Alexanderhaven Outfitters,Ireland,Europe/Dublin,+1-462-670-6614x982,Starter,Active,2016-11-30,2026-11-28,2026-06-26 02:23,English,Standard,,324.78,34513.49
CUST-00495,Eric Campbell,eric.campbell@jonesbergjourneys.com,Jonesberg Journeys,Germany,Europe/Berlin,001-873-723-0085x766,Enterprise,Cancelled,2021-01-07,2027-01-06,2022-02-24 13:41,German,Premium 24/7,Liam O'Sullivan,73484.39,999237.69
CUST-00496,Eric Archer,eric.archer@joneslabs.com,Jones Labs,United States,America/Chicago,9167923645,Professional,Active,2025-09-03,2026-09-03,2026-06-24 10:54,English,Priority,,6430.69,66127.55
CUST-00497,Marilyn House,marilyn.house@fitzgeraldoutfitters.com,Fitzgerald Outfitters,Singapore,Asia/Singapore,470.650.2497,Enterprise,Active,2015-05-19,2027-05-16,2026-07-10 07:26,Mandarin,Premium 24/7,Nadia Farouk,78097.47,10561239.63
CUST-00498,Kenneth Bates,kenneth.bates@northdarrylair.com,North Darryl Air,Singapore,Asia/Singapore,866-691-8362,Professional,Active,2018-04-13,2027-04-11,2026-07-27 19:36,Mandarin,Priority,Dante Russo,5868.65,542225.62
CUST-00499,Kathryn Ferguson,kathryn.ferguson@willischesteroutfitt.com,Willischester Outfitters,Australia,Australia/Sydney,001-311-395-2436x40270,Professional,Past Due,2017-04-02,2026-08-13,2026-06-30 01:52,English,Priority,,3078.51,359451.41
CUST-00500,Jennifer Butler,jennifer.butler@robertscapital.com,Roberts Capital,Germany,Europe/Berlin,(422)552-2372x81793,Professional,Active,2023-06-06,2027-06-05,2026-07-15 12:10,German,Priority,,6909.9,226071.49
CUST-00501,Clayton Malone,clayton.malone@greencapital.com,Green Capital,Canada,America/Vancouver,(579)912-1416x14150,Professional,Active,2018-09-21,2026-08-10,2026-07-26 06:32,French,Priority,,413.25,36617.27
CUST-00502,Dr. Adam Adams,dr..adams@lakebranditonmedical.com,Lake Branditon Medical,Spain,Europe/Madrid,938-706-9847,Enterprise,Past Due,2025-06-25,2027-06-25,2026-07-07 20:56,English,Premium 24/7,Connor Whitfield,95706.69,1277807.41
CUST-00503,Gabrielle Maldonado,gabrielle.maldonado@coopermedical.com,Cooper Medical,Spain,Europe/Madrid,235-366-9055x10762,Starter,Active,2024-11-07,2026-08-29,2026-06-30 22:36,Spanish,Standard,,100.79,2146.46
CUST-00504,Diana Lyons,diana.lyons@westshannoncaresyste.com,West Shannon Care Systems,Ireland,Europe/Dublin,+1-978-863-0505x05739,Starter,Active,2020-01-13,2026-08-09,2026-07-24 03:23,English,Standard,,528.82,38047.24
CUST-00505,Rebecca Bailey,rebecca.bailey@crosbybank.com,Crosby Bank,Sweden,Europe/Stockholm,316.649.3289x8027,Starter,Active,2025-07-09,2026-08-03,2026-07-01 12:02,Swedish,Standard,,714.64,8360.14
CUST-00506,Whitney Archer,whitney.archer@owenssystems.com,Owens Systems,South Africa,Africa/Johannesburg,417.783.3321x160,Starter,Active,2024-12-23,2026-08-15,2026-06-29 05:53,English,Standard,,203.77,3760.23
CUST-00507,Pamela Robinson,pamela.robinson@elizabethvillefinanc.com,Elizabethville Financial,Spain,Europe/Madrid,+1-828-571-5399x15668,Starter,Active,2025-01-16,2027-01-16,2026-06-21 21:34,Spanish,Standard,,112.73,2110.64
CUST-00508,Brian Miller,brian.miller@westjoyboroughmarket.com,West Joyborough Marketplace,Philippines,Asia/Manila,001-519-852-5690x4098,Starter,Active,2016-04-02,2027-03-31,2026-07-04 11:58,English,Standard,,78.33,10176.25
CUST-00509,Emma Diaz,emma.diaz@sheltonfinancial.com,Shelton Financial,France,Europe/Paris,(989)793-1608,Enterprise,Trial,2026-08-01,2026-08-15,2026-08-02 10:35,French,Premium 24/7,Tomas Novak,0.0,0.0
CUST-00510,Tommy Hood,tommy.hood@portersoftware.com,Porter Software,Spain,Europe/Madrid,929.542.0954x814,Starter,Active,2015-07-01,2027-06-28,2026-07-13 06:29,Spanish,Standard,,299.75,36842.21
CUST-00511,Michael Bennett DVM,michael.dvm@cookpayments.com,Cook Payments,United States,America/Denver,001-733-802-7642x086,Professional,Cancelled,2017-06-12,2026-08-24,2019-01-16 03:50,English,Priority,Ben Ashworth,6707.02,133938.46
CUST-00512,Wanda Todd,wanda.todd@myersbank.com,Myers Bank,Brazil,America/Sao_Paulo,444.938.6125x90472,Professional,Active,2025-12-22,2026-12-22,2026-07-26 14:24,Portuguese,Priority,,466.05,3322.97
CUST-00513,Doris Thomas,doris.thomas@portkaitlinjourneys.com,Port Kaitlin Journeys,United States,America/Los_Angeles,001-405-291-2662x0157,Professional,Active,2016-07-03,2027-07-01,2026-07-01 04:24,English,Priority,,4415.3,517843.7
CUST-00514,Jose Morgan,jose.morgan@hamiltonjourneys.com,Hamilton Journeys,Sweden,Europe/Stockholm,(463)801-3674,Professional,Active,2024-06-19,2027-06-19,2026-06-20 07:54,English,Priority,,3565.37,93496.87
CUST-00515,Wendy Lambert,wendy.lambert@portstevenfurtcapita.com,Port Stevenfurt Capital,Mexico,America/Mexico_City,975-601-1117x830,Starter,Active,2025-01-30,2027-01-30,2026-07-20 02:12,Spanish,Standard,,200.84,3169.87
CUST-00516,Anna Watkins,anna.watkins@washingtonchestercli.com,Washingtonchester Clinical,Canada,America/Toronto,992-315-1826x0688,Enterprise,Active,2016-11-30,2026-11-28,2026-07-01 07:27,English,Premium 24/7,Tomas Novak,25449.56,2850437.99
CUST-00517,Lauren Reeves,lauren.reeves@portkarenvillebank.com,Port Karenville Bank,Philippines,Asia/Manila,(492)508-7510,Professional,Cancelled,2023-03-24,2027-03-23,2023-10-27 05:03,English,Priority,,7075.5,46506.14
CUST-00518,Anita Scott,anita.scott@northtinahavengetawa.com,North Tinahaven Getaways,United States,America/Denver,458-926-0340x8487,Professional,Active,2023-09-11,2026-09-10,2026-07-13 17:38,English,Priority,,2535.32,78203.06
CUST-00519,Kelly Andersen,kelly.andersen@catherinehavenretail.com,Catherinehaven Retail,Canada,America/Vancouver,410.530.3243,Professional,Active,2024-03-27,2026-08-14,2026-07-12 12:31,French,Priority,,1396.63,33767.0
CUST-00520,Destiny Daniel,destiny.daniel@hendersoncloud.com,Henderson Cloud,United States,America/Los_Angeles,+1-844-462-6714,Professional,Cancelled,2022-12-24,2026-12-23,2024-01-06 14:48,English,Priority,Ben Ashworth,3970.72,42140.23
CUST-00521,Andrea Oconnor,andrea.oconnor@cowangoodsco.com,Cowan Goods Co.,Netherlands,Europe/Amsterdam,001-235-598-9262x566,Professional,Active,2020-11-12,2026-11-11,2026-07-31 05:00,Dutch,Priority,,6238.44,414095.48
CUST-00522,Caleb Rodriguez,caleb.rodriguez@joneslandmedical.com,Jonesland Medical,United States,America/Denver,(354)423-4016x361,Starter,Active,2021-12-09,2026-08-15,2026-07-13 18:19,English,Standard,,122.73,6599.34
CUST-00523,Sheri Chapman,sheri.chapman@romanjourneys.com,Roman Journeys,New Zealand,Pacific/Auckland,285-494-8491,Starter,Active,2022-01-26,2026-08-03,2026-06-19 03:04,English,Standard,,585.16,29676.63
CUST-00524,Paul White,paul.white@woodsbergjourneys.com,Woodsberg Journeys,Canada,America/Toronto,808-922-2694x053,Starter,Active,2017-08-20,2026-08-03,2026-06-30 06:03,English,Standard,,227.67,25194.45
CUST-00525,William Lindsey,william.lindsey@shawcloud.com,Shaw Cloud,Italy,Europe/Rome,568-334-1465x111,Professional,Active,2017-01-31,2027-01-29,2026-07-10 00:37,Italian,Priority,,1653.99,170297.94
CUST-00526,Anthony Paul,anthony.paul@spencerhealth.com,Spencer Health,United States,America/New_York,506.282.7788x1609,Professional,Active,2021-02-14,2026-08-17,2026-07-27 13:21,English,Priority,,6347.29,421555.15
CUST-00527,Michele Brady,michele.brady@lakedonnasystems.com,Lake Donna Systems,Netherlands,Europe/Amsterdam,290.897.2832x15285,Enterprise,Past Due,2017-05-29,2027-05-27,2026-06-27 00:38,Dutch,Premium 24/7,Grace Kim,42474.62,4678578.28
CUST-00528,Christopher Booker MD,christopher.md@portamberhospitality.com,Port Amber Hospitality Group,United Kingdom,Europe/London,001-214-947-4430x96348,Professional,Active,2024-06-05,2027-06-05,2026-07-29 10:01,English,Priority,Ben Ashworth,5675.21,131739.6
CUST-00529,Sarah Brown,sarah.brown@newstevenportcloud.com,New Stevenport Cloud,Australia,Australia/Sydney,(310)452-6501x673,Starter,Cancelled,2025-11-03,2026-08-30,2026-02-10 07:32,English,Standard,Tomas Novak,663.08,1869.13
CUST-00530,Thomas Smith,thomas.smith@jeremyfurtoutfitters.com,Jeremyfurt Outfitters,New Zealand,Pacific/Auckland,(745)862-8417x722,Enterprise,Cancelled,2025-08-19,2026-08-19,2026-05-18 00:00,English,Premium 24/7,Elena Voss,108331.37,954786.1
CUST-00531,Stephen Fletcher,stephen.fletcher@rodriguezsoftware.com,Rodriguez Software,United States,America/Los_Angeles,902-966-5023x7416,Enterprise,Past Due,2021-06-13,2027-06-12,2026-07-31 03:42,English,Premium 24/7,Grace Kim,81284.27,4348691.75
CUST-00532,Michelle Nguyen,michelle.nguyen@shawfurtjourneys.com,Shawfurt Journeys,Brazil,America/Sao_Paulo,(511)202-2580,Professional,Active,2022-11-10,2026-08-21,2026-07-13 20:41,English,Priority,,3634.89,147599.2
CUST-00533,Gloria Bray,gloria.bray@southtimothyportoutf.com,South Timothyport Outfitters,United States,America/Los_Angeles,816.539.2823x4143,Enterprise,Active,2017-10-07,2027-10-05,2026-07-13 18:47,English,Premium 24/7,Aisha Bello,9794.77,920321.07
CUST-00534,Richard Garcia,richard.garcia@eastvictoriatechnolo.com,East Victoria Technologies,Spain,Europe/Madrid,001-423-812-6043,Professional,Cancelled,2017-12-29,2026-08-14,2018-02-22 04:42,English,Priority,,5337.68,8995.18
CUST-00535,Curtis Lin,curtis.lin@jameswealth.com,James Wealth,Sweden,Europe/Stockholm,743.635.6708x60414,Professional,Trial,2026-07-22,2026-08-05,2026-07-23 08:54,English,Priority,,0.0,0.0
CUST-00536,Michelle Wright,michelle.wright@eastblaketonsoftware.com,East Blaketon Software,Brazil,America/Sao_Paulo,+1-653-347-4916x24755,Starter,Trial,2026-07-22,2026-08-05,2026-08-02 01:59,Portuguese,Standard,Ben Ashworth,0.0,0.0
CUST-00537,Adam Arnold,adam.arnold@westmichaelfinancial.com,West Michael Financial,Mexico,America/Mexico_City,(498)395-3439x611,Starter,Active,2022-12-22,2026-12-21,2026-07-07 09:44,Spanish,Standard,,519.38,19718.72
CUST-00538,Warren Henson,warren.henson@eastjanethealth.com,East Janet Health,United Arab Emirates,Asia/Dubai,418-295-4738,Professional,Active,2018-10-31,2026-10-29,2026-07-19 09:57,Arabic,Priority,,3591.2,284602.91
CUST-00539,Jason Dawson,jason.dawson@patriciamouthhealth.com,Patriciamouth Health,South Africa,Africa/Johannesburg,+1-616-217-6880x2942,Enterprise,Active,2024-09-27,2026-09-27,2026-06-25 11:30,English,Premium 24/7,Priya Natarajan,20099.81,436156.09
CUST-00540,Amy Compton,amy.compton@lakelisalabs.com,Lake Lisa Labs,Japan,Asia/Tokyo,588.412.7868x6694,Starter,Active,2020-07-25,2027-07-24,2026-07-27 05:41,English,Standard,,655.02,47581.39
CUST-00541,Kenneth Vargas,kenneth.vargas@portwilliamhaventech.com,Port Williamhaven Technologies,Philippines,Asia/Manila,001-584-643-4481x230,Starter,Active,2017-10-11,2026-10-09,2026-07-31 16:14,English,Standard,,554.35,57926.17
CUST-00542,Charles Stephenson,charles.stephenson@homedical.com,Ho Medical,United States,America/Los_Angeles,603-438-1059x551,Enterprise,Active,2021-11-08,2026-11-07,2026-08-03 17:11,English,Premium 24/7,Ben Ashworth,4390.46,252597.87
CUST-00543,Logan Nguyen,logan.nguyen@brownwellness.com,Brown Wellness,New Zealand,Pacific/Auckland,3538424089,Professional,Active,2017-12-11,2026-08-26,2026-06-30 19:44,English,Priority,,7878.65,714427.44
CUST-00544,Dawn Sims,dawn.sims@portscottmedical.com,Port Scott Medical,United States,America/Chicago,443-996-2736x52717,Starter,Active,2015-12-12,2026-12-09,2026-07-12 17:10,English,Standard,Nadia Farouk,75.73,8306.87
CUST-00545,Scott Lopez,scott.lopez@henrygetaways.com,Henry Getaways,Australia,Australia/Melbourne,001-824-504-2269x3121,Professional,Active,2023-01-22,2027-01-21,2026-08-02 03:42,English,Priority,,3020.12,130500.89
CUST-00546,Matthew Powell,matthew.powell@lakekarenwealth.com,Lake Karen Wealth,Canada,America/Vancouver,4915660100,Professional,Active,2024-08-17,2026-08-17,2026-07-13 20:57,English,Priority,,1773.89,41054.32
CUST-00547,Debra Mays,debra.mays@greenewealth.com,Greene Wealth,Brazil,America/Sao_Paulo,9184513279,Professional,Active,2019-06-26,2027-06-24,2026-07-30 16:38,Portuguese,Priority,,2614.88,224515.66
CUST-00548,John Sanchez,john.sanchez@stephenshomeandlivin.com,Stephens Home & Living,Spain,Europe/Madrid,281-500-1841x862,Starter,Active,2024-04-14,2026-09-01,2026-07-12 10:49,English,Standard,,253.68,6087.45
CUST-00549,Jeffery Hernandez,jeffery.hernandez@jeremiahfurtsoftware.com,Jeremiahfurt Software,United Kingdom,Europe/London,+1-317-221-3145x19515,Starter,Active,2022-01-14,2026-08-21,2026-06-25 16:22,English,Standard,,538.9,25277.02
CUST-00550,Cassandra Moreno,cassandra.moreno@greenelabs.com,Greene Labs,France,Europe/Paris,+1-462-449-4514x75410,Professional,Cancelled,2024-03-11,2027-03-11,2024-04-13 13:46,French,Priority,,9794.39,8860.75
CUST-00551,James Griffith,james.griffith@briggsvillejourneys.com,Briggsville Journeys,South Africa,Africa/Johannesburg,001-764-721-5226,Starter,Active,2025-01-02,2027-01-02,2026-07-07 08:27,English,Standard,,143.69,2536.58
CUST-00552,John Dudley DDS,john.dds@fieldsretail.com,Fields Retail,France,Europe/Paris,(536)868-7887,Starter,Active,2016-06-13,2027-06-11,2026-07-20 00:27,French,Standard,,521.09,62444.93
CUST-00553,Miguel Rose,miguel.rose@frankmarketplace.com,Frank Marketplace,Singapore,Asia/Singapore,001-231-735-0305x8721,Starter,Trial,2026-07-22,2026-08-05,2026-07-27 07:47,English,Standard,,0.0,0.0
CUST-00554,Samuel Osborne,samuel.osborne@taylormedical.com,Taylor Medical,United Arab Emirates,Asia/Dubai,228.863.3302x126,Starter,Active,2023-02-01,2027-01-31,2026-06-29 11:07,English,Standard,Dante Russo,565.08,24235.98
CUST-00555,Michael Bates,michael.bates@joneshospitalitygrou.com,Jones Hospitality Group,Germany,Europe/Berlin,+1-420-425-2131x096,Starter,Active,2023-12-28,2026-12-27,2026-07-30 16:52,German,Standard,Tomas Novak,437.17,11588.7
CUST-00556,Charles Rose,charles.rose@rushair.com,Rush Air,Sweden,Europe/Stockholm,465.270.4120x0928,Starter,Past Due,2019-05-04,2027-05-02,2026-07-16 15:12,Swedish,Standard,,182.38,16376.75
CUST-00557,Jeff Vaughan,jeff.vaughan@gibsonbank.com,Gibson Bank,United States,America/New_York,001-449-584-3624x186,Starter,Active,2024-10-07,2026-08-28,2026-06-25 14:42,English,Standard,,388.3,7209.47
CUST-00558,Anthony Long,anthony.long@carsonfinancial.com,Carson Financial,Brazil,America/Sao_Paulo,+1-291-777-5662,Starter,Active,2022-08-04,2026-08-13,2026-07-19 21:17,Portuguese,Standard,,529.56,25035.47
CUST-00559,Chloe Rodriguez,chloe.rodriguez@westcarriemouthhospi.com,West Carriemouth Hospitality Group,United States,America/Chicago,2346281139,Enterprise,Trial,2026-07-31,2026-08-14,2026-08-01 11:32,English,Premium 24/7,Nadia Farouk,0.0,0.0
CUST-00560,Dakota Hickman,dakota.hickman@westchristophercloud.com,West Christopher Cloud,France,Europe/Paris,001-690-297-0051,Starter,Active,2026-01-22,2027-01-22,2026-07-28 04:46,French,Standard,,169.93,1124.19
CUST-00561,Dr. Tina Porter,dr..porter@edwardslabs.com,Edwards Labs,United Kingdom,Europe/London,(952)215-6818x2096,Professional,Active,2026-06-06,2027-06-06,2026-07-26 20:40,English,Priority,,2303.48,3902.6
CUST-00562,Christian Ford,christian.ford@mcclurepayments.com,Mcclure Payments,Canada,America/Vancouver,733-922-8898,Starter,Past Due,2023-09-10,2026-09-09,2026-07-29 07:14,French,Standard,,106.2,3609.42
CUST-00563,Gina Ward,gina.ward@chaseoutfitters.com,Chase Outfitters,Germany,Europe/Berlin,(606)333-9912x97102,Enterprise,Active,2020-09-13,2026-09-12,2026-06-19 01:42,English,Premium 24/7,Dante Russo,32664.97,2379172.57
CUST-00564,Mr. Christopher Phillips Jr.,mr..jr.@raylabs.com,Ray Labs,United States,America/Los_Angeles,(911)227-4747x219,Professional,Active,2017-08-30,2026-08-28,2026-07-24 04:21,English,Priority,,6343.9,657315.2
CUST-00565,Dustin Ortiz,dustin.ortiz@southmichaeljourneys.com,South Michael Journeys,India,Asia/Kolkata,+1-255-416-8740x903,Starter,Active,2017-07-19,2026-08-31,2026-06-26 01:37,English,Standard,,486.67,45649.86
CUST-00566,Donna Moore,donna.moore@rosscaresystems.com,Ross Care Systems,Singapore,Asia/Singapore,936-371-5778,Professional,Active,2018-08-10,2026-08-08,2026-07-24 22:16,Mandarin,Priority,Liam O'Sullivan,2371.32,196028.12
CUST-00567,Nicholas Lowery,nicholas.lowery@tateboroughclinical.com,Tateborough Clinical,Italy,Europe/Rome,(451)955-9737x1470,Starter,Active,2018-01-20,2026-08-06,2026-06-22 22:12,English,Standard,,567.03,60616.01
CUST-00568,Daniel Carroll,daniel.carroll@huertacloud.com,Huerta Cloud,Canada,America/Toronto,001-360-456-7303x06442,Professional,Active,2021-04-02,2027-04-01,2026-07-25 06:37,English,Priority,Grace Kim,7508.47,477675.26
CUST-00569,Jared Evans,jared.evans@josephjourneys.com,Joseph Journeys,Ireland,Europe/Dublin,(983)942-0165x42356,Starter,Active,2020-03-08,2027-03-07,2026-06-21 20:09,English,Standard,Aisha Bello,108.85,7522.72
CUST-00570,Rachel Sheppard,rachel.sheppard@kimhealth.com,Kim Health,Canada,America/Vancouver,001-796-208-9319x925,Starter,Active,2023-06-10,2026-08-23,2026-07-24 08:46,English,Standard,,560.44,22149.96
CUST-00571,Jimmy Hernandez,jimmy.hernandez@linoutfitters.com,Lin Outfitters,Philippines,Asia/Manila,364-280-7279,Enterprise,Active,2015-07-07,2027-07-04,2026-06-25 23:47,English,Premium 24/7,Nadia Farouk,37699.72,4892574.45
CUST-00572,William Fisher,william.fisher@paynepayments.com,Payne Payments,Singapore,Asia/Singapore,(796)735-3390,Starter,Active,2024-01-12,2027-01-11,2026-07-16 11:09,Mandarin,Standard,,210.38,6532.84
CUST-00573,Steven Shaw,steven.shaw@parrishwealth.com,Parrish Wealth,Canada,America/Toronto,001-477-966-5586x851,Professional,Active,2015-08-20,2026-08-22,2026-07-14 21:38,English,Priority,,1402.3,173399.62
CUST-00574,Christopher Larson,christopher.larson@jameschestersoftware.com,Jameschester Software,Philippines,Asia/Manila,+1-349-911-1109x6179,Starter,Active,2015-06-05,2027-06-02,2026-06-20 03:52,English,Standard,,659.49,77395.88
CUST-00575,Renee Contreras,renee.contreras@christianoutfitters.com,Christian Outfitters,United Arab Emirates,Asia/Dubai,737.986.1371,Professional,Active,2015-05-16,2026-08-16,2026-07-10 22:05,Arabic,Priority,,10056.53,1370922.05
CUST-00576,Robert Padilla,robert.padilla@figueroahospitalityg.com,Figueroa Hospitality Group,Germany,Europe/Berlin,5532844446,Starter,Active,2017-12-03,2026-12-01,2026-07-23 09:06,English,Standard,,241.2,23451.96
CUST-00577,Jennifer Smith,jennifer.smith@hernandezair.com,Hernandez Air,United States,America/Chicago,(889)255-2963x863,Enterprise,Active,2017-09-06,2026-09-04,2026-06-25 09:22,English,Premium 24/7,Tomas Novak,28652.15,3167104.63
CUST-00578,Laura Anderson,laura.anderson@fieldshomeandliving.com,Fields Home & Living,United States,America/Denver,001-826-658-2631x2819,Starter,Active,2019-03-25,2027-03-23,2026-07-31 21:19,English,Standard,,152.13,12755.37
CUST-00579,Caitlin Morris,caitlin.morris@northanthonytowntrav.com,North Anthonytown Travel,Netherlands,Europe/Amsterdam,+1-492-509-8196x0275,Professional,Cancelled,2018-06-13,2027-06-11,2019-10-15 12:16,English,Priority,Aisha Bello,2363.18,39821.5
CUST-00580,Courtney Lee,courtney.lee@pittmantechnologies.com,Pittman Technologies,Canada,America/Toronto,001-364-304-1209x1179,Starter,Active,2024-06-12,2026-08-31,2026-06-27 20:58,English,Standard,,529.71,13003.04
CUST-00581,Dennis White,dennis.white@jonesmedical.com,Jones Medical,Singapore,Asia/Singapore,(836)717-0617x136,Professional,Active,2020-01-30,2027-01-28,2026-06-19 06:54,English,Priority,,8619.23,695771.66
CUST-00582,Joanne Martin,joanne.martin@alejandroburghair.com,Alejandroburgh Air,United States,America/Chicago,+1-699-301-5579x98028,Professional,Trial,2026-07-25,2026-08-08,2026-07-31 07:13,English,Priority,,0.0,0.0
CUST-00583,Allen Johnson,allen.johnson@eastmichellepayments.com,East Michelle Payments,Brazil,America/Sao_Paulo,630-952-3124,Professional,Active,2016-05-17,2026-08-23,2026-06-23 15:53,Portuguese,Priority,,5583.83,614956.0
CUST-00584,Brandon Erickson,brandon.erickson@pearsonwellness.com,Pearson Wellness,United States,America/New_York,676.486.3423x461,Starter,Active,2021-11-17,2026-08-23,2026-07-17 20:44,English,Standard,,170.1,9399.23
CUST-00585,Tiffany Freeman,tiffany.freeman@andradewealth.com,Andrade Wealth,India,Asia/Kolkata,(994)459-1966x39551,Starter,Active,2025-05-08,2026-08-31,2026-07-25 16:19,English,Standard,,202.87,2610.14
CUST-00586,Tina King,tina.king@ortizcapital.com,Ortiz Capital,Spain,Europe/Madrid,+1-385-560-1256x253,Starter,Active,2016-11-22,2026-11-20,2026-07-30 20:25,English,Standard,,381.27,39415.47
CUST-00587,Jacqueline Chan,jacqueline.chan@martinezretail.com,Martinez Retail,United States,America/Los_Angeles,505-337-9538x16493,Professional,Active,2020-07-14,2027-07-13,2026-06-23 06:38,English,Priority,,4840.79,312912.05
CUST-00588,Michelle Shah,michelle.shah@aguirrebank.com,Aguirre Bank,United States,America/Chicago,+1-819-366-5533x07704,Professional,Active,2026-01-05,2027-01-05,2026-07-08 00:22,English,Priority,Grace Kim,3207.74,20441.31
CUST-00589,Christopher Murphy,christopher.murphy@reyesfinancial.com,Reyes Financial,Netherlands,Europe/Amsterdam,001-804-209-0742,Enterprise,Active,2026-06-04,2028-06-03,2026-07-19 18:55,Dutch,Premium 24/7,Aisha Bello,15315.45,27981.72
CUST-00590,Tamara Williams,tamara.williams@northterrychestergoo.com,North Terrychester Goods Co.,Philippines,Asia/Manila,001-644-955-6185x7906,Professional,Active,2018-10-10,2026-08-29,2026-07-27 20:33,English,Priority,,2270.36,196206.13
CUST-00591,Martin Lozano PhD,martin.phd@pacemarketplace.com,Pace Marketplace,Italy,Europe/Rome,503-400-2156,Enterprise,Active,2018-07-31,2027-07-29,2026-06-19 04:49,English,Premium 24/7,Grace Kim,11961.32,1081144.43
CUST-00592,Nathaniel Burnett,nathaniel.burnett@cabrerajourneys.com,Cabrera Journeys,Canada,America/Toronto,+1-600-740-1041,Professional,Active,2016-10-03,2026-08-12,2026-07-05 15:16,French,Priority,,2726.3,335786.9
CUST-00593,Rebecca Gray,rebecca.gray@eastbrandyoutfitters.com,East Brandy Outfitters,Australia,Australia/Sydney,525-929-6718,Starter,Trial,2026-07-24,2026-08-07,2026-07-29 11:05,English,Standard,,0.0,0.0
CUST-00594,Vanessa Morris,vanessa.morris@perezviewhomeandlivi.com,Perezview Home & Living,Mexico,America/Mexico_City,001-941-858-3311x70303,Starter,Trial,2026-07-27,2026-08-10,2026-07-29 18:25,Spanish,Standard,,0.0,0.0
CUST-00595,Brian Clark,brian.clark@kathleenportsystems.com,Kathleenport Systems,Netherlands,Europe/Amsterdam,001-572-881-2356x798,Enterprise,Active,2017-02-01,2027-01-30,2026-07-16 06:25,English,Premium 24/7,Marcus Webb,32795.41,3628570.25
CUST-00596,Donald Martin,donald.martin@parkersoftware.com,Parker Software,Canada,America/Vancouver,001-412-671-1307,Starter,Active,2025-09-13,2026-09-13,2026-07-25 01:38,French,Standard,,391.27,4341.57
CUST-00597,Matthew Chavez,matthew.chavez@davidsidegoodsco.com,Davidside Goods Co.,Canada,America/Vancouver,756-232-6868,Enterprise,Active,2021-03-19,2027-03-18,2026-06-23 08:25,English,Premium 24/7,Aisha Bello,76606.0,4611456.86
CUST-00598,Jacob Williams,jacob.williams@dennischesterjourney.com,Dennischester Journeys,Canada,America/Vancouver,943.862.9489,Starter,Past Due,2022-10-31,2026-10-30,2026-07-15 15:30,English,Standard,Hana Sato,399.88,17363.13
CUST-00599,Anthony Wright,anthony.wright@rodriguezclinical.com,Rodriguez Clinical,United States,America/New_York,600-594-3181,Professional,Active,2018-05-28,2026-08-14,2026-07-09 00:09,English,Priority,Liam O'Sullivan,4866.78,498742.26
CUST-00600,Melissa Sullivan,melissa.sullivan@garciaviewgetaways.com,Garciaview Getaways,Italy,Europe/Rome,932.635.4940x1289,Enterprise,Cancelled,2017-12-24,2026-12-22,2018-01-03 03:15,English,Premium 24/7,Ben Ashworth,72536.83,20807.15
CUST-00601,Melissa Jackson,melissa.jackson@eastjacobmouthjourne.com,East Jacobmouth Journeys,Canada,America/Vancouver,(407)265-0241,Enterprise,Active,2015-06-26,2027-06-23,2026-07-08 16:52,English,Premium 24/7,Ben Ashworth,61867.17,7756899.19
CUST-00602,Tracy Aguilar,tracy.aguilar@marksfortair.com,Marksfort Air,Italy,Europe/Rome,400-394-3882,Starter,Cancelled,2022-09-11,2026-09-10,2023-03-21 09:34,Italian,Standard,,381.38,2349.76
CUST-00603,Robert Rogers,robert.rogers@navarrosidetechnolog.com,Navarroside Technologies,Mexico,America/Mexico_City,374-657-0545x897,Enterprise,Past Due,2017-05-21,2027-05-19,2026-07-30 00:39,English,Premium 24/7,Marcus Webb,65290.4,7024961.48
CUST-00604,Monica Smith,monica.smith@chasebergmarketplace.com,Chaseberg Marketplace,Singapore,Asia/Singapore,(670)939-6531x361,Professional,Active,2024-08-05,2026-08-25,2026-07-24 12:07,English,Priority,Marcus Webb,6443.38,158935.97
CUST-00605,Dr. Carrie Lozano,dr..lozano@pamelafurtsoftware.com,Pamelafurt Software,Italy,Europe/Rome,001-364-843-0985,Professional,Active,2021-03-01,2027-02-28,2026-07-15 21:15,Italian,Priority,Hana Sato,717.83,41120.45
CUST-00606,Lacey Sparks,lacey.sparks@reedclinical.com,Reed Clinical,Netherlands,Europe/Amsterdam,407-627-2849,Starter,Active,2024-10-21,2026-08-12,2026-07-01 19:41,English,Standard,,549.06,12168.44
CUST-00607,Mr. Edward Chavez,mr..chavez@westmargaretpayments.com,West Margaret Payments,Spain,Europe/Madrid,607-440-6500,Professional,Active,2017-05-24,2027-05-22,2026-06-26 20:36,English,Priority,,4737.31,460695.35
CUST-00608,Douglas Trevino,douglas.trevino@ortegafinancial.com,Ortega Financial,France,Europe/Paris,001-782-514-2369x14307,Starter,Active,2018-08-05,2026-08-23,2026-06-24 18:24,French,Standard,,202.42,18962.24
CUST-00609,Mandy Henderson,mandy.henderson@rasmussenjourneys.com,Rasmussen Journeys,United Arab Emirates,Asia/Dubai,444-594-2965,Enterprise,Active,2020-08-30,2026-08-29,2026-07-05 21:03,English,Premium 24/7,Marcus Webb,19594.35,1361251.18
CUST-00610,Jason Gonzalez,jason.gonzalez@torresretail.com,Torres Retail,Japan,Asia/Tokyo,797-982-6612x8758,Professional,Active,2021-06-30,2027-06-29,2026-06-23 15:54,English,Priority,Dante Russo,5922.99,365010.12
CUST-00611,John Ali,john.ali@johnsonsidemarketpla.com,Johnsonside Marketplace,Italy,Europe/Rome,7614294398,Starter,Active,2023-07-31,2026-08-14,2026-06-29 05:19,Italian,Standard,Nadia Farouk,570.28,21001.74
CUST-00612,Stephanie Rich,stephanie.rich@brownair.com,Brown Air,United States,America/Los_Angeles,(326)607-8701x0415,Professional,Active,2018-09-18,2026-09-16,2026-06-26 06:38,English,Priority,,8516.53,708223.04
CUST-00613,Melissa Lin,melissa.lin@martinezgoodsco.com,Martinez Goods Co.,Netherlands,Europe/Amsterdam,001-580-438-2872,Starter,Active,2017-12-31,2026-12-29,2026-06-24 11:45,English,Standard,,471.25,50455.77
CUST-00614,Eric Hays,eric.hays@smithjourneys.com,Smith Journeys,Canada,America/Vancouver,393.911.0291x8133,Professional,Active,2023-12-22,2026-08-08,2026-07-26 09:10,English,Priority,Liam O'Sullivan,7746.4,226933.15
CUST-00615,Jonathan Myers,jonathan.myers@westrichardburghair.com,West Richardburgh Air,South Africa,Africa/Johannesburg,284.497.9162,Professional,Active,2023-01-29,2026-08-11,2026-06-23 14:10,English,Priority,Aisha Bello,6442.84,275291.09
CUST-00616,Patrick Allen,patrick.allen@huntcaresystems.com,Hunt Care Systems,Philippines,Asia/Manila,001-883-877-4419x754,Starter,Trial,2026-07-30,2026-08-13,2026-08-01 11:09,English,Standard,,0.0,0.0
CUST-00617,Ashley Butler,ashley.butler@colemanjourneys.com,Coleman Journeys,Brazil,America/Sao_Paulo,2479196094,Professional,Past Due,2016-08-24,2026-09-01,2026-07-22 06:06,English,Priority,,1512.85,176666.1
CUST-00618,Terry Estes,terry.estes@khanmouthtechnologie.com,Khanmouth Technologies,Mexico,America/Mexico_City,402-458-8358x681,Starter,Active,2026-03-29,2026-08-26,2026-07-15 03:07,English,Standard,,350.43,1301.54
CUST-00619,Nathan Morgan,nathan.morgan@westkristentravel.com,West Kristen Travel,United States,America/New_York,+1-746-717-6792x98842,Professional,Cancelled,2025-07-08,2026-09-01,2025-07-27 03:06,English,Priority,,503.75,258.87
CUST-00620,Sandra Jones,sandra.jones@johnsontechnologies.com,Johnson Technologies,New Zealand,Pacific/Auckland,001-823-311-7753x3126,Professional,Active,2022-03-09,2027-03-08,2026-07-08 22:29,English,Priority,,2404.91,131727.13
CUST-00621,David Johnson,david.johnson@bradygoodsco.com,Brady Goods Co.,United States,America/Los_Angeles,559.502.5176x298,Starter,Active,2022-05-27,2027-05-26,2026-06-29 02:12,English,Standard,,578.96,30132.25
CUST-00622,Jeffrey Mitchell,jeffrey.mitchell@harristravel.com,Harris Travel,United States,America/Chicago,(268)431-9013,Enterprise,Active,2022-07-19,2028-07-17,2026-07-06 22:10,English,Premium 24/7,Tomas Novak,38882.98,1721827.69
CUST-00623,Heather Russell,heather.russell@westjacobhavenwellne.com,West Jacobhaven Wellness,United States,America/Chicago,833.897.8559x8217,Professional,Active,2020-07-22,2026-08-20,2026-07-06 10:49,English,Priority,,4732.33,339688.07
CUST-00624,Laura Martinez,laura.martinez@craigfortmedical.com,Craigfort Medical,Netherlands,Europe/Amsterdam,809.785.0344,Professional,Active,2016-11-29,2026-11-27,2026-06-19 21:13,English,Priority,,3276.83,349171.0
CUST-00625,Seth Donaldson,seth.donaldson@newbarbarahavenclini.com,New Barbarahaven Clinical,Japan,Asia/Tokyo,+1-284-769-0819x740,Professional,Active,2025-05-06,2026-08-29,2026-06-25 04:14,English,Priority,,8058.0,114244.08
CUST-00626,Curtis Barron,curtis.barron@brownlabs.com,Brown Labs,United Arab Emirates,Asia/Dubai,285.703.7199,Starter,Active,2017-06-14,2026-08-26,2026-06-26 07:01,English,Standard,,79.14,8293.08
CUST-00627,Dr. Linda Salazar,dr..salazar@newtimothybergtravel.com,New Timothyberg Travel,Netherlands,Europe/Amsterdam,201-207-8356x743,Starter,Active,2018-07-16,2027-07-14,2026-07-10 01:28,English,Standard,,108.97,10483.25
CUST-00628,Richard Gonzalez,richard.gonzalez@franklinbank.com,Franklin Bank,Italy,Europe/Rome,(908)370-6626x6821,Starter,Active,2026-03-26,2027-03-26,2026-06-22 20:15,Italian,Standard,,113.9,465.82
CUST-00629,Vickie Richardson,vickie.richardson@leehomeandliving.com,Lee Home & Living,United Kingdom,Europe/London,(203)331-9036x89003,Starter,Active,2024-03-27,2027-03-27,2026-08-02 08:31,English,Standard,,231.64,5925.84
CUST-00630,Jeffrey Campbell,jeffrey.campbell@edwardstravel.com,Edwards Travel,India,Asia/Kolkata,+1-534-929-6711x148,Professional,Active,2025-11-08,2026-08-05,2026-08-02 07:10,Hindi,Priority,,2708.27,24467.23
CUST-00631,Robin Hurst,robin.hurst@trevinomarketplace.com,Trevino Marketplace,United States,America/Chicago,245.784.3845x881,Starter,Cancelled,2016-11-20,2026-08-30,2016-12-28 17:13,English,Standard,,263.63,282.71
CUST-00632,Michele Howell,michele.howell@christianbergcaresys.com,Christianberg Care Systems,United States,America/New_York,934.283.1520x37710,Professional,Active,2018-06-13,2027-06-11,2026-07-10 14:31,English,Priority,Aisha Bello,7552.89,694469.24
CUST-00633,Kevin Evans,kevin.evans@northjoshuafurtair.com,North Joshuafurt Air,Netherlands,Europe/Amsterdam,606.267.0336x2680,Professional,Trial,2026-07-22,2026-08-05,2026-08-01 00:09,English,Priority,Nadia Farouk,0.0,0.0
CUST-00634,Hannah Johnson,hannah.johnson@sandraviewwealth.com,Sandraview Wealth,United States,America/New_York,001-993-805-9660x18648,Enterprise,Active,2017-03-01,2029-02-26,2026-06-25 08:56,English,Premium 24/7,Grace Kim,18068.62,2013537.26
CUST-00635,Laura Stone,laura.stone@martincloud.com,Martin Cloud,France,Europe/Paris,(873)220-4413x8459,Enterprise,Active,2016-01-31,2028-01-28,2026-06-26 13:50,English,Premium 24/7,Tomas Novak,34271.67,4508432.9
CUST-00636,Heidi Hopkins,heidi.hopkins@northkurtmouthpaymen.com,North Kurtmouth Payments,Australia,Australia/Sydney,527-870-7070x578,Professional,Active,2018-10-23,2026-10-21,2026-07-07 00:29,English,Priority,,2006.81,170599.06
CUST-00637,Todd Hill,todd.hill@bishoptravel.com,Bishop Travel,Italy,Europe/Rome,517-324-4472x32290,Starter,Past Due,2026-06-03,2027-06-03,2026-06-24 22:17,Italian,Standard,Dante Russo,430.82,735.52
CUST-00638,Cathy Hunter,cathy.hunter@rileytonmarketplace.com,Rileyton Marketplace,United Kingdom,Europe/London,+1-530-744-0580,Starter,Active,2023-10-29,2026-08-14,2026-06-25 08:58,English,Standard,,214.56,7004.01
CUST-00639,Jonathon Wilson,jonathon.wilson@eastjamesshiremedica.com,East Jamesshire Medical,France,Europe/Paris,(761)964-2059x556,Starter,Active,2019-08-21,2026-08-19,2026-07-25 20:29,French,Standard,,391.68,31197.85
CUST-00640,Elizabeth Johnson,elizabeth.johnson@bradleyberggetaways.com,Bradleyberg Getaways,Brazil,America/Sao_Paulo,001-701-593-5889,Professional,Active,2024-10-02,2026-08-23,2026-07-18 00:58,Portuguese,Priority,Hana Sato,1770.71,37866.95
CUST-00641,Kevin Sandoval,kevin.sandoval@southkathrynwealth.com,South Kathryn Wealth,Germany,Europe/Berlin,+1-911-939-8986x8180,Starter,Active,2021-09-28,2026-08-03,2026-06-27 12:42,German,Standard,,499.72,25000.41
CUST-00642,Cory Johnston,cory.johnston@bartletttravel.com,Bartlett Travel,United States,America/Chicago,335-737-5137x65158,Starter,Active,2025-12-17,2026-08-14,2026-06-26 23:37,English,Standard,,469.69,3511.31
CUST-00643,Lisa Cole,lisa.cole@hallbergcapital.com,Hallberg Capital,Australia,Australia/Sydney,+1-736-392-9445,Professional,Active,2022-02-18,2027-02-17,2026-07-20 19:44,English,Priority,,285.71,15658.14
CUST-00644,Jason Lucero,jason.lucero@johnstongoodsco.com,Johnston Goods Co.,Australia,Australia/Melbourne,+1-232-870-2164x8712,Professional,Trial,2026-07-29,2026-08-12,2026-08-01 15:11,English,Priority,,0.0,0.0
CUST-00645,Christopher Jones,christopher.jones@robertsoncloud.com,Robertson Cloud,India,Asia/Kolkata,366.252.6834x15599,Starter,Active,2018-05-04,2027-05-02,2026-07-21 23:44,English,Standard,,305.37,26288.02
CUST-00646,Thomas Dodson,thomas.dodson@mccoychestertechnolo.com,Mccoychester Technologies,Japan,Asia/Tokyo,872-729-8120x9957,Starter,Active,2017-07-27,2026-08-09,2026-06-28 00:18,English,Standard,,360.83,35543.04
CUST-00647,Jordan Chapman,jordan.chapman@duffywellness.com,Duffy Wellness,Philippines,Asia/Manila,834-675-0988,Enterprise,Cancelled,2025-08-28,2026-08-28,2026-04-21 00:00,English,Premium 24/7,Grace Kim,7317.12,49726.11
CUST-00648,Fernando White,fernando.white@thomascaresystems.com,Thomas Care Systems,Philippines,Asia/Manila,001-636-684-9951x5421,Professional,Active,2021-12-15,2026-08-21,2026-07-30 15:24,English,Priority,,3216.29,185010.72
CUST-00649,Mr. Christopher Crosby,mr..crosby@greencaresystems.com,Green Care Systems,United Arab Emirates,Asia/Dubai,+1-213-542-1388x209,Starter,Cancelled,2022-12-20,2026-08-31,2022-12-25 19:33,Arabic,Standard,,158.98,25.74
CUST-00650,Ronnie Johnson,ronnie.johnson@harriscapital.com,Harris Capital,France,Europe/Paris,001-967-882-7411,Enterprise,Active,2023-10-11,2026-10-10,2026-07-05 03:02,French,Premium 24/7,Liam O'Sullivan,45882.59,1574549.71
CUST-00651,Brandon Taylor III,brandon.iii@westlindaburytravel.com,West Lindabury Travel,Canada,America/Toronto,001-315-728-5478x1506,Starter,Cancelled,2019-08-23,2026-08-21,2020-06-10 13:28,French,Standard,,219.87,1802.99
CUST-00652,Justin Monroe,justin.monroe@garrettgoodsco.com,Garrett Goods Co.,Mexico,America/Mexico_City,+1-903-629-6334x7272,Starter,Active,2024-04-24,2026-08-12,2026-07-10 05:43,English,Standard,,241.67,6225.46
CUST-00653,Mark Davis,mark.davis@northryangetaways.com,North Ryan Getaways,Netherlands,Europe/Amsterdam,989.432.0649x6935,Professional,Trial,2026-08-01,2026-08-15,2026-08-03 02:08,English,Priority,,0.0,0.0
CUST-00654,Sara Golden,sara.golden@contrerascaresystems.com,Contreras Care Systems,India,Asia/Kolkata,769.558.7413x1467,Professional,Active,2020-10-19,2026-10-18,2026-06-29 09:04,English,Priority,Tomas Novak,7896.39,533729.9
CUST-00655,Audrey Marshall,audrey.marshall@floreshomeandliving.com,Flores Home & Living,Singapore,Asia/Singapore,256-627-7963,Enterprise,Active,2015-11-01,2026-10-29,2026-07-10 01:08,English,Premium 24/7,Grace Kim,72224.37,9331200.16
CUST-00656,Daniel Rosales,daniel.rosales@ortizpayments.com,Ortiz Payments,United States,America/Chicago,+1-654-256-6766,Enterprise,Past Due,2015-12-15,2027-12-12,2026-07-28 02:56,English,Premium 24/7,Elena Voss,36431.19,4046882.79
CUST-00657,Nicholas Morgan,nicholas.morgan@westsethburymedical.com,West Sethbury Medical,Australia,Australia/Sydney,001-228-231-9952,Starter,Active,2020-04-08,2027-04-07,2026-07-01 17:38,English,Standard,,80.29,5235.75
CUST-00658,Ann Bush,ann.bush@barrlabs.com,Barr Labs,United Arab Emirates,Asia/Dubai,001-481-708-3583x28634,Starter,Active,2024-12-25,2026-08-17,2026-07-12 11:12,English,Standard,,100.76,1681.58
CUST-00659,Daniel Quinn,daniel.quinn@northmeganhavenpayme.com,North Meganhaven Payments,United States,America/New_York,586-570-2440,Enterprise,Trial,2026-08-01,2026-08-15,2026-08-01 04:28,English,Premium 24/7,Aisha Bello,0.0,0.0
CUST-00660,Paul Hess,paul.hess@graybank.com,Gray Bank,India,Asia/Kolkata,(324)811-1860x0892,Starter,Active,2016-11-19,2026-08-29,2026-07-02 15:45,Hindi,Standard,Dante Russo,468.62,56632.28
CUST-00661,Larry Collins,larry.collins@ronaldtowncaresystem.com,Ronaldtown Care Systems,United Arab Emirates,Asia/Dubai,847-631-4976x4613,Starter,Past Due,2022-04-25,2027-04-24,2026-06-22 11:57,English,Standard,,581.48,25797.45
CUST-00662,Dr. Joseph Sanchez,dr..sanchez@smithmedical.com,Smith Medical,United States,America/Chicago,965.381.7390x6375,Professional,Active,2018-05-06,2026-08-22,2026-07-30 14:07,English,Priority,,764.19,73120.75
CUST-00663,Evelyn Pacheco,evelyn.pacheco@daughertyretail.com,Daugherty Retail,Germany,Europe/Berlin,882-937-9312,Professional,Active,2023-09-29,2026-09-28,2026-07-02 12:11,English,Priority,,4601.38,157314.29
CUST-00664,Sara Hodges,sara.hodges@porttrevorchestercar.com,Port Trevorchester Care Systems,United States,America/New_York,952-705-9960x4387,Enterprise,Trial,2026-07-27,2026-08-10,2026-08-02 23:59,English,Premium 24/7,Marcus Webb,0.0,0.0
CUST-00665,Cynthia Murray,cynthia.murray@webbgetaways.com,Webb Getaways,South Africa,Africa/Johannesburg,+1-311-461-6202,Professional,Active,2020-12-29,2026-12-28,2026-07-04 04:58,English,Priority,,4214.81,254463.27
CUST-00666,Sergio Wilson,sergio.wilson@simpsonhavenair.com,Simpsonhaven Air,Singapore,Asia/Singapore,728.466.0416x4485,Starter,Active,2021-03-10,2026-08-11,2026-07-27 00:07,Mandarin,Standard,,366.34,24183.63
CUST-00667,Joseph Harris,joseph.harris@mendezsoftware.com,Mendez Software,Sweden,Europe/Stockholm,001-958-294-7735x228,Professional,Cancelled,2025-12-06,2026-12-06,2025-12-21 14:59,English,Priority,Liam O'Sullivan,2989.22,1384.91
CUST-00668,Christopher Ruiz,christopher.ruiz@holderlabs.com,Holder Labs,Ireland,Europe/Dublin,2439318751,Starter,Past Due,2016-04-10,2026-08-16,2026-06-30 21:32,English,Standard,,107.07,11863.5
CUST-00669,Andrea Fields,andrea.fields@wareair.com,Ware Air,Brazil,America/Sao_Paulo,(503)344-6945x964,Professional,Trial,2026-08-01,2026-08-15,2026-08-03 14:07,Portuguese,Priority,,0.0,0.0
CUST-00670,Ashley Robinson,ashley.robinson@westannesoftware.com,West Anne Software,Mexico,America/Mexico_City,(989)565-9994,Enterprise,Active,2022-06-27,2028-06-25,2026-07-30 11:30,English,Premium 24/7,Tomas Novak,4548.43,192128.79
CUST-00671,Richard Hays,richard.hays@davishealth.com,Davis Health,United States,America/Chicago,+1-822-927-0510x287,Starter,Active,2022-11-17,2026-08-28,2026-06-21 21:46,English,Standard,,561.02,21597.35
CUST-00672,Jonathan Wilson,jonathan.wilson@bennettfurtclinical.com,Bennettfurt Clinical,United Kingdom,Europe/London,001-475-848-5819x324,Professional,Active,2017-11-18,2026-11-16,2026-07-19 21:33,English,Priority,,3602.02,341799.15
CUST-00673,Katherine Mccormick,katherine.mccormick@newrachelstadjourney.com,New Rachelstad Journeys,United Kingdom,Europe/London,(505)875-6398,Enterprise,Active,2022-03-22,2028-03-20,2026-07-15 11:05,English,Premium 24/7,Grace Kim,40840.28,1972784.47
CUST-00674,Timothy Cowan,timothy.cowan@gonzalezmedical.com,Gonzalez Medical,Australia,Australia/Sydney,(683)209-4515x480,Starter,Active,2017-12-21,2026-08-06,2026-07-15 21:37,English,Standard,,308.49,27852.5
CUST-00675,Maria Sanders,maria.sanders@joshuatoncloud.com,Joshuaton Cloud,Italy,Europe/Rome,001-307-297-7278,Professional,Active,2019-08-09,2026-08-07,2026-06-29 03:26,English,Priority,,8174.99,599417.7
CUST-00676,Louis Reeves,louis.reeves@portmelissasoftware.com,Port Melissa Software,United States,America/Chicago,661-507-0518,Enterprise,Active,2023-11-13,2026-11-12,2026-07-24 07:45,English,Premium 24/7,Marcus Webb,49010.52,1646236.77
CUST-00677,Nancy Cook,nancy.cook@powersclinical.com,Powers Clinical,Japan,Asia/Tokyo,329-458-0660x13824,Professional,Active,2023-02-14,2027-02-13,2026-07-17 23:53,English,Priority,,8229.8,340874.62
CUST-00678,Donald Gonzalez,donald.gonzalez@wagnerclinical.com,Wagner Clinical,South Africa,Africa/Johannesburg,(304)948-5157,Enterprise,Active,2023-06-17,2027-06-16,2026-07-17 05:32,English,Premium 24/7,Marcus Webb,23793.37,819644.99
CUST-00679,Thomas White,thomas.white@eastlonnietownclinic.com,East Lonnietown Clinical,Japan,Asia/Tokyo,001-620-435-7134x32406,Professional,Active,2022-05-27,2026-08-04,2026-06-28 01:52,Japanese,Priority,,4791.95,234070.37
CUST-00680,Karl Gutierrez,karl.gutierrez@conleyair.com,Conley Air,United States,America/Los_Angeles,732-944-7417x595,Starter,Active,2020-03-06,2026-09-01,2026-07-05 19:48,English,Standard,Nadia Farouk,271.76,18621.48
CUST-00681,Melissa Jackson,melissa.jackson@mooreshirefinancial.com,Mooreshire Financial,Australia,Australia/Melbourne,365.543.5884,Starter,Past Due,2019-07-16,2026-08-08,2026-06-20 11:13,English,Standard,Tomas Novak,442.57,35708.83
CUST-00682,John Johnson,john.johnson@newdominiqueburghtra.com,New Dominiqueburgh Travel,Sweden,Europe/Stockholm,227.495.5969x0515,Enterprise,Active,2024-11-09,2026-11-09,2026-07-06 23:42,Swedish,Premium 24/7,Connor Whitfield,12820.44,237718.15
CUST-00683,George Wong,george.wong@eastrobinportjourney.com,East Robinport Journeys,United States,America/Denver,(878)820-7979,Starter,Active,2016-10-27,2026-10-25,2026-06-21 13:06,English,Standard,,546.11,65608.29
CUST-00684,David Cummings,david.cummings@burkegoodsco.com,Burke Goods Co.,United States,America/Chicago,264.403.8166x4969,Starter,Cancelled,2019-07-20,2027-07-18,2020-01-28 08:01,English,Standard,,143.77,921.44
CUST-00685,Tammy Tanner,tammy.tanner@sanfordfinancial.com,Sanford Financial,South Africa,Africa/Johannesburg,939.222.5014x25762,Professional,Active,2019-02-27,2026-08-19,2026-07-28 12:40,English,Priority,,7990.59,741274.83
CUST-00686,Christina Jackson,christina.jackson@christopherburybank.com,Christopherbury Bank,Germany,Europe/Berlin,461.732.8507,Professional,Active,2023-03-04,2027-03-03,2026-07-03 03:56,English,Priority,,7087.11,285243.86
CUST-00687,Joshua Long,joshua.long@southelizabethpaymen.com,South Elizabeth Payments,United States,America/Los_Angeles,831.362.5265x469,Professional,Active,2024-02-03,2026-08-21,2026-07-19 15:38,English,Priority,,708.88,20186.18
CUST-00688,Michael Cordova,michael.cordova@eastnicoleburghsoftw.com,East Nicoleburgh Software,New Zealand,Pacific/Auckland,001-535-255-8099x61327,Starter,Active,2024-05-20,2027-05-20,2026-07-14 08:58,English,Standard,,256.99,6880.8
CUST-00689,Jeffrey Morgan,jeffrey.morgan@valdezsystems.com,Valdez Systems,Germany,Europe/Berlin,(924)346-7046x22681,Enterprise,Active,2017-08-20,2026-08-18,2026-07-23 00:46,German,Premium 24/7,Hana Sato,14581.75,1435446.7
CUST-00690,Nicholas Rios,nicholas.rios@laratownhealth.com,Laratown Health,Netherlands,Europe/Amsterdam,(852)898-6707,Professional,Active,2019-08-12,2026-08-10,2026-08-03 07:18,Dutch,Priority,Connor Whitfield,6382.05,532224.08
CUST-00691,Elizabeth Green,elizabeth.green@newlindsaymouthretai.com,New Lindsaymouth Retail,United States,America/New_York,757.658.5126x86120,Professional,Active,2026-01-14,2027-01-14,2026-06-20 07:40,English,Priority,,2389.75,14532.75
CUST-00692,Robert Luna,robert.luna@grahammouthbank.com,Grahammouth Bank,Spain,Europe/Madrid,201-677-5095x4654,Starter,Active,2024-06-23,2026-08-12,2026-07-23 19:58,Spanish,Standard,,587.23,13220.56
CUST-00693,Howard Smith,howard.smith@nguyenair.com,Nguyen Air,India,Asia/Kolkata,+1-409-415-0863x2181,Professional,Active,2025-06-15,2027-06-15,2026-07-30 18:30,Hindi,Priority,,1627.12,20558.85
CUST-00694,Jessica Hill,jessica.hill@barkerburytechnologi.com,Barkerbury Technologies,Ireland,Europe/Dublin,001-389-770-1550x2916,Professional,Active,2015-07-20,2027-07-17,2026-07-12 17:45,English,Priority,,666.19,79082.3
CUST-00695,Nicole Henderson,nicole.henderson@johnsoncloud.com,Johnson Cloud,Netherlands,Europe/Amsterdam,001-241-761-3944x9883,Starter,Active,2017-01-14,2027-01-12,2026-07-20 18:15,Dutch,Standard,,620.19,67825.09
CUST-00696,Cindy Walls,cindy.walls@julieburghfinancial.com,Julieburgh Financial,Japan,Asia/Tokyo,880-496-2440x630,Starter,Active,2022-09-27,2026-09-26,2026-07-25 19:26,Japanese,Standard,,249.98,11641.31
CUST-00697,Joel Tyler,joel.tyler@coltonburytechnologi.com,Coltonbury Technologies,Singapore,Asia/Singapore,8537194979,Starter,Active,2025-12-29,2026-08-26,2026-06-24 03:27,English,Standard,,74.43,527.95
CUST-00698,Karen Grant,karen.grant@matthewstadpayments.com,Matthewstad Payments,Canada,America/Toronto,327.973.8264x609,Starter,Past Due,2026-04-08,2026-08-06,2026-07-20 04:47,French,Standard,,295.05,1179.63
CUST-00699,Haley Clark,haley.clark@mercergetaways.com,Mercer Getaways,South Africa,Africa/Johannesburg,(744)857-7029x929,Enterprise,Active,2018-11-19,2026-11-17,2026-07-28 22:23,English,Premium 24/7,Liam O'Sullivan,42202.11,3572494.12
CUST-00700,Phillip Potter,phillip.potter@angelafortcapital.com,Angelafort Capital,South Africa,Africa/Johannesburg,568.526.9116,Professional,Active,2024-07-01,2027-07-01,2026-06-19 09:44,English,Priority,,1813.32,41588.99
CUST-00701,Laura White MD,laura.md@piercestadwellness.com,Piercestad Wellness,United States,America/Chicago,001-836-994-5515x88863,Starter,Active,2020-03-25,2027-03-24,2026-07-01 08:18,English,Standard,,310.04,23720.36
CUST-00702,Donna Middleton,donna.middleton@portgregoryclinical.com,Port Gregory Clinical,Ireland,Europe/Dublin,208-557-2169x6663,Starter,Active,2017-06-21,2027-06-19,2026-07-05 18:06,English,Standard,,571.71,57933.83
CUST-00703,Manuel Duarte,manuel.duarte@greeneclinical.com,Greene Clinical,Japan,Asia/Tokyo,001-860-559-3297x1509,Professional,Past Due,2025-10-12,2026-10-12,2026-07-03 06:05,Japanese,Priority,,8472.82,74850.37
CUST-00704,Candice Wood,candice.wood@eastthomaswealth.com,East Thomas Wealth,United States,America/Chicago,001-935-524-1039x773,Starter,Active,2021-12-12,2026-12-11,2026-07-24 12:24,English,Standard,,357.82,19004.76
CUST-00705,Valerie Porter,valerie.porter@portcassandramouthho.com,Port Cassandramouth Home & Living,Australia,Australia/Melbourne,(837)310-0687,Enterprise,Cancelled,2021-05-23,2027-05-22,2022-01-29 20:59,English,Premium 24/7,Grace Kim,54353.83,395334.16
CUST-00706,Tina Ware,tina.ware@lakekimberlysidetech.com,Lake Kimberlyside Technologies,Netherlands,Europe/Amsterdam,001-807-370-4605x687,Starter,Active,2019-06-12,2027-06-10,2026-06-19 06:28,English,Standard,,80.79,6338.25
CUST-00707,Ryan Chang,ryan.chang@lakegarychestergetaw.com,Lake Garychester Getaways,Netherlands,Europe/Amsterdam,+1-752-637-3415x17734,Professional,Active,2021-04-30,2027-04-29,2026-08-02 22:16,English,Priority,,805.02,52579.88
CUST-00708,Erin Cole,erin.cole@scottsystems.com,Scott Systems,India,Asia/Kolkata,690-622-8403x595,Professional,Active,2017-06-29,2027-06-27,2026-08-03 04:45,English,Priority,Elena Voss,1582.72,175983.1
CUST-00709,Brooke Walters,brooke.walters@alvarezsoftware.com,Alvarez Software,United States,America/Chicago,642.422.9464x303,Professional,Active,2019-07-08,2026-08-30,2026-07-10 21:54,English,Priority,Elena Voss,6098.42,536997.04
CUST-00710,Deanna Griffith,deanna.griffith@mcgeesoftware.com,Mcgee Software,Spain,Europe/Madrid,467.992.5298x58567,Professional,Active,2021-02-21,2027-02-20,2026-07-06 19:12,English,Priority,,296.78,18647.99
CUST-00711,Steven Smith,steven.smith@westjeffreyboroughho.com,West Jeffreyborough Hospitality Group,United States,America/Los_Angeles,224.591.3577,Professional,Active,2025-07-18,2026-08-12,2026-06-30 23:05,English,Priority,,657.34,8269.53
CUST-00712,Heidi Johnson,heidi.johnson@simshospitalitygroup.com,Sims Hospitality Group,Canada,America/Vancouver,681-448-8810x79833,Professional,Active,2019-06-13,2026-08-05,2026-07-08 01:24,French,Priority,,2516.42,201032.58
CUST-00713,Marilyn Sanchez,marilyn.sanchez@norrisjourneys.com,Norris Journeys,Canada,America/Vancouver,620.294.8413x128,Starter,Active,2021-02-04,2027-02-03,2026-07-12 11:49,French,Standard,,675.81,38163.71
CUST-00714,David Gill,david.gill@marshallsidelabs.com,Marshallside Labs,Japan,Asia/Tokyo,5513371717,Starter,Active,2022-12-10,2026-08-21,2026-07-07 06:21,English,Standard,,227.62,9390.81
CUST-00715,Cindy Freeman,cindy.freeman@newrussellvillehomea.com,New Russellville Home & Living,United States,America/Chicago,001-773-999-7046x9472,Starter,Active,2022-05-28,2027-05-27,2026-07-26 01:20,English,Standard,,74.38,3526.37
CUST-00716,Tiffany Evans,tiffany.evans@westjoshuagoodsco.com,West Joshua Goods Co.,France,Europe/Paris,+1-984-971-2705,Starter,Active,2019-05-04,2026-08-25,2026-07-18 18:36,English,Standard,,507.07,39707.1
CUST-00717,Austin Reynolds,austin.reynolds@torrescaresystems.com,Torres Care Systems,Netherlands,Europe/Amsterdam,958.323.1334x845,Starter,Active,2020-06-01,2027-05-31,2026-07-06 18:25,Dutch,Standard,,228.89,17403.99
CUST-00718,Tanya Clark,tanya.clark@westericmedical.com,West Eric Medical,Brazil,America/Sao_Paulo,001-962-629-2587x96434,Professional,Active,2022-08-20,2026-08-19,2026-06-28 11:29,English,Priority,,321.1,13548.51
CUST-00719,Eric Acosta,eric.acosta@calderonair.com,Calderon Air,Canada,America/Toronto,674-269-6606x06527,Starter,Active,2017-03-08,2027-03-06,2026-07-24 11:00,French,Standard,,158.12,17612.33
CUST-00720,Christina Bates,christina.bates@kennethstadpayments.com,Kennethstad Payments,Brazil,America/Sao_Paulo,9566658833,Professional,Active,2017-04-23,2027-04-21,2026-06-27 12:49,English,Priority,Nadia Farouk,7159.36,762438.08
CUST-00721,David Nguyen,david.nguyen@castillocloud.com,Castillo Cloud,Netherlands,Europe/Amsterdam,001-297-706-7349x9601,Enterprise,Active,2020-06-08,2027-06-07,2026-07-28 19:48,English,Premium 24/7,Marcus Webb,59068.13,4140352.63
CUST-00722,Jacob Mclean,jacob.mclean@rodriguezbank.com,Rodriguez Bank,United States,America/Chicago,(515)362-2949,Starter,Active,2024-09-16,2026-09-16,2026-08-01 15:02,English,Standard,Hana Sato,198.54,4407.34
CUST-00723,Garrett Payne,garrett.payne@guerrerosoftware.com,Guerrero Software,United States,America/Los_Angeles,+1-584-402-1557,Professional,Active,2024-03-26,2027-03-26,2026-07-25 16:24,English,Priority,,6517.84,158345.62
CUST-00724,Darren Cox,darren.cox@laketeresatravel.com,Lake Teresa Travel,Italy,Europe/Rome,249-702-1666x708,Professional,Active,2023-07-11,2027-07-10,2026-07-23 11:07,Italian,Priority,Grace Kim,6919.99,220100.7
CUST-00725,Jeffrey Johnson,jeffrey.johnson@gordongetaways.com,Gordon Getaways,United States,America/New_York,387-949-5119x18182,Professional,Active,2025-05-14,2027-05-14,2026-06-21 03:55,English,Priority,,1146.62,16549.09
CUST-00726,Wendy Walton,wendy.walton@meyersmouthtechnolog.com,Meyersmouth Technologies,Ireland,Europe/Dublin,625.212.9578x606,Professional,Active,2021-02-26,2027-02-25,2026-06-20 14:20,English,Priority,,1980.05,110585.56
CUST-00727,Jean Smith,jean.smith@morrislabs.com,Morris Labs,South Africa,Africa/Johannesburg,(743)495-8739,Professional,Active,2018-05-28,2027-05-26,2026-07-06 11:29,English,Priority,Ben Ashworth,8752.41,737251.68
CUST-00728,Charles Parker,charles.parker@garciatravel.com,Garcia Travel,France,Europe/Paris,+1-590-528-5155,Enterprise,Active,2017-06-06,2027-06-04,2026-07-10 20:47,English,Premium 24/7,Hana Sato,31131.58,3557018.26
CUST-00729,Christopher Ritter,christopher.ritter@eastkelseymarketplac.com,East Kelsey Marketplace,Ireland,Europe/Dublin,2279160736,Professional,Active,2021-12-17,2026-12-16,2026-07-04 22:51,English,Priority,,7309.63,420629.0
CUST-00730,Craig Wise,craig.wise@northtanyahavenbank.com,North Tanyahaven Bank,Ireland,Europe/Dublin,001-781-823-1795,Starter,Active,2019-03-24,2027-03-22,2026-07-15 06:01,English,Standard,,278.69,23866.86
CUST-00731,William Marsh,william.marsh@wardtravel.com,Ward Travel,Philippines,Asia/Manila,681-370-0666x155,Starter,Active,2016-08-04,2026-08-12,2026-07-27 14:37,English,Standard,,347.19,39346.19
CUST-00732,Ryan Turner,ryan.turner@keyoutfitters.com,Key Outfitters,Singapore,Asia/Singapore,467-204-5023,Starter,Active,2025-07-10,2027-07-10,2026-08-02 05:43,Mandarin,Standard,,109.21,1342.29
CUST-00733,Christopher Neal,christopher.neal@northcaitlynboroughc.com,North Caitlynborough Cloud,United States,America/Denver,001-345-496-2622x8225,Starter,Active,2023-06-11,2026-08-24,2026-07-17 21:29,English,Standard,,521.51,18100.94
CUST-00734,Damon Powell,damon.powell@reginaviewsoftware.com,Reginaview Software,Italy,Europe/Rome,+1-850-405-0702x608,Starter,Active,2020-06-04,2027-06-03,2026-07-13 19:54,Italian,Standard,,225.51,14537.28
CUST-00735,Adrian Prince,adrian.prince@southvanessavillecap.com,South Vanessaville Capital,Germany,Europe/Berlin,776.787.2904x7742,Enterprise,Cancelled,2024-04-28,2027-04-28,2024-10-08 23:28,English,Premium 24/7,Grace Kim,61468.91,294598.91
CUST-00736,Mary Davis,mary.davis@vasquezsystems.com,Vasquez Systems,Spain,Europe/Madrid,001-332-838-2231,Enterprise,Active,2019-02-23,2027-02-21,2026-07-18 20:11,Spanish,Premium 24/7,Hana Sato,71629.01,6680172.38
CUST-00737,Lucas Wright,lucas.wright@jackportfinancial.com,Jackport Financial,Italy,Europe/Rome,879-288-9425x65290,Starter,Active,2016-12-19,2026-08-29,2026-06-20 10:39,Italian,Standard,,606.27,60745.76
CUST-00738,Veronica Smith,veronica.smith@portlauraburghhomean.com,Port Lauraburgh Home & Living,Netherlands,Europe/Amsterdam,(650)997-7539x6737,Professional,Active,2019-06-29,2027-06-27,2026-07-04 05:30,Dutch,Priority,,4472.59,325946.18
CUST-00739,Douglas Mack,douglas.mack@bradshawsystems.com,Bradshaw Systems,Japan,Asia/Tokyo,224-457-8715x84156,Professional,Cancelled,2019-02-16,2026-08-08,2020-10-27 01:27,Japanese,Priority,,1212.12,21076.52
CUST-00740,William Greer,william.greer@newjenniferbergcloud.com,New Jenniferberg Cloud,Mexico,America/Mexico_City,(547)268-1826x832,Professional,Active,2024-07-07,2026-08-26,2026-06-26 22:49,Spanish,Priority,,1182.03,27292.22
CUST-00741,Patrick Fox,patrick.fox@chanoutfitters.com,Chan Outfitters,South Africa,Africa/Johannesburg,001-488-708-5838,Enterprise,Active,2025-01-11,2027-01-11,2026-07-05 18:48,English,Premium 24/7,Ben Ashworth,18939.2,346793.06
CUST-00742,Michael Reid,michael.reid@trevinopayments.com,Trevino Payments,United States,America/Chicago,628.896.3406,Starter,Active,2016-10-27,2026-08-06,2026-07-04 08:21,English,Standard,,363.18,42116.8
CUST-00743,Valerie English,valerie.english@mcdonaldgetaways.com,Mcdonald Getaways,Japan,Asia/Tokyo,(340)214-8439,Starter,Active,2015-09-29,2026-09-26,2026-07-12 22:18,English,Standard,Elena Voss,570.56,70147.12
CUST-00744,Brenda Castillo,brenda.castillo@portteresajourneys.com,Port Teresa Journeys,Sweden,Europe/Stockholm,362.566.9335,Professional,Active,2021-09-19,2026-08-24,2026-06-20 06:37,English,Priority,,469.06,27239.64
CUST-00745,Desiree Stafford,desiree.stafford@martinezwellness.com,Martinez Wellness,South Africa,Africa/Johannesburg,001-392-937-2450x1848,Enterprise,Cancelled,2018-08-28,2027-08-26,2019-03-10 10:35,English,Premium 24/7,Elena Voss,69055.66,373407.32
CUST-00746,Jeffrey Short,jeffrey.short@weaverjourneys.com,Weaver Journeys,United States,America/Denver,+1-472-915-4064x176,Starter,Active,2017-11-04,2026-11-02,2026-07-18 18:58,English,Standard,,541.32,56683.78
CUST-00747,Courtney Garcia,courtney.garcia@johnfortmarketplace.com,Johnfort Marketplace,Netherlands,Europe/Amsterdam,001-766-301-4448x564,Enterprise,Active,2021-04-01,2027-03-31,2026-06-24 01:28,Dutch,Premium 24/7,Dante Russo,36107.15,2049543.94
CUST-00748,Micheal Washington,micheal.washington@walkerchestercapital.com,Walkerchester Capital,Philippines,Asia/Manila,+1-341-378-9969x86091,Professional,Active,2021-02-14,2027-02-13,2026-07-01 23:53,English,Priority,Elena Voss,8174.93,477668.11
CUST-00749,Phillip Ward,phillip.ward@chambersclinical.com,Chambers Clinical,United Kingdom,Europe/London,+1-266-505-7798x066,Starter,Past Due,2016-04-22,2026-08-28,2026-07-01 15:07,English,Standard,,220.49,26318.3
CUST-00750,Allison Bautista,allison.bautista@westsamanthatowntech.com,West Samanthatown Technologies,India,Asia/Kolkata,001-474-555-5347x0574,Professional,Past Due,2017-08-30,2026-08-28,2026-07-30 06:37,Hindi,Priority,Aisha Bello,6912.67,701992.55
CUST-00751,Sharon Wong,sharon.wong@yanggetaways.com,Yang Getaways,Canada,America/Toronto,001-852-771-5598x35411,Starter,Active,2021-02-01,2027-01-31,2026-08-01 17:32,French,Standard,,173.32,11880.69
CUST-00752,Margaret Sherman,margaret.sherman@westmelissaoutfitter.com,West Melissa Outfitters,Australia,Australia/Sydney,655.475.2250x1394,Professional,Active,2019-03-04,2027-03-02,2026-07-08 03:59,English,Priority,,9445.24,746760.82
CUST-00753,Michael Gonzalez,michael.gonzalez@daviscapital.com,Davis Capital,United States,America/Los_Angeles,+1-364-725-8562x614,Starter,Active,2025-09-29,2026-09-29,2026-07-28 06:36,English,Standard,,250.49,2544.39
CUST-00754,Mrs. Amanda Kelley DDS,mrs..dds@hillmedical.com,Hill Medical,Canada,America/Toronto,933.933.7320x4309,Professional,Active,2024-07-06,2027-07-06,2026-07-05 15:59,French,Priority,,4952.79,113412.31
CUST-00755,Juan Carroll,juan.carroll@gutierrezhospitality.com,Gutierrez Hospitality Group,South Africa,Africa/Johannesburg,796.396.4546x55358,Professional,Active,2015-04-16,2026-08-16,2026-07-11 20:51,English,Priority,Aisha Bello,598.14,72192.71
CUST-00756,Brandy Heath,brandy.heath@portamandaair.com,Port Amanda Air,Mexico,America/Mexico_City,(718)578-5193,Starter,Active,2023-09-27,2026-09-26,2026-07-01 06:39,English,Standard,Marcus Webb,126.08,3941.87
CUST-00757,Kenneth Brown,kenneth.brown@crawfordchesterwelln.com,Crawfordchester Wellness,Australia,Australia/Sydney,420-387-8057,Enterprise,Trial,2026-07-29,2026-08-12,2026-08-02 18:24,English,Premium 24/7,Marcus Webb,0.0,0.0
CUST-00758,Ana Higgins,ana.higgins@hudsoncaresystems.com,Hudson Care Systems,Ireland,Europe/Dublin,001-509-876-2637x4845,Starter,Active,2016-10-27,2026-08-06,2026-06-28 04:37,English,Standard,,488.8,51481.3
CUST-00759,Joshua Maldonado,joshua.maldonado@michelletoncaresyste.com,Michelleton Care Systems,Japan,Asia/Tokyo,001-459-411-9186x233,Professional,Active,2018-04-24,2026-08-10,2026-08-03 23:20,English,Priority,Liam O'Sullivan,3397.1,318255.65
CUST-00760,Timothy Chandler,timothy.chandler@riveraair.com,Rivera Air,Sweden,Europe/Stockholm,469-366-6725,Enterprise,Active,2015-09-06,2027-09-03,2026-07-14 15:51,Swedish,Premium 24/7,Grace Kim,11516.15,1435212.54
CUST-00761,Christopher Jordan,christopher.jordan@victorburghwellness.com,Victorburgh Wellness,United States,America/New_York,263-235-1571x840,Enterprise,Past Due,2022-07-01,2028-06-29,2026-07-29 02:47,English,Premium 24/7,Tomas Novak,16445.32,811533.13
CUST-00762,Anna Smith,anna.smith@northmarkportwealth.com,North Markport Wealth,Singapore,Asia/Singapore,4995512397,Starter,Cancelled,2019-06-11,2026-08-03,2020-03-20 17:17,Mandarin,Standard,,618.15,5406.76
CUST-00763,Anne Vega,anne.vega@mooresoftware.com,Moore Software,United Arab Emirates,Asia/Dubai,(392)672-8270x908,Starter,Active,2023-11-28,2026-11-27,2026-07-16 04:16,Arabic,Standard,,346.6,10932.33
CUST-00764,Ashley Vega,ashley.vega@northtylercaresystem.com,North Tyler Care Systems,Canada,America/Vancouver,+1-529-757-8671x815,Professional,Active,2019-05-26,2027-05-24,2026-06-25 00:34,English,Priority,,8562.74,637877.75
CUST-00765,Tyler Henry,tyler.henry@bauercapital.com,Bauer Capital,France,Europe/Paris,8505791815,Starter,Cancelled,2020-05-21,2027-05-20,2020-09-10 10:42,French,Standard,,233.12,805.72
CUST-00766,Chad Gallagher,chad.gallagher@sherylchestercapital.com,Sherylchester Capital,Spain,Europe/Madrid,(666)917-0715x8796,Professional,Active,2019-02-02,2027-01-31,2026-07-22 03:10,Spanish,Priority,,8497.97,704503.64
CUST-00767,Patricia Townsend DDS,patricia.dds@roselabs.com,Rose Labs,France,Europe/Paris,2312499825,Starter,Active,2025-11-18,2026-11-18,2026-07-18 00:00,English,Standard,,432.12,3174.09
CUST-00768,Eric Lopez,eric.lopez@brandttravel.com,Brandt Travel,Netherlands,Europe/Amsterdam,3689828503,Professional,Active,2017-01-20,2026-08-31,2026-07-19 00:17,English,Priority,,3908.85,380779.84
CUST-00769,Stephanie Joseph,stephanie.joseph@lakejamesboroughcapi.com,Lake Jamesborough Capital,Australia,Australia/Melbourne,001-590-706-3140,Professional,Active,2019-11-13,2026-11-11,2026-07-28 13:52,English,Priority,,3337.3,280630.24
CUST-00770,Dr. Samantha Watson,dr..watson@williamsbergbank.com,Williamsberg Bank,South Africa,Africa/Johannesburg,+1-839-846-9434x606,Starter,Active,2026-04-27,2027-04-27,2026-07-12 08:39,English,Standard,,76.97,252.08
CUST-00771,Steven Montoya,steven.montoya@freemanpayments.com,Freeman Payments,United States,America/Chicago,+1-306-407-2311x127,Starter,Active,2018-12-20,2026-12-18,2026-07-03 02:26,English,Standard,,473.8,40401.39
CUST-00772,Carol Singh,carol.singh@mitchellportlabs.com,Mitchellport Labs,Singapore,Asia/Singapore,294-911-6318x7328,Professional,Active,2025-11-04,2026-08-31,2026-06-27 10:42,Mandarin,Priority,Nadia Farouk,1788.98,15922.78
CUST-00773,Brian Johnson,brian.johnson@hughescapital.com,Hughes Capital,Japan,Asia/Tokyo,213-569-5727,Starter,Cancelled,2020-03-21,2026-08-17,2021-05-09 07:01,Japanese,Standard,,274.15,3652.16
CUST-00774,Misty Williams,misty.williams@eastmatthewviewcloud.com,East Matthewview Cloud,France,Europe/Paris,(357)530-6624,Professional,Past Due,2018-02-11,2027-02-09,2026-06-28 18:47,French,Priority,,6576.17,674326.99
CUST-00775,Cory Barrett,cory.barrett@johnsonmouthgoodsco.com,Johnsonmouth Goods Co.,Canada,America/Toronto,739-284-8228,Professional,Active,2024-01-23,2027-01-22,2026-07-19 11:12,French,Priority,,3619.34,98944.62
CUST-00776,Austin Holmes,austin.holmes@newjennifermouthoutf.com,New Jennifermouth Outfitters,Sweden,Europe/Stockholm,(302)513-0609x069,Professional,Active,2019-05-05,2026-08-26,2026-07-20 17:29,Swedish,Priority,,6043.09,474117.99
CUST-00777,Amanda Gardner,amanda.gardner@lakemadisonforthospi.com,Lake Madisonfort Hospitality Group,New Zealand,Pacific/Auckland,001-664-796-7379,Enterprise,Active,2020-04-03,2029-04-01,2026-08-03 09:08,English,Premium 24/7,Aisha Bello,49059.37,3900809.35
CUST-00778,Mallory Mendoza,mallory.mendoza@roachmedical.com,Roach Medical,United States,America/Denver,885.632.4264x250,Enterprise,Cancelled,2019-07-14,2027-07-12,2020-01-18 04:15,English,Premium 24/7,Tomas Novak,60635.8,376244.19
CUST-00779,Joe Page,joe.page@southdavidmedical.com,South David Medical,Netherlands,Europe/Amsterdam,+1-753-866-6777x6755,Enterprise,Active,2018-09-21,2027-09-19,2026-07-28 07:53,Dutch,Premium 24/7,Grace Kim,64693.04,5435026.05
CUST-00780,Joseph Sanchez,joseph.sanchez@marqueztechnologies.com,Marquez Technologies,United States,America/Chicago,001-539-857-8654,Professional,Active,2025-11-06,2026-11-06,2026-07-08 00:04,English,Priority,,4865.5,42854.47
CUST-00781,Brian Pearson,brian.pearson@rebeccachesterretail.com,Rebeccachester Retail,India,Asia/Kolkata,4339582686,Starter,Active,2018-10-03,2026-08-22,2026-07-30 13:25,English,Standard,,340.94,33400.03
CUST-00782,Daniel Bradley,daniel.bradley@jacksonpayments.com,Jackson Payments,Ireland,Europe/Dublin,001-792-269-3265x7327,Professional,Cancelled,2018-07-26,2027-07-24,2019-01-09 07:08,English,Priority,,7281.32,37456.29
CUST-00783,Rachel Miller,rachel.miller@smithclinical.com,Smith Clinical,United States,America/Los_Angeles,3517553234,Starter,Cancelled,2022-10-26,2026-10-25,2022-12-23 04:31,English,Standard,Ben Ashworth,500.26,838.33
CUST-00784,Emily Conway,emily.conway@alvarezburghhomeandl.com,Alvarezburgh Home & Living,United States,America/Los_Angeles,941-682-2261x8962,Professional,Active,2026-04-03,2027-04-03,2026-07-29 03:55,English,Priority,,5074.97,19730.43
CUST-00785,Stephanie Cherry,stephanie.cherry@southcoltontechnolog.com,South Colton Technologies,France,Europe/Paris,7269767209,Starter,Active,2026-01-19,2027-01-19,2026-07-26 13:42,English,Standard,,660.98,4112.86
CUST-00786,Catherine Shannon,catherine.shannon@pottsshirecloud.com,Pottsshire Cloud,Japan,Asia/Tokyo,(551)751-2294x621,Enterprise,Active,2017-07-31,2027-07-29,2026-07-25 03:07,Japanese,Premium 24/7,Connor Whitfield,72474.17,8071591.17
CUST-00787,Ricky Buchanan,ricky.buchanan@gomezsoftware.com,Gomez Software,Italy,Europe/Rome,909.796.2543x8480,Professional,Trial,2026-07-22,2026-08-05,2026-08-03 13:42,Italian,Priority,,0.0,0.0
CUST-00788,Amber Allen,amber.allen@josechesteroutfitter.com,Josechester Outfitters,France,Europe/Paris,804-571-5802x90904,Professional,Active,2020-11-05,2026-08-06,2026-07-11 07:17,English,Priority,,5404.51,390072.29
CUST-00789,Jamie Johnson,jamie.johnson@heidimouthcapital.com,Heidimouth Capital,Ireland,Europe/Dublin,(686)365-2548x374,Professional,Active,2024-02-29,2026-08-17,2026-07-20 02:21,English,Priority,,3744.18,99186.68
CUST-00790,Tamara Miller,tamara.miller@wademarketplace.com,Wade Marketplace,South Africa,Africa/Johannesburg,381-302-1312x51293,Professional,Active,2023-09-30,2026-08-15,2026-07-20 11:21,English,Priority,Elena Voss,2856.89,84896.85
CUST-00791,Adam Roman,adam.roman@eastbrandimouthgetaw.com,East Brandimouth Getaways,Japan,Asia/Tokyo,+1-851-591-0231x2110,Professional,Active,2019-02-25,2026-08-17,2026-07-01 02:05,English,Priority,Elena Voss,5746.28,476312.42
CUST-00792,Mitchell Hughes,mitchell.hughes@southlisaoutfitters.com,South Lisa Outfitters,Spain,Europe/Madrid,001-379-427-4907x280,Enterprise,Active,2020-03-15,2029-03-13,2026-06-28 21:17,Spanish,Premium 24/7,Liam O'Sullivan,32595.15,2612480.8
CUST-00793,Deborah Humphrey,deborah.humphrey@lakedavidpayments.com,Lake David Payments,United Kingdom,Europe/London,001-513-825-3269x49684,Starter,Active,2020-08-17,2026-08-16,2026-07-17 13:35,English,Standard,,511.19,35645.28
CUST-00794,Gregory Allen,gregory.allen@lakepamelaviewair.com,Lake Pamelaview Air,Spain,Europe/Madrid,321-701-7509x6170,Starter,Active,2020-06-04,2027-06-03,2026-08-02 04:20,Spanish,Standard,,517.52,40020.33
CUST-00795,Sydney Ward,sydney.ward@newjosemouthwellness.com,New Josemouth Wellness,New Zealand,Pacific/Auckland,457.257.4758x339,Starter,Trial,2026-07-23,2026-08-06,2026-07-31 07:29,English,Standard,,0.0,0.0
CUST-00796,Jennifer Hobbs,jennifer.hobbs@nguyencloud.com,Nguyen Cloud,Sweden,Europe/Stockholm,(877)772-2660x2562,Enterprise,Active,2025-03-21,2027-03-21,2026-07-19 22:09,Swedish,Premium 24/7,Nadia Farouk,28862.03,470186.65
CUST-00797,Rick Stanley,rick.stanley@eastbrittanytravel.com,East Brittany Travel,Japan,Asia/Tokyo,(531)206-7245,Professional,Active,2018-02-25,2026-08-12,2026-07-08 17:44,English,Priority,,9926.67,955784.48
CUST-00798,Christopher Gallegos PhD,christopher.phd@jeremyfortwealth.com,Jeremyfort Wealth,Italy,Europe/Rome,+1-676-462-7051x157,Professional,Past Due,2016-05-07,2027-05-05,2026-06-26 02:39,Italian,Priority,,3001.77,331753.01
CUST-00799,Tony Lara,tony.lara@butlercapital.com,Butler Capital,India,Asia/Kolkata,4426549691,Enterprise,Active,2022-08-09,2028-08-07,2026-08-02 21:24,Hindi,Premium 24/7,Hana Sato,76167.89,3709017.97
CUST-00800,James Barker,james.barker@andersonoutfitters.com,Anderson Outfitters,Canada,America/Toronto,001-771-507-5633,Professional,Past Due,2026-05-15,2027-05-15,2026-07-01 07:22,English,Priority,,1807.69,4006.87
CUST-00801,Stephanie Schultz,stephanie.schultz@wintershomeandliving.com,Winters Home & Living,India,Asia/Kolkata,548.559.5325x9399,Starter,Active,2015-06-12,2027-06-09,2026-06-20 18:36,Hindi,Standard,Elena Voss,244.64,31054.86
CUST-00802,John Smith MD,john.md@davisbank.com,Davis Bank,Singapore,Asia/Singapore,001-629-451-8779x41763,Professional,Active,2023-07-22,2026-08-05,2026-08-03 05:32,English,Priority,,6540.12,204010.2
CUST-00803,Richard Wells,richard.wells@lakeaaronoutfitters.com,Lake Aaron Outfitters,Singapore,Asia/Singapore,(597)382-4575x983,Starter,Active,2018-12-01,2026-11-29,2026-06-28 19:58,Mandarin,Standard,Nadia Farouk,563.18,52175.22
CUST-00804,Antonio Dyer,antonio.dyer@millshealth.com,Mills Health,United States,America/Los_Angeles,343.766.0443x24006,Starter,Active,2026-03-03,2027-03-03,2026-07-11 01:58,English,Standard,,660.92,3359.04
CUST-00805,Theodore Hernandez,theodore.hernandez@petersmouthhealth.com,Petersmouth Health,United States,America/Los_Angeles,001-251-347-4397x42925,Starter,Active,2024-01-02,2027-01-01,2026-07-09 04:28,English,Standard,,601.03,17446.79
CUST-00806,Gabriel Woods,gabriel.woods@thomassoftware.com,Thomas Software,United States,America/Denver,001-268-206-5625x9045,Starter,Active,2023-11-19,2026-08-05,2026-07-07 21:44,English,Standard,,99.76,2807.16
CUST-00807,Michelle Crawford,michelle.crawford@mcintoshclinical.com,Mcintosh Clinical,Japan,Asia/Tokyo,(721)382-3155,Starter,Active,2015-10-16,2026-10-13,2026-07-11 17:03,English,Standard,,536.68,66163.74
CUST-00808,Paul Vasquez,paul.vasquez@gardnergoodsco.com,Gardner Goods Co.,Mexico,America/Mexico_City,266.228.1372x14330,Enterprise,Past Due,2022-05-06,2027-05-05,2026-07-25 20:39,Spanish,Premium 24/7,Priya Natarajan,35035.17,1761222.68
CUST-00809,Melissa Mendoza,melissa.mendoza@eastkatherineberggoo.com,East Katherineberg Goods Co.,Germany,Europe/Berlin,(985)256-6084,Enterprise,Active,2019-02-18,2027-02-16,2026-06-21 04:09,German,Premium 24/7,Tomas Novak,62443.74,5776114.84
CUST-00810,Melissa Pierce,melissa.pierce@williamscaresystems.com,Williams Care Systems,Mexico,America/Mexico_City,001-703-439-7051,Enterprise,Active,2021-04-11,2027-04-10,2026-07-13 08:53,Spanish,Premium 24/7,Liam O'Sullivan,31810.58,1976269.99
CUST-00811,Christian Smith,christian.smith@burtonmarketplace.com,Burton Marketplace,Spain,Europe/Madrid,+1-544-785-8623x945,Professional,Active,2017-09-23,2026-08-07,2026-07-20 02:11,English,Priority,,4786.21,505094.55
CUST-00812,Jenna Santos,jenna.santos@johnsonhaventechnolo.com,Johnsonhaven Technologies,Brazil,America/Sao_Paulo,001-663-721-0613x39439,Starter,Active,2017-08-05,2026-08-18,2026-07-01 02:35,English,Standard,,550.58,56060.24
CUST-00813,Matthew Hall,matthew.hall@zamoragoodsco.com,Zamora Goods Co.,United States,America/Los_Angeles,738-904-0325x376,Starter,Active,2016-09-03,2026-08-12,2026-07-17 23:09,English,Standard,,109.26,12353.2
CUST-00814,Miss Carmen Vasquez,miss.vasquez@hoffmanbank.com,Hoffman Bank,Canada,America/Vancouver,931-891-0090x0404,Starter,Active,2020-10-14,2026-10-13,2026-07-30 01:25,French,Standard,,318.34,19825.24
CUST-00815,Tonya Davis,tonya.davis@jasonboroughbank.com,Jasonborough Bank,Philippines,Asia/Manila,(351)246-0401x42473,Starter,Past Due,2016-09-19,2026-09-17,2026-07-24 05:09,English,Standard,,583.82,65915.82
CUST-00816,Tara Thompson,tara.thompson@northjennymouthmedic.com,North Jennymouth Medical,United States,America/New_York,001-584-340-9712,Starter,Active,2017-06-28,2027-06-26,2026-06-19 18:03,English,Standard,,169.71,18566.02
CUST-00817,James Johnson,james.johnson@reynoldsclinical.com,Reynolds Clinical,United States,America/Chicago,262.609.0144x734,Professional,Cancelled,2023-10-27,2026-08-12,2025-02-05 08:58,English,Priority,,6391.13,95623.44
CUST-00818,Chelsea Norris,chelsea.norris@lakebradleyshirepaym.com,Lake Bradleyshire Payments,Australia,Australia/Sydney,(787)730-4519x57782,Starter,Active,2019-01-27,2026-08-18,2026-07-12 23:01,English,Standard,,169.49,14240.79
CUST-00819,Kimberly Flores,kimberly.flores@fowlerpayments.com,Fowler Payments,Singapore,Asia/Singapore,(329)665-7542x78656,Professional,Active,2024-04-06,2027-04-06,2026-07-17 14:24,Mandarin,Priority,,5659.74,138216.7
CUST-00820,Faith Howard,faith.howard@owenscapital.com,Owens Capital,Australia,Australia/Melbourne,001-882-305-8295x82923,Starter,Active,2023-04-25,2026-08-07,2026-07-15 11:41,English,Standard,,184.46,6941.4
CUST-00821,Shirley Mooney,shirley.mooney@stephensgetaways.com,Stephens Getaways,Sweden,Europe/Stockholm,819.804.8235x71558,Starter,Active,2018-09-04,2026-08-23,2026-07-16 05:28,Swedish,Standard,,402.55,33791.3
CUST-00822,Gregory Russell,gregory.russell@eastdaniellemouthmed.com,East Daniellemouth Medical,South Africa,Africa/Johannesburg,(530)881-7214,Professional,Trial,2026-07-20,2026-08-03,2026-07-31 04:48,English,Priority,,0.0,0.0
CUST-00823,Daniel Little,daniel.little@lynnretail.com,Lynn Retail,United States,America/Chicago,300.604.1321,Starter,Past Due,2016-05-06,2027-05-04,2026-07-11 06:47,English,Standard,Aisha Bello,129.07,16363.21
CUST-00824,Bryan Duffy,bryan.duffy@stanleysystems.com,Stanley Systems,Japan,Asia/Tokyo,9942565346,Starter,Active,2018-09-30,2026-09-28,2026-07-23 19:26,Japanese,Standard,,606.0,59656.15
CUST-00825,Vanessa Porter,vanessa.porter@anthonyfortfinancial.com,Anthonyfort Financial,Brazil,America/Sao_Paulo,(981)669-9570x6071,Starter,Active,2016-01-17,2027-01-14,2026-07-13 15:10,Portuguese,Standard,,401.17,49063.81
CUST-00826,Angela Ramsey,angela.ramsey@southnoahmouthsoftwa.com,South Noahmouth Software,Canada,America/Toronto,897.305.4873,Enterprise,Active,2022-10-13,2026-10-12,2026-06-27 19:19,French,Premium 24/7,Elena Voss,19251.38,885652.52
CUST-00827,Carl Huffman,carl.huffman@normanbank.com,Norman Bank,Mexico,America/Mexico_City,971.482.7496x80491,Professional,Trial,2026-07-24,2026-08-07,2026-08-02 13:10,English,Priority,Dante Russo,0.0,0.0
CUST-00828,Elaine Martin,elaine.martin@robertsmarketplace.com,Roberts Marketplace,Australia,Australia/Melbourne,661-421-3773x06260,Starter,Active,2022-01-14,2026-08-21,2026-07-10 01:17,English,Standard,,347.83,16628.79
CUST-00829,Sean Silva,sean.silva@snyderhomeandliving.com,Snyder Home & Living,India,Asia/Kolkata,001-771-812-2299x077,Starter,Past Due,2023-09-08,2026-08-23,2026-07-06 22:24,Hindi,Standard,,537.09,18812.74
CUST-00830,Joseph Benson,joseph.benson@souththomasviewjourn.com,South Thomasview Journeys,Italy,Europe/Rome,(286)411-1457x68321,Professional,Active,2026-02-15,2027-02-15,2026-07-17 21:05,English,Priority,Marcus Webb,663.51,3703.13
CUST-00831,Cody Gonzalez,cody.gonzalez@kellerfinancial.com,Keller Financial,United States,America/Los_Angeles,+1-358-247-1296,Starter,Active,2020-06-23,2027-06-22,2026-06-19 23:51,English,Standard,Tomas Novak,123.91,8856.58
CUST-00832,Charles Anderson,charles.anderson@smithtontravel.com,Smithton Travel,Sweden,Europe/Stockholm,501.984.9804x25373,Starter,Active,2016-12-24,2026-08-04,2026-06-24 00:27,Swedish,Standard,,609.93,64250.96
CUST-00833,Daniel Thompson,daniel.thompson@eastelizabethhavenpa.com,East Elizabethhaven Payments,Australia,Australia/Melbourne,(717)581-9236,Professional,Active,2019-05-03,2026-08-24,2026-07-26 01:28,English,Priority,,1436.55,111163.33
CUST-00834,Jennifer Goodwin,jennifer.goodwin@portlukefurtclinical.com,Port Lukefurt Clinical,United States,America/Chicago,8354679327,Professional,Active,2016-11-10,2026-08-20,2026-07-03 05:25,English,Priority,,8571.76,893853.97
CUST-00835,Joseph Crawford,joseph.crawford@southcarolchesterjou.com,South Carolchester Journeys,Ireland,Europe/Dublin,981-720-5464,Professional,Cancelled,2020-10-21,2026-10-20,2020-10-30 01:10,English,Priority,,6564.99,1723.38
CUST-00836,Joseph Murphy,joseph.murphy@melissafortgetaways.com,Melissafort Getaways,United States,America/Denver,376.698.9992x75175,Enterprise,Active,2016-08-21,2026-08-19,2026-07-17 11:47,English,Premium 24/7,Connor Whitfield,48785.27,5518666.91
CUST-00837,Taylor Baxter,taylor.baxter@westsaracapital.com,West Sara Capital,Singapore,Asia/Singapore,539-435-4358x64496,Starter,Active,2025-08-03,2026-08-28,2026-07-14 14:55,Mandarin,Standard,,193.83,2148.87
CUST-00838,Melissa Lee,melissa.lee@parksbank.com,Parks Bank,United States,America/New_York,001-588-753-7982x143,Enterprise,Active,2023-05-13,2029-05-11,2026-06-30 04:37,English,Premium 24/7,Dante Russo,8679.97,316980.48
CUST-00839,Matthew Crawford,matthew.crawford@sanchezjourneys.com,Sanchez Journeys,Ireland,Europe/Dublin,849.278.5249x1416,Starter,Active,2021-05-22,2027-05-21,2026-07-20 13:27,English,Standard,,583.17,37899.58
CUST-00840,Robert Scott,robert.scott@gibsonsidehospitalit.com,Gibsonside Hospitality Group,United States,America/Denver,001-948-396-3406,Starter,Active,2026-03-31,2027-03-31,2026-07-08 20:10,English,Standard,,650.22,2575.43
CUST-00841,James Wilson,james.wilson@whitewealth.com,White Wealth,India,Asia/Kolkata,(500)214-1884x216,Professional,Trial,2026-08-01,2026-08-15,2026-08-01 14:23,Hindi,Priority,,0.0,0.0
CUST-00842,Lacey Smith,lacey.smith@tiffanyviewtechnolog.com,Tiffanyview Technologies,France,Europe/Paris,263-733-9994x8532,Professional,Active,2019-07-10,2026-09-01,2026-07-25 07:45,French,Priority,,4205.14,336437.77
CUST-00843,Carolyn Burch,carolyn.burch@harristowngetaways.com,Harristown Getaways,United States,America/New_York,(819)594-7113,Starter,Active,2022-05-17,2027-05-16,2026-07-27 23:17,English,Standard,,251.61,11508.12
CUST-00844,Leonard Mcclain,leonard.mcclain@lowerytravel.com,Lowery Travel,United States,America/Chicago,310-334-6996x733,Starter,Active,2023-02-24,2027-02-23,2026-07-06 10:31,English,Standard,,500.01,20865.12
CUST-00845,Jeremy Hernandez,jeremy.hernandez@beasleyclinical.com,Beasley Clinical,Canada,America/Vancouver,+1-960-884-3768x550,Professional,Active,2019-07-14,2027-07-12,2026-07-04 12:27,English,Priority,,3249.96,235165.8
CUST-00846,Lisa Watson,lisa.watson@warnersoftware.com,Warner Software,Philippines,Asia/Manila,+1-562-863-3556x434,Professional,Cancelled,2025-03-07,2027-03-07,2026-05-10 00:00,English,Priority,,7137.39,97072.89
CUST-00847,Julie Johnson,julie.johnson@mcconnellretail.com,Mcconnell Retail,France,Europe/Paris,217.906.9556,Starter,Active,2018-05-05,2026-08-21,2026-07-24 00:40,English,Standard,,373.35,35918.97
CUST-00848,Jeremy Coleman,jeremy.coleman@kimoutfitters.com,Kim Outfitters,United Arab Emirates,Asia/Dubai,(534)254-7223x989,Professional,Active,2016-05-31,2026-08-07,2026-07-20 02:59,Arabic,Priority,,1931.89,244739.57
CUST-00849,Holly Hodges,holly.hodges@lakeruthlandoutfitte.com,Lake Ruthland Outfitters,United Kingdom,Europe/London,+1-680-441-8472x426,Starter,Active,2016-09-20,2026-09-18,2026-07-22 13:41,English,Standard,,562.28,67410.44
CUST-00850,Eric Meyer,eric.meyer@portchristopherfinan.com,Port Christopher Financial,Sweden,Europe/Stockholm,2925487623,Professional,Active,2016-06-05,2027-06-03,2026-06-22 20:53,Swedish,Priority,,870.99,95171.91
CUST-00851,Angela Mejia,angela.mejia@adamswealth.com,Adams Wealth,United States,America/Chicago,(481)578-5228,Starter,Active,2024-01-15,2026-09-01,2026-07-20 00:42,English,Standard,,100.0,2618.91
CUST-00852,Erika Jackson,erika.jackson@nelsonwellness.com,Nelson Wellness,United Kingdom,Europe/London,4884062207,Professional,Active,2023-06-02,2026-08-15,2026-07-14 06:09,English,Priority,Ben Ashworth,4521.37,158940.59
CUST-00853,Lee Richardson,lee.richardson@stevenmouthcapital.com,Stevenmouth Capital,Spain,Europe/Madrid,(213)629-0162,Starter,Active,2020-12-31,2026-09-01,2026-07-17 00:28,English,Standard,,145.25,9840.6
CUST-00854,Robert Byrd,robert.byrd@piercefurtcapital.com,Piercefurt Capital,South Africa,Africa/Johannesburg,278.559.9648x62872,Professional,Active,2019-12-20,2026-12-18,2026-07-18 01:41,English,Priority,,4004.43,271780.42
CUST-00855,Zachary Wilkinson,zachary.wilkinson@newrebeccafurtcapita.com,New Rebeccafurt Capital,United States,America/New_York,(445)605-7303x6279,Starter,Cancelled,2023-11-17,2026-11-16,2024-09-21 05:18,English,Standard,,335.7,3340.33
CUST-00856,Charles Lester,charles.lester@mckeehomeandliving.com,Mckee Home & Living,United Kingdom,Europe/London,476-377-5372x603,Starter,Active,2016-04-13,2026-08-19,2026-07-08 14:24,English,Standard,,351.07,38545.45
CUST-00857,Anthony Marshall,anthony.marshall@hughestravel.com,Hughes Travel,Italy,Europe/Rome,+1-761-594-5887x0715,Professional,Active,2015-12-12,2026-12-09,2026-07-18 06:07,Italian,Priority,Liam O'Sullivan,2704.84,299452.91
CUST-00858,Jonathon Smith,jonathon.smith@eastjuliesidecloud.com,East Julieside Cloud,United Kingdom,Europe/London,900-783-8507x659,Starter,Active,2025-12-02,2026-08-29,2026-07-02 02:25,English,Standard,,470.92,3545.56
CUST-00859,Dominique Williams,dominique.williams@southkatherinecheste.com,South Katherinechester Home & Living,Canada,America/Toronto,001-580-389-8126x57422,Professional,Cancelled,2021-06-17,2026-08-20,2022-01-09 06:19,French,Priority,Dante Russo,4202.6,28644.3
CUST-00860,Desiree Robinson,desiree.robinson@westalexanderberghom.com,West Alexanderberg Home & Living,Philippines,Asia/Manila,669.536.2689,Starter,Cancelled,2026-02-13,2026-08-12,2026-02-16 00:00,English,Standard,,481.01,29.22
CUST-00861,Austin Trevino,austin.trevino@bakerclinical.com,Baker Clinical,Netherlands,Europe/Amsterdam,613.772.7117x5957,Professional,Active,2019-01-24,2027-01-22,2026-07-11 09:09,English,Priority,,6544.86,553030.39
CUST-00862,Erin Moore,erin.moore@flemingjourneys.com,Fleming Journeys,India,Asia/Kolkata,001-698-949-3306x745,Starter,Active,2018-11-05,2026-11-03,2026-07-29 04:38,Hindi,Standard,,226.04,20252.38
CUST-00863,Wendy Williams,wendy.williams@vargaspayments.com,Vargas Payments,New Zealand,Pacific/Auckland,712-883-3372x188,Starter,Active,2026-05-29,2027-05-29,2026-07-25 00:16,English,Standard,,661.17,1294.62
CUST-00864,Jennifer Rivera,jennifer.rivera@eastfranciscofortair.com,East Franciscofort Air,United States,America/Los_Angeles,+1-615-506-6626x70551,Starter,Active,2023-12-21,2026-12-20,2026-07-15 22:48,English,Standard,,604.17,19274.51
CUST-00865,Dr. Timothy Sanders,dr..sanders@southrussellfinancia.com,South Russell Financial,United Arab Emirates,Asia/Dubai,843.392.5295,Enterprise,Trial,2026-07-30,2026-08-13,2026-08-02 09:52,Arabic,Premium 24/7,Grace Kim,0.0,0.0
CUST-00866,Bradley Mclaughlin,bradley.mclaughlin@hernandezretail.com,Hernandez Retail,Canada,America/Vancouver,(371)220-0720x24559,Starter,Active,2016-10-05,2026-10-03,2026-06-26 13:22,French,Standard,,561.02,61337.1
CUST-00867,Eric Garcia,eric.garcia@northchristinaboroug.com,North Christinaborough Hospitality Group,Canada,America/Vancouver,(367)614-9498,Enterprise,Active,2016-02-07,2028-02-04,2026-07-09 11:01,French,Premium 24/7,Ben Ashworth,66313.66,7730486.13
CUST-00868,Joel Phelps,joel.phelps@lakekimberlymarketpl.com,Lake Kimberly Marketplace,Singapore,Asia/Singapore,617.693.4065x27758,Professional,Active,2026-02-27,2027-02-27,2026-07-20 02:30,Mandarin,Priority,,1519.32,7911.83
CUST-00869,Robin Butler,robin.butler@ariasmarketplace.com,Arias Marketplace,Philippines,Asia/Manila,353-937-2201x0912,Starter,Active,2025-09-08,2026-09-08,2026-08-03 14:13,English,Standard,,591.41,6516.28
CUST-00870,Nathan Campbell,nathan.campbell@cookhomeandliving.com,Cook Home & Living,United Arab Emirates,Asia/Dubai,493-876-6189x43705,Professional,Active,2023-11-13,2026-08-29,2026-07-05 18:07,English,Priority,,7092.89,204205.19
CUST-00871,Austin Johnson,austin.johnson@farrellcaresystems.com,Farrell Care Systems,Germany,Europe/Berlin,462-277-6572x565,Professional,Cancelled,2016-11-19,2026-11-17,2016-12-14 06:21,German,Priority,,947.71,668.52
CUST-00872,Carly King,carly.king@daviswellness.com,Davis Wellness,Mexico,America/Mexico_City,720-723-8974x32600,Starter,Active,2017-10-07,2026-10-05,2026-07-27 18:01,English,Standard,,653.75,68600.95
CUST-00873,Jacqueline Smith,jacqueline.smith@webbgetaways.com,Webb Getaways,Brazil,America/Sao_Paulo,833.225.8486x89993,Professional,Active,2024-08-19,2026-08-19,2026-07-31 11:30,English,Priority,,4535.41,108900.65
CUST-00874,Nathan Payne,nathan.payne@ryangoodsco.com,Ryan Goods Co.,United States,America/Los_Angeles,001-570-745-0691x76799,Starter,Active,2023-07-15,2027-07-14,2026-07-31 05:37,English,Standard,,100.64,3239.19
CUST-00875,Courtney Baker,courtney.baker@snowsoftware.com,Snow Software,United States,America/Chicago,2395464083,Professional,Active,2021-02-15,2027-02-14,2026-06-27 10:58,English,Priority,Dante Russo,3407.71,211094.0
CUST-00876,Joann Sanders,joann.sanders@jordangoodsco.com,Jordan Goods Co.,Canada,America/Vancouver,248-986-0849,Professional,Active,2016-10-01,2026-09-29,2026-07-21 04:55,English,Priority,,1447.3,153606.53
CUST-00877,Cindy Stanley MD,cindy.md@portjimmyfurttechnol.com,Port Jimmyfurt Technologies,United Arab Emirates,Asia/Dubai,+1-552-983-0615,Professional,Active,2024-11-05,2026-11-05,2026-07-14 00:12,English,Priority,,4059.79,74143.24
CUST-00878,Carlos Curry,carlos.curry@garyportwellness.com,Garyport Wellness,India,Asia/Kolkata,+1-346-426-3251x44881,Professional,Active,2021-08-12,2026-08-11,2026-07-27 00:26,English,Priority,,2764.48,141503.35
CUST-00879,Sarah Smith,sarah.smith@allentechnologies.com,Allen Technologies,Ireland,Europe/Dublin,001-642-317-5188x78179,Professional,Cancelled,2021-12-20,2026-12-19,2022-08-18 10:09,English,Priority,,1811.04,14922.09
CUST-00880,Brandon Thompson,brandon.thompson@newsierraclinical.com,New Sierra Clinical,Singapore,Asia/Singapore,001-709-211-2252x8837,Starter,Active,2021-03-31,2027-03-30,2026-07-09 10:58,English,Standard,,404.06,22994.79
CUST-00881,James Sherman,james.sherman@garciawellness.com,Garcia Wellness,France,Europe/Paris,763.723.9791x37876,Professional,Active,2019-05-21,2026-08-12,2026-08-02 09:12,English,Priority,,8686.42,757711.54
CUST-00882,Andrew Chavez,andrew.chavez@smithmedical.com,Smith Medical,Japan,Asia/Tokyo,(305)456-0571x219,Professional,Active,2020-09-13,2026-08-13,2026-07-10 05:56,English,Priority,,6486.98,414070.13
CUST-00883,Juan Arnold,juan.arnold@juarezcloud.com,Juarez Cloud,Japan,Asia/Tokyo,290-353-4864,Starter,Active,2017-12-14,2026-12-12,2026-07-14 00:04,Japanese,Standard,,315.03,30704.27
CUST-00884,Eric Maynard,eric.maynard@lakejonathancaresyst.com,Lake Jonathan Care Systems,Singapore,Asia/Singapore,(224)256-1851x7446,Starter,Active,2024-10-02,2026-10-02,2026-07-19 13:24,Mandarin,Standard,,196.92,4336.6
CUST-00885,Mrs. Michelle Kane,mrs..kane@velazquezretail.com,Velazquez Retail,United States,America/Chicago,+1-591-351-1455x129,Professional,Active,2017-04-24,2027-04-22,2026-06-21 21:36,English,Priority,,6249.49,691136.94
CUST-00886,Donald Skinner,donald.skinner@piercelabs.com,Pierce Labs,Germany,Europe/Berlin,+1-818-298-4841,Professional,Active,2021-02-22,2026-08-25,2026-06-28 00:35,English,Priority,,3181.44,210791.56
CUST-00887,Shawn Davis,shawn.davis@cookclinical.com,Cook Clinical,Canada,America/Vancouver,001-302-611-9017x0756,Starter,Active,2021-03-18,2027-03-17,2026-07-15 07:15,French,Standard,,228.71,13360.98
CUST-00888,Todd Jacobson,todd.jacobson@wrightbank.com,Wright Bank,United States,America/New_York,622-591-0732x28360,Professional,Trial,2026-08-01,2026-08-15,2026-08-02 22:28,English,Priority,,0.0,0.0
CUST-00889,David Jordan DDS,david.dds@leehavensoftware.com,Leehaven Software,United Arab Emirates,Asia/Dubai,652-969-6944x3916,Starter,Past Due,2026-03-09,2026-08-06,2026-07-10 10:01,English,Standard,,422.87,1970.03
CUST-00890,Brian Garza,brian.garza@hayleyshirefinancial.com,Hayleyshire Financial,Netherlands,Europe/Amsterdam,(391)832-0330,Professional,Active,2024-03-22,2027-03-22,2026-07-14 08:15,English,Priority,Hana Sato,8556.15,239493.09
CUST-00891,Daniel Chung,daniel.chung@andrewsfinancial.com,Andrews Financial,Japan,Asia/Tokyo,+1-731-806-1537x2215,Professional,Active,2022-11-26,2026-11-25,2026-07-16 23:28,English,Priority,,4191.27,167381.44
CUST-00892,Joseph Hill,joseph.hill@alvaradolabs.com,Alvarado Labs,Ireland,Europe/Dublin,+1-223-865-3377x4604,Professional,Active,2019-07-21,2027-07-19,2026-07-03 02:45,English,Priority,,8132.33,594261.57
CUST-00893,Antonio Small,antonio.small@brownlabs.com,Brown Labs,Ireland,Europe/Dublin,284.936.1424x426,Professional,Active,2019-05-02,2027-04-30,2026-07-22 02:14,English,Priority,,2951.77,242501.63
CUST-00894,Kendra Willis,kendra.willis@baileycapital.com,Bailey Capital,Italy,Europe/Rome,+1-237-534-7642x7372,Enterprise,Active,2016-11-21,2026-11-19,2026-07-23 03:49,English,Premium 24/7,Grace Kim,48491.09,4966999.88
CUST-00895,Janice Downs,janice.downs@arnoldfinancial.com,Arnold Financial,Canada,America/Toronto,+1-321-345-8414x8460,Starter,Active,2015-08-17,2026-08-19,2026-07-14 04:10,English,Standard,,176.47,22552.05
CUST-00896,Douglas Pacheco,douglas.pacheco@toddcaresystems.com,Todd Care Systems,Netherlands,Europe/Amsterdam,+1-789-298-2780x20586,Professional,Active,2020-09-23,2026-08-23,2026-06-21 02:24,Dutch,Priority,,7613.35,507161.51
CUST-00897,Mr. Nicholas Le,mr..le@kingviewcloud.com,Kingview Cloud,United Arab Emirates,Asia/Dubai,001-936-599-9516,Starter,Active,2023-02-06,2026-08-19,2026-07-14 08:33,English,Standard,,443.36,15895.15
CUST-00898,Erika Hodge,erika.hodge@thomasburycaresystem.com,Thomasbury Care Systems,United States,America/Denver,+1-457-536-8011,Starter,Past Due,2023-09-29,2026-09-28,2026-07-09 15:12,English,Standard,,638.29,20459.41
CUST-00899,Andrew Mcdonald,andrew.mcdonald@nicholsbank.com,Nichols Bank,Japan,Asia/Tokyo,001-211-887-2333x5104,Starter,Past Due,2025-01-03,2027-01-03,2026-08-03 14:23,Japanese,Standard,,460.77,7838.94
CUST-00900,Douglas Chapman,douglas.chapman@coleoutfitters.com,Cole Outfitters,United States,America/Chicago,515.239.1149,Starter,Past Due,2024-11-18,2026-11-18,2026-07-21 17:30,English,Standard,Liam O'Sullivan,128.81,2339.1
CUST-00901,Donald Jackson,donald.jackson@porttracyboroughfina.com,Port Tracyborough Financial,Australia,Australia/Melbourne,(451)218-9394x06557,Starter,Active,2021-03-17,2027-03-16,2026-07-29 16:23,English,Standard,,363.9,22118.55
CUST-00902,Veronica Armstrong,veronica.armstrong@contrerasair.com,Contreras Air,India,Asia/Kolkata,422.630.2333,Professional,Active,2024-12-29,2026-08-21,2026-06-21 21:49,English,Priority,Elena Voss,6021.84,114115.91
CUST-00903,Matthew Perez,matthew.perez@taylorjourneys.com,Taylor Journeys,South Africa,Africa/Johannesburg,835-246-2127,Enterprise,Active,2023-10-09,2026-10-08,2026-07-08 00:08,English,Premium 24/7,Hana Sato,50718.79,1729789.62
CUST-00904,Andrew Thompson,andrew.thompson@rodriguezburghcloud.com,Rodriguezburgh Cloud,United States,America/Chicago,712.961.6324,Enterprise,Active,2016-08-24,2028-08-21,2026-07-19 02:14,English,Premium 24/7,Elena Voss,74539.7,7697761.54
CUST-00905,Zachary Patel,zachary.patel@southrogergetaways.com,South Roger Getaways,Sweden,Europe/Stockholm,+1-974-354-9303x646,Starter,Active,2020-12-13,2026-12-12,2026-07-10 20:42,English,Standard,,657.83,44177.43
CUST-00906,Ashley Neal,ashley.neal@eastjilliansidegetaw.com,East Jillianside Getaways,Australia,Australia/Melbourne,587-469-2082,Starter,Trial,2026-07-25,2026-08-08,2026-07-29 15:46,English,Standard,,0.0,0.0
CUST-00907,Anthony Garrison,anthony.garrison@eastamberlandgoodsco.com,East Amberland Goods Co.,Ireland,Europe/Dublin,488-514-4582x20673,Professional,Active,2020-09-27,2026-09-26,2026-06-25 22:34,English,Priority,,6513.1,418553.97
CUST-00908,Ann Hernandez,ann.hernandez@jonessidecapital.com,Jonesside Capital,United States,America/Denver,257-224-5000,Enterprise,Active,2022-03-15,2028-03-13,2026-06-28 13:30,English,Premium 24/7,Connor Whitfield,31623.44,1492156.25
CUST-00909,Miranda Miller,miranda.miller@martincloud.com,Martin Cloud,Australia,Australia/Sydney,001-491-713-7178x5090,Starter,Active,2020-08-13,2026-08-12,2026-06-29 19:20,English,Standard,Marcus Webb,122.06,8719.51
CUST-00910,Michael Norton,michael.norton@gordonwellness.com,Gordon Wellness,United States,America/Chicago,344-421-8299x8747,Starter,Cancelled,2018-07-27,2027-07-25,2018-08-13 10:53,English,Standard,,121.01,69.51
CUST-00911,Phillip Mason,phillip.mason@westnicolastonretail.com,West Nicolaston Retail,France,Europe/Paris,767.600.9004x36551,Starter,Active,2015-03-02,2027-02-27,2026-07-14 15:06,English,Standard,,620.05,73435.35
CUST-00912,Jennifer Hart,jennifer.hart@youngjourneys.com,Young Journeys,India,Asia/Kolkata,(448)835-5054,Professional,Active,2017-04-26,2027-04-24,2026-07-07 01:25,Hindi,Priority,,8359.32,856837.18
CUST-00913,Kristen Williams,kristen.williams@brownboroughair.com,Brownborough Air,Australia,Australia/Melbourne,469.498.7950,Professional,Active,2020-06-08,2027-06-07,2026-07-04 14:09,English,Priority,,1264.55,81505.27
CUST-00914,Derek Williams,derek.williams@martinezlabs.com,Martinez Labs,United States,America/Los_Angeles,(548)518-8044x2877,Starter,Active,2022-05-04,2026-08-11,2026-07-16 13:07,English,Standard,Dante Russo,491.06,23090.27
CUST-00915,Phillip Rice,phillip.rice@brownbank.com,Brown Bank,Spain,Europe/Madrid,832-612-6942x894,Starter,Trial,2026-07-26,2026-08-09,2026-08-01 22:55,English,Standard,,0.0,0.0
CUST-00916,David Barnes,david.barnes@westjennifertechnolo.com,West Jennifer Technologies,Brazil,America/Sao_Paulo,763.614.4170x64625,Professional,Past Due,2019-04-16,2026-08-07,2026-07-05 13:05,English,Priority,Connor Whitfield,2334.71,179479.05
CUST-00917,Amanda Powell,amanda.powell@lakeemmawellness.com,Lake Emma Wellness,Australia,Australia/Melbourne,282-543-0176x46448,Enterprise,Active,2024-07-14,2028-07-13,2026-08-03 10:51,English,Premium 24/7,Connor Whitfield,2087.69,51590.83
CUST-00918,Isabella Hawkins,isabella.hawkins@masoncapital.com,Mason Capital,Australia,Australia/Melbourne,(645)227-9050,Professional,Trial,2026-07-25,2026-08-08,2026-08-03 19:59,English,Priority,,0.0,0.0
CUST-00919,Doris Harris MD,doris.md@bookerclinical.com,Booker Clinical,South Africa,Africa/Johannesburg,(338)949-5163x211,Enterprise,Active,2021-07-17,2027-07-16,2026-06-23 15:53,English,Premium 24/7,Liam O'Sullivan,71301.28,4463980.55
CUST-00920,Michelle Cobb,michelle.cobb@stephenspayments.com,Stephens Payments,Japan,Asia/Tokyo,+1-233-891-3732x653,Enterprise,Trial,2026-07-29,2026-08-12,2026-07-29 16:14,Japanese,Premium 24/7,Dante Russo,0.0,0.0
CUST-00921,Miranda Huber,miranda.huber@changmouthsoftware.com,Changmouth Software,United States,America/New_York,(317)786-8800x2300,Professional,Active,2024-07-05,2026-08-24,2026-07-29 09:49,English,Priority,,3686.16,88162.4
CUST-00922,Ashley Anderson,ashley.anderson@easthaleymouthgoodsc.com,East Haleymouth Goods Co.,United Arab Emirates,Asia/Dubai,774.449.1609x3659,Starter,Active,2019-02-19,2027-02-17,2026-08-01 13:05,English,Standard,,433.86,33972.34
CUST-00923,Angela Munoz,angela.munoz@portaliciashirejourn.com,Port Aliciashire Journeys,South Africa,Africa/Johannesburg,818-543-3687x5092,Professional,Active,2024-09-22,2026-09-22,2026-06-25 09:19,English,Priority,,2957.9,67339.01
CUST-00924,Nathan David,nathan.david@northjohnfinancial.com,North John Financial,United States,America/New_York,855-261-1404x288,Professional,Cancelled,2019-03-06,2027-03-04,2019-07-12 21:17,English,Priority,,5015.77,19430.38
CUST-00925,Lydia Strickland,lydia.strickland@rogersjourneys.com,Rogers Journeys,United States,America/Denver,266.560.8112x6003,Starter,Cancelled,2015-07-28,2026-08-29,2015-10-24 22:01,English,Standard,,666.85,1823.21
CUST-00926,James Lawson,james.lawson@meyerstravel.com,Meyers Travel,United Arab Emirates,Asia/Dubai,001-206-827-1531x23455,Starter,Active,2017-06-26,2026-08-08,2026-07-02 05:12,English,Standard,,608.36,69660.84
CUST-00927,Catherine Armstrong,catherine.armstrong@simsfortcloud.com,Simsfort Cloud,United Kingdom,Europe/London,(982)593-8440x13480,Starter,Active,2019-08-18,2026-08-16,2026-06-19 18:22,English,Standard,Connor Whitfield,590.95,49327.32
CUST-00928,David Roy,david.roy@durhamhospitalitygro.com,Durham Hospitality Group,United States,America/New_York,001-982-260-3359x1015,Professional,Active,2017-10-10,2026-10-08,2026-07-24 17:46,English,Priority,,858.08,88682.41
CUST-00929,Amber Richardson,amber.richardson@portkeithshiregetawa.com,Port Keithshire Getaways,United Kingdom,Europe/London,(807)849-2699,Starter,Trial,2026-07-31,2026-08-14,2026-08-02 12:09,English,Standard,,0.0,0.0
CUST-00930,Mary Greer,mary.greer@maytravel.com,May Travel,Australia,Australia/Melbourne,001-797-318-4285x96932,Professional,Active,2015-10-01,2026-09-28,2026-06-24 04:59,English,Priority,,1990.7,259775.09
CUST-00931,Raymond Clay,raymond.clay@eastpamelagoodsco.com,East Pamela Goods Co.,France,Europe/Paris,223-842-6698,Professional,Active,2016-04-06,2026-08-12,2026-07-24 17:58,French,Priority,,9873.47,1252252.63
CUST-00932,Allison Grant,allison.grant@southdaniellegetaway.com,South Danielle Getaways,Singapore,Asia/Singapore,760.772.3483x893,Starter,Active,2016-01-28,2026-08-03,2026-06-24 21:21,Mandarin,Standard,,170.41,22346.89
CUST-00933,Stephanie Meyer,stephanie.meyer@portloriportretail.com,Port Loriport Retail,Japan,Asia/Tokyo,2564129965,Starter,Trial,2026-07-24,2026-08-07,2026-08-01 07:05,English,Standard,,0.0,0.0
CUST-00934,Phillip Stephens,phillip.stephens@thomasretail.com,Thomas Retail,Brazil,America/Sao_Paulo,+1-841-386-9656x13087,Professional,Active,2020-07-06,2026-08-04,2026-07-06 18:50,Portuguese,Priority,,3629.03,235923.07
CUST-00935,Melissa Thomas,melissa.thomas@portallisonlabs.com,Port Allison Labs,Mexico,America/Mexico_City,001-551-643-4682,Starter,Active,2024-05-23,2027-05-23,2026-07-28 03:45,English,Standard,,582.74,16032.93
CUST-00936,Denise Nolan,denise.nolan@portsusanfortmedical.com,Port Susanfort Medical,Spain,Europe/Madrid,001-530-308-6966x10168,Professional,Active,2017-11-07,2026-11-05,2026-06-21 07:15,Spanish,Priority,,6027.32,564451.5
CUST-00937,Corey Salazar,corey.salazar@northsierrafurthealt.com,North Sierrafurt Health,United States,America/Los_Angeles,509.941.4915x07628,Professional,Trial,2026-07-26,2026-08-09,2026-07-28 04:46,English,Priority,Connor Whitfield,0.0,0.0
CUST-00938,Lori Williams,lori.williams@jeffreyviewhospitali.com,Jeffreyview Hospitality Group,Australia,Australia/Melbourne,807-877-9462x072,Professional,Active,2023-11-22,2026-08-08,2026-07-31 07:31,English,Priority,Hana Sato,995.0,30126.93
CUST-00939,Linda Cooper,linda.cooper@lakemoniquefortretai.com,Lake Moniquefort Retail,Canada,America/Toronto,(502)599-1406x8841,Professional,Active,2017-08-21,2026-08-19,2026-06-30 13:49,English,Priority,,7827.98,790722.37
CUST-00940,David Pineda,david.pineda@bestpayments.com,Best Payments,Germany,Europe/Berlin,352-335-6178x17032,Professional,Trial,2026-07-26,2026-08-09,2026-07-28 00:49,German,Priority,,0.0,0.0
CUST-00941,April Rodriguez,april.rodriguez@christensenmedical.com,Christensen Medical,Singapore,Asia/Singapore,885.327.7895,Professional,Active,2017-05-18,2026-08-29,2026-07-08 23:25,English,Priority,,1868.07,187099.75
CUST-00942,Jermaine Vance,jermaine.vance@kurtshirewealth.com,Kurtshire Wealth,New Zealand,Pacific/Auckland,2293502648,Professional,Cancelled,2019-04-07,2026-08-28,2019-04-16 20:51,English,Priority,,308.67,80.99
CUST-00943,Dustin Brown,dustin.brown@hayeshospitalitygrou.com,Hayes Hospitality Group,South Africa,Africa/Johannesburg,+1-241-467-8127x78221,Professional,Active,2024-03-05,2026-08-22,2026-07-25 18:22,English,Priority,,3710.5,98144.17
CUST-00944,Sherry Shannon,sherry.shannon@northcourtneyhospita.com,North Courtney Hospitality Group,France,Europe/Paris,586-529-8579x736,Professional,Active,2024-10-28,2026-08-19,2026-06-25 18:57,French,Priority,,925.91,18237.73
CUST-00945,Sarah Thompson,sarah.thompson@rickymouthretail.com,Rickymouth Retail,South Africa,Africa/Johannesburg,397.907.9866,Enterprise,Active,2018-03-16,2028-03-13,2026-06-25 01:16,English,Premium 24/7,Tomas Novak,34739.8,3165290.57
CUST-00946,Antonio Valencia,antonio.valencia@crawfordlabs.com,Crawford Labs,Japan,Asia/Tokyo,(782)705-0682x1223,Enterprise,Active,2017-04-05,2029-04-02,2026-07-29 07:02,English,Premium 24/7,Ben Ashworth,33225.58,3648756.71
CUST-00947,Angelica Long,angelica.long@alexismouthmarketpla.com,Alexismouth Marketplace,Brazil,America/Sao_Paulo,+1-471-346-9218,Starter,Active,2022-07-31,2027-07-30,2026-07-03 18:17,Portuguese,Standard,,401.43,19306.27
CUST-00948,Mrs. Laura Novak,mrs..novak@newbrittanyviewfinan.com,New Brittanyview Financial,Singapore,Asia/Singapore,469.298.4802,Enterprise,Active,2021-05-02,2027-05-01,2026-06-21 23:11,English,Premium 24/7,Dante Russo,17997.46,1068427.15
CUST-00949,Rebecca Bean,rebecca.bean@lakemeaganlabs.com,Lake Meagan Labs,Mexico,America/Mexico_City,(694)784-2495x98811,Starter,Active,2019-09-28,2026-08-22,2026-07-08 21:27,Spanish,Standard,,210.95,14752.72
CUST-00950,Joshua Ellis,joshua.ellis@patrickhomeandliving.com,Patrick Home & Living,Netherlands,Europe/Amsterdam,8719523867,Professional,Active,2017-01-23,2027-01-21,2026-07-15 03:27,Dutch,Priority,,2760.12,300874.31
CUST-00951,Randy Douglas,randy.douglas@newshannonfurtclinic.com,New Shannonfurt Clinical,Singapore,Asia/Singapore,001-819-917-7987x68299,Enterprise,Cancelled,2025-04-28,2028-04-27,2026-02-12 12:21,English,Premium 24/7,Tomas Novak,42980.29,369361.18
CUST-00952,Brittany Flowers,brittany.flowers@floresgoodsco.com,Flores Goods Co.,Canada,America/Vancouver,001-437-508-5806,Starter,Active,2017-03-15,2026-08-25,2026-06-27 01:14,English,Standard,,428.2,46574.99
CUST-00953,Michael Ware,michael.ware@karlafurtfinancial.com,Karlafurt Financial,South Africa,Africa/Johannesburg,(795)679-0012x4825,Professional,Active,2017-12-30,2026-12-28,2026-07-27 17:56,English,Priority,,8200.81,807117.74
CUST-00954,Timothy Long,timothy.long@watkinsair.com,Watkins Air,United States,America/Denver,625.894.2328,Starter,Active,2024-10-02,2026-08-23,2026-06-27 07:44,English,Standard,,576.66,11842.56
CUST-00955,Courtney Shepard,courtney.shepard@westrichardviewhealt.com,West Richardview Health,Philippines,Asia/Manila,452-485-7256,Starter,Active,2021-05-11,2027-05-10,2026-06-19 00:49,English,Standard,Ben Ashworth,73.25,4056.23
CUST-00956,Kevin Oneill,kevin.oneill@walkerhealth.com,Walker Health,South Africa,Africa/Johannesburg,695.813.8186x55078,Starter,Cancelled,2017-05-13,2026-08-24,2018-05-28 16:40,English,Standard,,357.9,4398.33
CUST-00957,Kristin Smith,kristin.smith@katelynportcaresyste.com,Katelynport Care Systems,New Zealand,Pacific/Auckland,930-434-9189x117,Starter,Active,2018-06-24,2027-06-22,2026-07-19 09:31,English,Standard,,318.08,31177.77
CUST-00958,Joseph Bush,joseph.bush@perkinssystems.com,Perkins Systems,France,Europe/Paris,701-753-6415x471,Starter,Active,2016-04-04,2027-04-02,2026-07-04 12:22,English,Standard,,482.13,52573.85
CUST-00959,Daniel Thompson,daniel.thompson@harveyhealth.com,Harvey Health,Spain,Europe/Madrid,267.281.3675,Starter,Active,2020-04-09,2026-08-06,2026-07-12 09:52,Spanish,Standard,,414.72,30176.64
CUST-00960,Deborah Bradford,deborah.bradford@terrysoftware.com,Terry Software,United States,America/Chicago,+1-914-210-5276x9819,Starter,Active,2025-06-24,2026-08-18,2026-06-20 19:49,English,Standard,,101.36,1156.11
CUST-00961,Sandy Todd,sandy.todd@westmichaelburytechn.com,West Michaelbury Technologies,United States,America/Los_Angeles,888.956.2258x66059,Starter,Active,2015-04-10,2026-08-10,2026-07-30 05:35,English,Standard,,265.78,33394.09
CUST-00962,Diana Huffman,diana.huffman@southjanicewealth.com,South Janice Wealth,United Arab Emirates,Asia/Dubai,654.385.9655x94282,Starter,Active,2016-08-18,2026-08-16,2026-08-01 09:46,Arabic,Standard,,628.99,74839.42
CUST-00963,Robin Patterson,robin.patterson@cookjourneys.com,Cook Journeys,Italy,Europe/Rome,(500)302-4539,Enterprise,Active,2018-02-02,2027-01-31,2026-07-16 06:06,English,Premium 24/7,Aisha Bello,11154.8,975809.5
CUST-00964,Bonnie Wiley,bonnie.wiley@warehospitalitygroup.com,Ware Hospitality Group,Spain,Europe/Madrid,255-513-0557,Enterprise,Active,2021-09-05,2026-09-04,2026-08-01 11:21,Spanish,Premium 24/7,Aisha Bello,30309.11,1841903.3
CUST-00965,Jessica Rojas,jessica.rojas@flemingmarketplace.com,Fleming Marketplace,United States,America/New_York,544-888-9669x9727,Starter,Active,2021-09-05,2026-08-10,2026-07-22 16:58,English,Standard,,155.05,8773.79
CUST-00966,Mark Alexander,mark.alexander@dawnbergmedical.com,Dawnberg Medical,Australia,Australia/Melbourne,001-302-458-2543x1832,Starter,Active,2018-03-04,2026-08-19,2026-06-22 21:44,English,Standard,,652.69,69094.77
CUST-00967,Arthur Gonzalez,arthur.gonzalez@portdeannacapital.com,Port Deanna Capital,Germany,Europe/Berlin,+1-449-510-6018x3647,Starter,Active,2023-02-15,2027-02-14,2026-07-26 10:56,German,Standard,,280.34,11771.18
CUST-00968,Julie Johnson,julie.johnson@martinhomeandliving.com,Martin Home & Living,United States,America/Denver,668.917.2257x7545,Professional,Past Due,2017-12-08,2026-08-23,2026-07-01 07:37,English,Priority,,3404.29,309814.75
CUST-00969,Christopher Duncan,christopher.duncan@johnsonjourneys.com,Johnson Journeys,Philippines,Asia/Manila,(891)287-6831,Starter,Active,2016-11-19,2026-08-29,2026-07-21 15:48,English,Standard,Marcus Webb,489.66,58228.31
CUST-00970,Catherine Gonzales,catherine.gonzales@laketaylorlandclinic.com,Lake Taylorland Clinical,United Arab Emirates,Asia/Dubai,433.573.9920x522,Starter,Active,2015-10-04,2026-10-01,2026-07-15 03:35,Arabic,Standard,,543.81,63511.06
CUST-00971,Sierra Moses,sierra.moses@lloydshirehospitalit.com,Lloydshire Hospitality Group,Spain,Europe/Madrid,743-588-2325,Professional,Active,2017-11-05,2026-11-03,2026-06-19 19:43,Spanish,Priority,,5289.37,477883.83
CUST-00972,Savannah Fernandez,savannah.fernandez@angelaporthealth.com,Angelaport Health,Germany,Europe/Berlin,761-677-7326x430,Enterprise,Active,2021-08-05,2026-08-04,2026-07-14 16:30,English,Premium 24/7,Priya Natarajan,49844.1,3132501.48
CUST-00973,Laura Benton,laura.benton@carrvillecapital.com,Carrville Capital,Canada,America/Vancouver,(979)397-0292,Professional,Active,2016-10-23,2026-10-21,2026-07-10 13:04,English,Priority,,906.3,108571.29
CUST-00974,Gary Estrada,gary.estrada@wolffortwealth.com,Wolffort Wealth,Germany,Europe/Berlin,001-313-475-2988x3220,Enterprise,Active,2023-05-23,2027-05-22,2026-07-04 15:59,English,Premium 24/7,Hana Sato,64690.87,2477003.46
CUST-00975,Jennifer Gibbs,jennifer.gibbs@newjacobtonretail.com,New Jacobton Retail,Australia,Australia/Melbourne,9487797888,Starter,Trial,2026-07-25,2026-08-08,2026-07-28 11:24,English,Standard,Marcus Webb,0.0,0.0
CUST-00976,Melissa Bowen,melissa.bowen@johnssoftware.com,Johns Software,Mexico,America/Mexico_City,+1-885-323-8600x30443,Professional,Active,2019-02-05,2026-08-27,2026-07-11 01:52,English,Priority,,3116.48,244102.0
CUST-00977,Sarah Berry,sarah.berry@southcarlburghsystem.com,South Carlburgh Systems,Philippines,Asia/Manila,291.302.9295,Professional,Active,2019-11-22,2026-11-20,2026-06-21 03:15,English,Priority,Priya Natarajan,9630.89,778250.88
CUST-00978,John Valdez,john.valdez@mossjourneys.com,Moss Journeys,France,Europe/Paris,509.930.9671,Professional,Active,2018-03-23,2027-03-21,2026-07-30 11:39,French,Priority,,6070.83,602251.69
CUST-00979,Walter Thomas,walter.thomas@williamshomeandlivin.com,Williams Home & Living,India,Asia/Kolkata,(421)232-1767,Professional,Active,2021-08-26,2026-08-25,2026-06-20 22:28,Hindi,Priority,,2850.08,163586.1
CUST-00980,Raymond Nunez,raymond.nunez@northpatrickvillewel.com,North Patrickville Wellness,Japan,Asia/Tokyo,(920)519-0725,Professional,Active,2021-10-23,2026-08-28,2026-07-27 23:46,English,Priority,,8161.0,447487.76
CUST-00981,Marcus Blair,marcus.blair@westashleychesterwel.com,West Ashleychester Wellness,Netherlands,Europe/Amsterdam,(353)380-2748x1242,Professional,Active,2017-06-21,2026-08-03,2026-07-08 18:39,Dutch,Priority,Dante Russo,1842.86,202762.85
CUST-00982,Richard Vega,richard.vega@westmichellejourneys.com,West Michelle Journeys,United Kingdom,Europe/London,001-552-729-4620,Starter,Active,2016-05-22,2026-08-28,2026-07-24 15:09,English,Standard,,472.92,60429.37
CUST-00983,Hannah James PhD,hannah.phd@portsarahshirelabs.com,Port Sarahshire Labs,United States,America/New_York,+1-552-897-0137x124,Starter,Cancelled,2020-04-11,2027-04-10,2022-02-19 12:36,English,Standard,Grace Kim,191.0,4093.53
CUST-00984,Krista Fernandez,krista.fernandez@parkerbergtravel.com,Parkerberg Travel,United States,America/New_York,804.312.0270,Enterprise,Past Due,2017-10-21,2026-10-19,2026-07-16 10:01,English,Premium 24/7,Hana Sato,77629.52,7842500.76
CUST-00985,Christopher Hall,christopher.hall@simpsontechnologies.com,Simpson Technologies,United States,America/Chicago,2298907166,Professional,Active,2022-11-22,2026-11-21,2026-07-02 00:35,English,Priority,,1932.24,84528.77
CUST-00986,Cameron Campbell,cameron.campbell@santoswealth.com,Santos Wealth,United States,America/Chicago,555-242-0340,Starter,Cancelled,2017-11-09,2026-11-07,2018-06-02 02:02,English,Standard,,298.43,1716.22
CUST-00987,Luis Velez,luis.velez@fryeshirepayments.com,Fryeshire Payments,United States,America/New_York,001-475-564-9157x95546,Starter,Active,2024-11-25,2026-08-17,2026-07-13 02:03,English,Standard,,397.79,6951.94
CUST-00988,Ryan Taylor,ryan.taylor@patrickwealth.com,Patrick Wealth,Mexico,America/Mexico_City,260.810.8018x103,Enterprise,Trial,2026-07-23,2026-08-06,2026-07-27 02:18,Spanish,Premium 24/7,Ben Ashworth,0.0,0.0
CUST-00989,Ashlee Ross,ashlee.ross@hineswealth.com,Hines Wealth,Italy,Europe/Rome,372-768-0808,Professional,Active,2024-05-20,2027-05-20,2026-07-12 07:40,English,Priority,,8013.15,205249.51
CUST-00990,Charles Johnson,charles.johnson@westjanetmouthfinanc.com,West Janetmouth Financial,Spain,Europe/Madrid,938-506-7130,Starter,Active,2024-03-16,2027-03-16,2026-06-27 11:01,Spanish,Standard,,497.25,14411.26
CUST-00991,Wayne Hess,wayne.hess@michaelhavengoodsco.com,Michaelhaven Goods Co.,Spain,Europe/Madrid,474-736-2130x096,Enterprise,Active,2021-01-26,2027-01-25,2026-07-23 08:04,Spanish,Premium 24/7,Dante Russo,23610.79,1355700.27
CUST-00992,Kelsey Kelly,kelsey.kelly@warnerviewair.com,Warnerview Air,United States,America/Chicago,603.818.0533x9627,Starter,Active,2024-02-29,2027-02-28,2026-06-24 14:00,English,Standard,,219.12,5515.15
CUST-00993,Jessica Hernandez,jessica.hernandez@gomezmarketplace.com,Gomez Marketplace,Canada,America/Toronto,883-827-0004,Professional,Active,2022-04-16,2027-04-15,2026-07-25 11:24,English,Priority,,6668.84,338093.0
CUST-00994,Eric Rivera,eric.rivera@portcarlosvilleair.com,Port Carlosville Air,Germany,Europe/Berlin,6795771400,Professional,Active,2022-05-29,2026-08-06,2026-07-07 16:02,German,Priority,,5307.53,238748.55
CUST-00995,Teresa Jones,teresa.jones@espinozatravel.com,Espinoza Travel,Canada,America/Vancouver,001-249-605-3152x04998,Professional,Cancelled,2025-07-20,2027-07-20,2025-10-16 04:54,English,Priority,,8777.56,24279.15
CUST-00996,Linda Crawford,linda.crawford@gainesgoodsco.com,Gaines Goods Co.,Canada,America/Toronto,+1-687-331-3797x166,Enterprise,Active,2022-10-16,2028-10-14,2026-08-01 19:28,English,Premium 24/7,Hana Sato,34382.61,1499563.61
CUST-00997,James Garcia,james.garcia@southjustinmedical.com,South Justin Medical,United States,America/Los_Angeles,8774943325,Enterprise,Active,2022-10-02,2028-09-30,2026-06-20 15:50,English,Premium 24/7,Hana Sato,97395.91,3914133.61
CUST-00998,Michael Robertson,michael.robertson@brandivillemarketpla.com,Brandiville Marketplace,Australia,Australia/Sydney,+1-970-414-2620x370,Professional,Past Due,2018-06-13,2026-08-30,2026-07-13 17:09,English,Priority,,2761.26,263080.01
CUST-00999,Jason Randall,jason.randall@lakelindaviewfinanci.com,Lake Lindaview Financial,France,Europe/Paris,981-435-9989,Professional,Active,2015-06-30,2026-08-31,2026-06-25 21:16,English,Priority,,1433.35,191518.78
CUST-01000,Angela Wallace,angela.wallace@johnsonhomeandliving.com,Johnson Home & Living,Canada,America/Toronto,+1-689-648-0186,Professional,Cancelled,2016-01-18,2027-01-15,2016-10-19 01:04,French,Priority,,615.09,4846.62
